product_id,warehouse_id,date,actual_demand,forecast_demand
P003,W02,2026-05-12,111,123
P003,W02,2026-05-13,126,123
P003,W02,2026-05-14,124,123
P003,W02,2026-05-15,129,123
P003,W02,2026-05-16,123,123
P003,W02,2026-05-17,108,123
P003,W02,2026-05-18,116,123
P003,W02,2026-05-19,145,123
P003,W02,2026-05-20,120,123
P003,W02,2026-05-21,140,123
P003,W02,2026-05-22,132,123
P003,W02,2026-05-23,109,123
P003,W02,2026-05-24,126,123
P003,W02,2026-05-25,119,123
P003,W02,2026-05-26,124,123
P003,W02,2026-05-27,104,123
P003,W02,2026-05-28,132,123
P003,W02,2026-05-29,127,123
P003,W02,2026-05-30,104,123
P003,W02,2026-05-31,104,123
P003,W02,2026-06-01,116,113
P003,W02,2026-06-02,133,113
P003,W02,2026-06-03,131,113
P003,W02,2026-06-04,114,113
P003,W02,2026-06-05,124,113
P003,W02,2026-06-06,115,113
P003,W02,2026-06-07,99,113
P003,W02,2026-06-08,100,113
P003,W02,2026-06-09,101,113
P003,W02,2026-06-10,129,113
P003,W02,2026-06-11,120,113
P003,W02,2026-06-12,129,113
P003,W02,2026-06-13,109,113
P003,W02,2026-06-14,117,113
P003,W02,2026-06-15,97,113
P003,W02,2026-06-16,115,113
P003,W02,2026-06-17,120,113
P003,W02,2026-06-18,124,113
P003,W02,2026-06-19,119,113
P003,W02,2026-06-20,112,113
P003,W02,2026-06-21,113,113
P003,W02,2026-06-22,106,113
P003,W02,2026-06-23,105,113
P003,W02,2026-06-24,93,113
P003,W02,2026-06-25,109,113
P003,W02,2026-06-26,135,113
P003,W02,2026-06-27,136,113
P003,W02,2026-06-28,101,113
P003,W02,2026-06-29,114,113
P003,W02,2026-06-30,127,113
P003,W02,2026-07-01,112,115
P003,W02,2026-07-02,138,115
P003,W02,2026-07-03,106,115
P003,W02,2026-07-04,134,115
P003,W02,2026-07-05,125,115
P003,W02,2026-07-06,94,115
P003,W02,2026-07-07,101,115
P003,W02,2026-07-08,128,115
P003,W02,2026-07-09,108,115
P003,W02,2026-07-10,91,115
P003,W02,2026-07-11,127,115
P003,W02,2026-07-12,108,115
P003,W02,2026-07-13,119,115
P003,W02,2026-07-14,108,115
P003,W02,2026-07-15,124,115
P003,W02,2026-07-16,124,115
P003,W02,2026-07-17,111,115
P003,W02,2026-07-18,104,115
P003,W02,2026-07-19,113,115
P003,W02,2026-07-20,100,115
P003,W02,2026-07-21,108,115
P003,W02,2026-07-22,137,115
P003,W02,2026-07-23,106,115
P003,W02,2026-07-24,107,115
P003,W02,2026-07-25,121,115
P003,W02,2026-07-26,95,115
P003,W02,2026-07-27,121,115
P003,W02,2026-07-28,132,115
P003,W02,2026-07-29,94,115
P003,W02,2026-07-30,95,115
P003,W02,2026-07-31,102,115
P003,W02,2026-08-01,104,117
P003,W02,2026-08-02,145,117
P003,W02,2026-08-03,128,117
P003,W02,2026-08-04,108,117
P003,W02,2026-08-05,134,117
P003,W02,2026-08-06,122,117
P003,W02,2026-08-07,116,117
P003,W02,2026-08-08,137,117
P003,W02,2026-08-09,112,117
P003,W02,2026-08-10,,117
P003,W02,2026-08-11,,117
P003,W02,2026-08-12,,117
P003,W02,2026-08-13,,117
P003,W02,2026-08-14,,117
P003,W02,2026-08-15,,117
P003,W02,2026-08-16,,117
P003,W02,2026-08-17,,117
P003,W02,2026-08-18,,117
P003,W02,2026-08-19,,117
P003,W02,2026-08-20,,117
P003,W02,2026-08-21,,117
P003,W02,2026-08-22,,117
P003,W02,2026-08-23,,117
P003,W02,2026-08-24,,117
P003,W02,2026-08-25,,117
P003,W02,2026-08-26,,117
P003,W02,2026-08-27,,117
P003,W02,2026-08-28,,117
P003,W02,2026-08-29,,117
P003,W02,2026-08-30,,117
P003,W02,2026-08-31,,117
P003,W02,2026-09-01,,119
P003,W02,2026-09-02,,119
P003,W02,2026-09-03,,119
P003,W02,2026-09-04,,119
P003,W02,2026-09-05,,119
P003,W02,2026-09-06,,119
P003,W02,2026-09-07,,119
P025,W03,2026-05-12,209,173
P025,W03,2026-05-13,171,173
P025,W03,2026-05-14,194,173
P025,W03,2026-05-15,191,173
P025,W03,2026-05-16,187,173
P025,W03,2026-05-17,211,173
P025,W03,2026-05-18,182,173
P025,W03,2026-05-19,202,173
P025,W03,2026-05-20,172,173
P025,W03,2026-05-21,195,173
P025,W03,2026-05-22,165,173
P025,W03,2026-05-23,178,173
P025,W03,2026-05-24,171,173
P025,W03,2026-05-25,143,173
P025,W03,2026-05-26,146,173
P025,W03,2026-05-27,154,173
P025,W03,2026-05-28,169,173
P025,W03,2026-05-29,178,173
P025,W03,2026-05-30,148,173
P025,W03,2026-05-31,186,173
P025,W03,2026-06-01,167,159
P025,W03,2026-06-02,135,159
P025,W03,2026-06-03,153,159
P025,W03,2026-06-04,179,159
P025,W03,2026-06-05,147,159
P025,W03,2026-06-06,157,159
P025,W03,2026-06-07,157,159
P025,W03,2026-06-08,141,159
P025,W03,2026-06-09,146,159
P025,W03,2026-06-10,161,159
P025,W03,2026-06-11,157,159
P025,W03,2026-06-12,156,159
P025,W03,2026-06-13,151,159
P025,W03,2026-06-14,165,159
P025,W03,2026-06-15,132,159
P025,W03,2026-06-16,169,159
P025,W03,2026-06-17,162,159
P025,W03,2026-06-18,131,159
P025,W03,2026-06-19,135,159
P025,W03,2026-06-20,144,159
P025,W03,2026-06-21,164,159
P025,W03,2026-06-22,165,159
P025,W03,2026-06-23,143,159
P025,W03,2026-06-24,143,159
P025,W03,2026-06-25,170,159
P025,W03,2026-06-26,143,159
P025,W03,2026-06-27,151,159
P025,W03,2026-06-28,150,159
P025,W03,2026-06-29,187,159
P025,W03,2026-06-30,175,159
P025,W03,2026-07-01,154,162
P025,W03,2026-07-02,154,162
P025,W03,2026-07-03,183,162
P025,W03,2026-07-04,176,162
P025,W03,2026-07-05,142,162
P025,W03,2026-07-06,196,162
P025,W03,2026-07-07,153,162
P025,W03,2026-07-08,155,162
P025,W03,2026-07-09,200,162
P025,W03,2026-07-10,175,162
P025,W03,2026-07-11,151,162
P025,W03,2026-07-12,154,162
P025,W03,2026-07-13,156,162
P025,W03,2026-07-14,186,162
P025,W03,2026-07-15,165,162
P025,W03,2026-07-16,140,162
P025,W03,2026-07-17,179,162
P025,W03,2026-07-18,177,162
P025,W03,2026-07-19,167,162
P025,W03,2026-07-20,165,162
P025,W03,2026-07-21,137,162
P025,W03,2026-07-22,162,162
P025,W03,2026-07-23,145,162
P025,W03,2026-07-24,147,162
P025,W03,2026-07-25,179,162
P025,W03,2026-07-26,142,162
P025,W03,2026-07-27,191,162
P025,W03,2026-07-28,155,162
P025,W03,2026-07-29,187,162
P025,W03,2026-07-30,192,162
P025,W03,2026-07-31,146,162
P025,W03,2026-08-01,134,165
P025,W03,2026-08-02,166,165
P025,W03,2026-08-03,131,165
P025,W03,2026-08-04,158,165
P025,W03,2026-08-05,153,165
P025,W03,2026-08-06,160,165
P025,W03,2026-08-07,154,165
P025,W03,2026-08-08,171,165
P025,W03,2026-08-09,140,165
P025,W03,2026-08-10,,165
P025,W03,2026-08-11,,165
P025,W03,2026-08-12,,165
P025,W03,2026-08-13,,165
P025,W03,2026-08-14,,165
P025,W03,2026-08-15,,165
P025,W03,2026-08-16,,165
P025,W03,2026-08-17,,165
P025,W03,2026-08-18,,165
P025,W03,2026-08-19,,165
P025,W03,2026-08-20,,165
P025,W03,2026-08-21,,165
P025,W03,2026-08-22,,165
P025,W03,2026-08-23,,165
P025,W03,2026-08-24,,165
P025,W03,2026-08-25,,165
P025,W03,2026-08-26,,165
P025,W03,2026-08-27,,165
P025,W03,2026-08-28,,165
P025,W03,2026-08-29,,165
P025,W03,2026-08-30,,165
P025,W03,2026-08-31,,165
P025,W03,2026-09-01,,167
P025,W03,2026-09-02,,167
P025,W03,2026-09-03,,167
P025,W03,2026-09-04,,167
P025,W03,2026-09-05,,167
P025,W03,2026-09-06,,167
P025,W03,2026-09-07,,167
P010,W05,2026-05-12,90,90
P010,W05,2026-05-13,76,90
P010,W05,2026-05-14,101,90
P010,W05,2026-05-15,90,90
P010,W05,2026-05-16,87,90
P010,W05,2026-05-17,100,90
P010,W05,2026-05-18,76,90
P010,W05,2026-05-19,97,90
P010,W05,2026-05-20,77,90
P010,W05,2026-05-21,91,90
P010,W05,2026-05-22,80,90
P010,W05,2026-05-23,85,90
P010,W05,2026-05-24,97,90
P010,W05,2026-05-25,99,90
P010,W05,2026-05-26,83,90
P010,W05,2026-05-27,88,90
P010,W05,2026-05-28,105,90
P010,W05,2026-05-29,77,90
P010,W05,2026-05-30,80,90
P010,W05,2026-05-31,83,90
P010,W05,2026-06-01,82,83
P010,W05,2026-06-02,71,83
P010,W05,2026-06-03,89,83
P010,W05,2026-06-04,73,83
P010,W05,2026-06-05,77,83
P010,W05,2026-06-06,87,83
P010,W05,2026-06-07,90,83
P010,W05,2026-06-08,79,83
P010,W05,2026-06-09,64,83
P010,W05,2026-06-10,86,83
P010,W05,2026-06-11,98,83
P010,W05,2026-06-12,92,83
P010,W05,2026-06-13,85,83
P010,W05,2026-06-14,74,83
P010,W05,2026-06-15,84,83
P010,W05,2026-06-16,79,83
P010,W05,2026-06-17,79,83
P010,W05,2026-06-18,88,83
P010,W05,2026-06-19,72,83
P010,W05,2026-06-20,82,83
P010,W05,2026-06-21,86,83
P010,W05,2026-06-22,88,83
P010,W05,2026-06-23,89,83
P010,W05,2026-06-24,89,83
P010,W05,2026-06-25,77,83
P010,W05,2026-06-26,82,83
P010,W05,2026-06-27,97,83
P010,W05,2026-06-28,94,83
P010,W05,2026-06-29,78,83
P010,W05,2026-06-30,89,83
P010,W05,2026-07-01,72,85
P010,W05,2026-07-02,84,85
P010,W05,2026-07-03,78,85
P010,W05,2026-07-04,81,85
P010,W05,2026-07-05,74,85
P010,W05,2026-07-06,85,85
P010,W05,2026-07-07,88,85
P010,W05,2026-07-08,82,85
P010,W05,2026-07-09,89,85
P010,W05,2026-07-10,90,85
P010,W05,2026-07-11,82,85
P010,W05,2026-07-12,73,85
P010,W05,2026-07-13,88,85
P010,W05,2026-07-14,75,85
P010,W05,2026-07-15,94,85
P010,W05,2026-07-16,95,85
P010,W05,2026-07-17,92,85
P010,W05,2026-07-18,87,85
P010,W05,2026-07-19,92,85
P010,W05,2026-07-20,80,85
P010,W05,2026-07-21,87,85
P010,W05,2026-07-22,76,85
P010,W05,2026-07-23,71,85
P010,W05,2026-07-24,82,85
P010,W05,2026-07-25,91,85
P010,W05,2026-07-26,83,85
P010,W05,2026-07-27,70,85
P010,W05,2026-07-28,87,85
P010,W05,2026-07-29,96,85
P010,W05,2026-07-30,94,85
P010,W05,2026-07-31,89,85
P010,W05,2026-08-01,82,86
P010,W05,2026-08-02,77,86
P010,W05,2026-08-03,80,86
P010,W05,2026-08-04,87,86
P010,W05,2026-08-05,86,86
P010,W05,2026-08-06,85,86
P010,W05,2026-08-07,75,86
P010,W05,2026-08-08,89,86
P010,W05,2026-08-09,78,86
P010,W05,2026-08-10,,86
P010,W05,2026-08-11,,86
P010,W05,2026-08-12,,86
P010,W05,2026-08-13,,86
P010,W05,2026-08-14,,86
P010,W05,2026-08-15,,86
P010,W05,2026-08-16,,86
P010,W05,2026-08-17,,86
P010,W05,2026-08-18,,86
P010,W05,2026-08-19,,86
P010,W05,2026-08-20,,86
P010,W05,2026-08-21,,86
P010,W05,2026-08-22,,86
P010,W05,2026-08-23,,86
P010,W05,2026-08-24,,86
P010,W05,2026-08-25,,86
P010,W05,2026-08-26,,86
P010,W05,2026-08-27,,86
P010,W05,2026-08-28,,86
P010,W05,2026-08-29,,86
P010,W05,2026-08-30,,86
P010,W05,2026-08-31,,86
P010,W05,2026-09-01,,87
P010,W05,2026-09-02,,87
P010,W05,2026-09-03,,87
P010,W05,2026-09-04,,87
P010,W05,2026-09-05,,87
P010,W05,2026-09-06,,87
P010,W05,2026-09-07,,87
P027,W03,2026-05-12,169,178
P027,W03,2026-05-13,172,178
P027,W03,2026-05-14,162,178
P027,W03,2026-05-15,188,178
P027,W03,2026-05-16,160,178
P027,W03,2026-05-17,165,178
P027,W03,2026-05-18,184,178
P027,W03,2026-05-19,177,178
P027,W03,2026-05-20,176,178
P027,W03,2026-05-21,184,178
P027,W03,2026-05-22,169,178
P027,W03,2026-05-23,175,178
P027,W03,2026-05-24,207,178
P027,W03,2026-05-25,166,178
P027,W03,2026-05-26,169,178
P027,W03,2026-05-27,153,178
P027,W03,2026-05-28,176,178
P027,W03,2026-05-29,171,178
P027,W03,2026-05-30,203,178
P027,W03,2026-05-31,188,178
P027,W03,2026-06-01,169,164
P027,W03,2026-06-02,134,164
P027,W03,2026-06-03,151,164
P027,W03,2026-06-04,162,164
P027,W03,2026-06-05,168,164
P027,W03,2026-06-06,142,164
P027,W03,2026-06-07,180,164
P027,W03,2026-06-08,179,164
P027,W03,2026-06-09,167,164
P027,W03,2026-06-10,156,164
P027,W03,2026-06-11,184,164
P027,W03,2026-06-12,143,164
P027,W03,2026-06-13,143,164
P027,W03,2026-06-14,175,164
P027,W03,2026-06-15,166,164
P027,W03,2026-06-16,137,164
P027,W03,2026-06-17,169,164
P027,W03,2026-06-18,156,164
P027,W03,2026-06-19,158,164
P027,W03,2026-06-20,166,164
P027,W03,2026-06-21,172,164
P027,W03,2026-06-22,167,164
P027,W03,2026-06-23,178,164
P027,W03,2026-06-24,164,164
P027,W03,2026-06-25,169,164
P027,W03,2026-06-26,144,164
P027,W03,2026-06-27,178,164
P027,W03,2026-06-28,187,164
P027,W03,2026-06-29,165,164
P027,W03,2026-06-30,168,164
P027,W03,2026-07-01,166,167
P027,W03,2026-07-02,167,167
P027,W03,2026-07-03,180,167
P027,W03,2026-07-04,145,167
P027,W03,2026-07-05,168,167
P027,W03,2026-07-06,158,167
P027,W03,2026-07-07,174,167
P027,W03,2026-07-08,194,167
P027,W03,2026-07-09,193,167
P027,W03,2026-07-10,184,167
P027,W03,2026-07-11,167,167
P027,W03,2026-07-12,180,167
P027,W03,2026-07-13,134,167
P027,W03,2026-07-14,177,167
P027,W03,2026-07-15,170,167
P027,W03,2026-07-16,162,167
P027,W03,2026-07-17,153,167
P027,W03,2026-07-18,190,167
P027,W03,2026-07-19,132,167
P027,W03,2026-07-20,180,167
P027,W03,2026-07-21,142,167
P027,W03,2026-07-22,185,167
P027,W03,2026-07-23,172,167
P027,W03,2026-07-24,156,167
P027,W03,2026-07-25,199,167
P027,W03,2026-07-26,151,167
P027,W03,2026-07-27,140,167
P027,W03,2026-07-28,177,167
P027,W03,2026-07-29,164,167
P027,W03,2026-07-30,151,167
P027,W03,2026-07-31,161,167
P027,W03,2026-08-01,135,169
P027,W03,2026-08-02,136,169
P027,W03,2026-08-03,171,169
P027,W03,2026-08-04,193,169
P027,W03,2026-08-05,183,169
P027,W03,2026-08-06,155,169
P027,W03,2026-08-07,178,169
P027,W03,2026-08-08,179,169
P027,W03,2026-08-09,166,169
P027,W03,2026-08-10,,169
P027,W03,2026-08-11,,169
P027,W03,2026-08-12,,169
P027,W03,2026-08-13,,169
P027,W03,2026-08-14,,169
P027,W03,2026-08-15,,169
P027,W03,2026-08-16,,169
P027,W03,2026-08-17,,169
P027,W03,2026-08-18,,169
P027,W03,2026-08-19,,169
P027,W03,2026-08-20,,169
P027,W03,2026-08-21,,169
P027,W03,2026-08-22,,169
P027,W03,2026-08-23,,169
P027,W03,2026-08-24,,169
P027,W03,2026-08-25,,169
P027,W03,2026-08-26,,169
P027,W03,2026-08-27,,169
P027,W03,2026-08-28,,169
P027,W03,2026-08-29,,169
P027,W03,2026-08-30,,169
P027,W03,2026-08-31,,169
P027,W03,2026-09-01,,172
P027,W03,2026-09-02,,172
P027,W03,2026-09-03,,172
P027,W03,2026-09-04,,172
P027,W03,2026-09-05,,172
P027,W03,2026-09-06,,172
P027,W03,2026-09-07,,172
P008,W01,2026-05-12,159,148
P008,W01,2026-05-13,148,148
P008,W01,2026-05-14,179,148
P008,W01,2026-05-15,157,148
P008,W01,2026-05-16,167,148
P008,W01,2026-05-17,140,148
P008,W01,2026-05-18,153,148
P008,W01,2026-05-19,162,148
P008,W01,2026-05-20,126,148
P008,W01,2026-05-21,167,148
P008,W01,2026-05-22,137,148
P008,W01,2026-05-23,146,148
P008,W01,2026-05-24,130,148
P008,W01,2026-05-25,173,148
P008,W01,2026-05-26,156,148
P008,W01,2026-05-27,143,148
P008,W01,2026-05-28,145,148
P008,W01,2026-05-29,141,148
P008,W01,2026-05-30,184,148
P008,W01,2026-05-31,151,148
P008,W01,2026-06-01,140,137
P008,W01,2026-06-02,135,137
P008,W01,2026-06-03,106,137
P008,W01,2026-06-04,150,137
P008,W01,2026-06-05,117,137
P008,W01,2026-06-06,141,137
P008,W01,2026-06-07,120,137
P008,W01,2026-06-08,128,137
P008,W01,2026-06-09,147,137
P008,W01,2026-06-10,130,137
P008,W01,2026-06-11,149,137
P008,W01,2026-06-12,170,137
P008,W01,2026-06-13,139,137
P008,W01,2026-06-14,122,137
P008,W01,2026-06-15,132,137
P008,W01,2026-06-16,125,137
P008,W01,2026-06-17,126,137
P008,W01,2026-06-18,157,137
P008,W01,2026-06-19,110,137
P008,W01,2026-06-20,129,137
P008,W01,2026-06-21,132,137
P008,W01,2026-06-22,140,137
P008,W01,2026-06-23,129,137
P008,W01,2026-06-24,127,137
P008,W01,2026-06-25,116,137
P008,W01,2026-06-26,139,137
P008,W01,2026-06-27,143,137
P008,W01,2026-06-28,123,137
P008,W01,2026-06-29,130,137
P008,W01,2026-06-30,118,137
P008,W01,2026-07-01,150,139
P008,W01,2026-07-02,159,139
P008,W01,2026-07-03,150,139
P008,W01,2026-07-04,136,139
P008,W01,2026-07-05,143,139
P008,W01,2026-07-06,116,139
P008,W01,2026-07-07,140,139
P008,W01,2026-07-08,136,139
P008,W01,2026-07-09,153,139
P008,W01,2026-07-10,122,139
P008,W01,2026-07-11,129,139
P008,W01,2026-07-12,172,139
P008,W01,2026-07-13,131,139
P008,W01,2026-07-14,121,139
P008,W01,2026-07-15,116,139
P008,W01,2026-07-16,133,139
P008,W01,2026-07-17,160,139
P008,W01,2026-07-18,115,139
P008,W01,2026-07-19,145,139
P008,W01,2026-07-20,151,139
P008,W01,2026-07-21,120,139
P008,W01,2026-07-22,141,139
P008,W01,2026-07-23,147,139
P008,W01,2026-07-24,135,139
P008,W01,2026-07-25,113,139
P008,W01,2026-07-26,134,139
P008,W01,2026-07-27,168,139
P008,W01,2026-07-28,145,139
P008,W01,2026-07-29,157,139
P008,W01,2026-07-30,149,139
P008,W01,2026-07-31,130,139
P008,W01,2026-08-01,123,141
P008,W01,2026-08-02,118,141
P008,W01,2026-08-03,146,141
P008,W01,2026-08-04,131,141
P008,W01,2026-08-05,114,141
P008,W01,2026-08-06,170,141
P008,W01,2026-08-07,155,141
P008,W01,2026-08-08,155,141
P008,W01,2026-08-09,118,141
P008,W01,2026-08-10,,141
P008,W01,2026-08-11,,141
P008,W01,2026-08-12,,141
P008,W01,2026-08-13,,141
P008,W01,2026-08-14,,141
P008,W01,2026-08-15,,141
P008,W01,2026-08-16,,141
P008,W01,2026-08-17,,141
P008,W01,2026-08-18,,141
P008,W01,2026-08-19,,141
P008,W01,2026-08-20,,141
P008,W01,2026-08-21,,141
P008,W01,2026-08-22,,141
P008,W01,2026-08-23,,141
P008,W01,2026-08-24,,141
P008,W01,2026-08-25,,141
P008,W01,2026-08-26,,141
P008,W01,2026-08-27,,141
P008,W01,2026-08-28,,141
P008,W01,2026-08-29,,141
P008,W01,2026-08-30,,141
P008,W01,2026-08-31,,141
P008,W01,2026-09-01,,143
P008,W01,2026-09-02,,143
P008,W01,2026-09-03,,143
P008,W01,2026-09-04,,143
P008,W01,2026-09-05,,143
P008,W01,2026-09-06,,143
P008,W01,2026-09-07,,143
P023,W02,2026-05-12,165,152
P023,W02,2026-05-13,162,152
P023,W02,2026-05-14,158,152
P023,W02,2026-05-15,135,152
P023,W02,2026-05-16,148,152
P023,W02,2026-05-17,173,152
P023,W02,2026-05-18,146,152
P023,W02,2026-05-19,165,152
P023,W02,2026-05-20,164,152
P023,W02,2026-05-21,178,152
P023,W02,2026-05-22,172,152
P023,W02,2026-05-23,154,152
P023,W02,2026-05-24,163,152
P023,W02,2026-05-25,148,152
P023,W02,2026-05-26,156,152
P023,W02,2026-05-27,146,152
P023,W02,2026-05-28,155,152
P023,W02,2026-05-29,177,152
P023,W02,2026-05-30,162,152
P023,W02,2026-05-31,141,152
P023,W02,2026-06-01,152,141
P023,W02,2026-06-02,119,141
P023,W02,2026-06-03,149,141
P023,W02,2026-06-04,127,141
P023,W02,2026-06-05,161,141
P023,W02,2026-06-06,139,141
P023,W02,2026-06-07,154,141
P023,W02,2026-06-08,123,141
P023,W02,2026-06-09,148,141
P023,W02,2026-06-10,159,141
P023,W02,2026-06-11,139,141
P023,W02,2026-06-12,135,141
P023,W02,2026-06-13,135,141
P023,W02,2026-06-14,147,141
P023,W02,2026-06-15,131,141
P023,W02,2026-06-16,142,141
P023,W02,2026-06-17,140,141
P023,W02,2026-06-18,132,141
P023,W02,2026-06-19,122,141
P023,W02,2026-06-20,134,141
P023,W02,2026-06-21,124,141
P023,W02,2026-06-22,148,141
P023,W02,2026-06-23,160,141
P023,W02,2026-06-24,139,141
P023,W02,2026-06-25,134,141
P023,W02,2026-06-26,161,141
P023,W02,2026-06-27,127,141
P023,W02,2026-06-28,132,141
P023,W02,2026-06-29,161,141
P023,W02,2026-06-30,146,141
P023,W02,2026-07-01,137,143
P023,W02,2026-07-02,113,143
P023,W02,2026-07-03,154,143
P023,W02,2026-07-04,144,143
P023,W02,2026-07-05,138,143
P023,W02,2026-07-06,129,143
P023,W02,2026-07-07,125,143
P023,W02,2026-07-08,160,143
P023,W02,2026-07-09,131,143
P023,W02,2026-07-10,141,143
P023,W02,2026-07-11,161,143
P023,W02,2026-07-12,115,143
P023,W02,2026-07-13,144,143
P023,W02,2026-07-14,124,143
P023,W02,2026-07-15,143,143
P023,W02,2026-07-16,134,143
P023,W02,2026-07-17,129,143
P023,W02,2026-07-18,160,143
P023,W02,2026-07-19,139,143
P023,W02,2026-07-20,142,143
P023,W02,2026-07-21,173,143
P023,W02,2026-07-22,148,143
P023,W02,2026-07-23,144,143
P023,W02,2026-07-24,150,143
P023,W02,2026-07-25,151,143
P023,W02,2026-07-26,120,143
P023,W02,2026-07-27,142,143
P023,W02,2026-07-28,156,143
P023,W02,2026-07-29,121,143
P023,W02,2026-07-30,137,143
P023,W02,2026-07-31,134,143
P023,W02,2026-08-01,124,145
P023,W02,2026-08-02,162,145
P023,W02,2026-08-03,129,145
P023,W02,2026-08-04,128,145
P023,W02,2026-08-05,133,145
P023,W02,2026-08-06,130,145
P023,W02,2026-08-07,142,145
P023,W02,2026-08-08,141,145
P023,W02,2026-08-09,154,145
P023,W02,2026-08-10,,145
P023,W02,2026-08-11,,145
P023,W02,2026-08-12,,145
P023,W02,2026-08-13,,145
P023,W02,2026-08-14,,145
P023,W02,2026-08-15,,145
P023,W02,2026-08-16,,145
P023,W02,2026-08-17,,145
P023,W02,2026-08-18,,145
P023,W02,2026-08-19,,145
P023,W02,2026-08-20,,145
P023,W02,2026-08-21,,145
P023,W02,2026-08-22,,145
P023,W02,2026-08-23,,145
P023,W02,2026-08-24,,145
P023,W02,2026-08-25,,145
P023,W02,2026-08-26,,145
P023,W02,2026-08-27,,145
P023,W02,2026-08-28,,145
P023,W02,2026-08-29,,145
P023,W02,2026-08-30,,145
P023,W02,2026-08-31,,145
P023,W02,2026-09-01,,148
P023,W02,2026-09-02,,148
P023,W02,2026-09-03,,148
P023,W02,2026-09-04,,148
P023,W02,2026-09-05,,148
P023,W02,2026-09-06,,148
P023,W02,2026-09-07,,148
P017,W01,2026-05-12,86,86
P017,W01,2026-05-13,70,86
P017,W01,2026-05-14,98,86
P017,W01,2026-05-15,79,86
P017,W01,2026-05-16,84,86
P017,W01,2026-05-17,76,86
P017,W01,2026-05-18,94,86
P017,W01,2026-05-19,74,86
P017,W01,2026-05-20,93,86
P017,W01,2026-05-21,92,86
P017,W01,2026-05-22,69,86
P017,W01,2026-05-23,82,86
P017,W01,2026-05-24,92,86
P017,W01,2026-05-25,104,86
P017,W01,2026-05-26,79,86
P017,W01,2026-05-27,85,86
P017,W01,2026-05-28,95,86
P017,W01,2026-05-29,93,86
P017,W01,2026-05-30,76,86
P017,W01,2026-05-31,95,86
P017,W01,2026-06-01,83,80
P017,W01,2026-06-02,81,80
P017,W01,2026-06-03,67,80
P017,W01,2026-06-04,87,80
P017,W01,2026-06-05,86,80
P017,W01,2026-06-06,80,80
P017,W01,2026-06-07,96,80
P017,W01,2026-06-08,82,80
P017,W01,2026-06-09,79,80
P017,W01,2026-06-10,78,80
P017,W01,2026-06-11,76,80
P017,W01,2026-06-12,78,80
P017,W01,2026-06-13,71,80
P017,W01,2026-06-14,82,80
P017,W01,2026-06-15,81,80
P017,W01,2026-06-16,73,80
P017,W01,2026-06-17,94,80
P017,W01,2026-06-18,79,80
P017,W01,2026-06-19,66,80
P017,W01,2026-06-20,91,80
P017,W01,2026-06-21,70,80
P017,W01,2026-06-22,70,80
P017,W01,2026-06-23,69,80
P017,W01,2026-06-24,71,80
P017,W01,2026-06-25,89,80
P017,W01,2026-06-26,87,80
P017,W01,2026-06-27,83,80
P017,W01,2026-06-28,89,80
P017,W01,2026-06-29,78,80
P017,W01,2026-06-30,86,80
P017,W01,2026-07-01,78,81
P017,W01,2026-07-02,68,81
P017,W01,2026-07-03,75,81
P017,W01,2026-07-04,83,81
P017,W01,2026-07-05,80,81
P017,W01,2026-07-06,93,81
P017,W01,2026-07-07,90,81
P017,W01,2026-07-08,76,81
P017,W01,2026-07-09,76,81
P017,W01,2026-07-10,99,81
P017,W01,2026-07-11,81,81
P017,W01,2026-07-12,71,81
P017,W01,2026-07-13,81,81
P017,W01,2026-07-14,77,81
P017,W01,2026-07-15,92,81
P017,W01,2026-07-16,86,81
P017,W01,2026-07-17,72,81
P017,W01,2026-07-18,86,81
P017,W01,2026-07-19,73,81
P017,W01,2026-07-20,86,81
P017,W01,2026-07-21,69,81
P017,W01,2026-07-22,72,81
P017,W01,2026-07-23,80,81
P017,W01,2026-07-24,67,81
P017,W01,2026-07-25,81,81
P017,W01,2026-07-26,69,81
P017,W01,2026-07-27,74,81
P017,W01,2026-07-28,92,81
P017,W01,2026-07-29,71,81
P017,W01,2026-07-30,87,81
P017,W01,2026-07-31,97,81
P017,W01,2026-08-01,68,82
P017,W01,2026-08-02,85,82
P017,W01,2026-08-03,77,82
P017,W01,2026-08-04,70,82
P017,W01,2026-08-05,80,82
P017,W01,2026-08-06,70,82
P017,W01,2026-08-07,72,82
P017,W01,2026-08-08,76,82
P017,W01,2026-08-09,83,82
P017,W01,2026-08-10,,82
P017,W01,2026-08-11,,82
P017,W01,2026-08-12,,82
P017,W01,2026-08-13,,82
P017,W01,2026-08-14,,82
P017,W01,2026-08-15,,82
P017,W01,2026-08-16,,82
P017,W01,2026-08-17,,82
P017,W01,2026-08-18,,82
P017,W01,2026-08-19,,82
P017,W01,2026-08-20,,82
P017,W01,2026-08-21,,82
P017,W01,2026-08-22,,82
P017,W01,2026-08-23,,82
P017,W01,2026-08-24,,82
P017,W01,2026-08-25,,82
P017,W01,2026-08-26,,82
P017,W01,2026-08-27,,82
P017,W01,2026-08-28,,82
P017,W01,2026-08-29,,82
P017,W01,2026-08-30,,82
P017,W01,2026-08-31,,82
P017,W01,2026-09-01,,84
P017,W01,2026-09-02,,84
P017,W01,2026-09-03,,84
P017,W01,2026-09-04,,84
P017,W01,2026-09-05,,84
P017,W01,2026-09-06,,84
P017,W01,2026-09-07,,84
P011,W03,2026-05-12,102,110
P011,W03,2026-05-13,91,110
P011,W03,2026-05-14,90,110
P011,W03,2026-05-15,96,110
P011,W03,2026-05-16,110,110
P011,W03,2026-05-17,96,110
P011,W03,2026-05-18,120,110
P011,W03,2026-05-19,107,110
P011,W03,2026-05-20,114,110
P011,W03,2026-05-21,121,110
P011,W03,2026-05-22,130,110
P011,W03,2026-05-23,111,110
P011,W03,2026-05-24,113,110
P011,W03,2026-05-25,121,110
P011,W03,2026-05-26,124,110
P011,W03,2026-05-27,134,110
P011,W03,2026-05-28,113,110
P011,W03,2026-05-29,97,110
P011,W03,2026-05-30,121,110
P011,W03,2026-05-31,111,110
P011,W03,2026-06-01,106,102
P011,W03,2026-06-02,116,102
P011,W03,2026-06-03,106,102
P011,W03,2026-06-04,114,102
P011,W03,2026-06-05,96,102
P011,W03,2026-06-06,110,102
P011,W03,2026-06-07,92,102
P011,W03,2026-06-08,119,102
P011,W03,2026-06-09,108,102
P011,W03,2026-06-10,87,102
P011,W03,2026-06-11,91,102
P011,W03,2026-06-12,89,102
P011,W03,2026-06-13,86,102
P011,W03,2026-06-14,90,102
P011,W03,2026-06-15,86,102
P011,W03,2026-06-16,98,102
P011,W03,2026-06-17,97,102
P011,W03,2026-06-18,87,102
P011,W03,2026-06-19,104,102
P011,W03,2026-06-20,96,102
P011,W03,2026-06-21,92,102
P011,W03,2026-06-22,101,102
P011,W03,2026-06-23,101,102
P011,W03,2026-06-24,104,102
P011,W03,2026-06-25,102,102
P011,W03,2026-06-26,108,102
P011,W03,2026-06-27,121,102
P011,W03,2026-06-28,105,102
P011,W03,2026-06-29,100,102
P011,W03,2026-06-30,108,102
P011,W03,2026-07-01,98,104
P011,W03,2026-07-02,114,104
P011,W03,2026-07-03,113,104
P011,W03,2026-07-04,106,104
P011,W03,2026-07-05,105,104
P011,W03,2026-07-06,107,104
P011,W03,2026-07-07,90,104
P011,W03,2026-07-08,100,104
P011,W03,2026-07-09,86,104
P011,W03,2026-07-10,98,104
P011,W03,2026-07-11,108,104
P011,W03,2026-07-12,109,104
P011,W03,2026-07-13,95,104
P011,W03,2026-07-14,109,104
P011,W03,2026-07-15,88,104
P011,W03,2026-07-16,125,104
P011,W03,2026-07-17,94,104
P011,W03,2026-07-18,105,104
P011,W03,2026-07-19,88,104
P011,W03,2026-07-20,92,104
P011,W03,2026-07-21,114,104
P011,W03,2026-07-22,117,104
P011,W03,2026-07-23,81,104
P011,W03,2026-07-24,94,104
P011,W03,2026-07-25,128,104
P011,W03,2026-07-26,94,104
P011,W03,2026-07-27,87,104
P011,W03,2026-07-28,98,104
P011,W03,2026-07-29,100,104
P011,W03,2026-07-30,95,104
P011,W03,2026-07-31,93,104
P011,W03,2026-08-01,105,105
P011,W03,2026-08-02,107,105
P011,W03,2026-08-03,126,105
P011,W03,2026-08-04,124,105
P011,W03,2026-08-05,92,105
P011,W03,2026-08-06,106,105
P011,W03,2026-08-07,90,105
P011,W03,2026-08-08,112,105
P011,W03,2026-08-09,120,105
P011,W03,2026-08-10,,105
P011,W03,2026-08-11,,105
P011,W03,2026-08-12,,105
P011,W03,2026-08-13,,105
P011,W03,2026-08-14,,105
P011,W03,2026-08-15,,105
P011,W03,2026-08-16,,105
P011,W03,2026-08-17,,105
P011,W03,2026-08-18,,105
P011,W03,2026-08-19,,105
P011,W03,2026-08-20,,105
P011,W03,2026-08-21,,105
P011,W03,2026-08-22,,105
P011,W03,2026-08-23,,105
P011,W03,2026-08-24,,105
P011,W03,2026-08-25,,105
P011,W03,2026-08-26,,105
P011,W03,2026-08-27,,105
P011,W03,2026-08-28,,105
P011,W03,2026-08-29,,105
P011,W03,2026-08-30,,105
P011,W03,2026-08-31,,105
P011,W03,2026-09-01,,107
P011,W03,2026-09-02,,107
P011,W03,2026-09-03,,107
P011,W03,2026-09-04,,107
P011,W03,2026-09-05,,107
P011,W03,2026-09-06,,107
P011,W03,2026-09-07,,107
P025,W04,2026-05-12,103,100
P025,W04,2026-05-13,110,100
P025,W04,2026-05-14,82,100
P025,W04,2026-05-15,89,100
P025,W04,2026-05-16,104,100
P025,W04,2026-05-17,106,100
P025,W04,2026-05-18,94,100
P025,W04,2026-05-19,89,100
P025,W04,2026-05-20,86,100
P025,W04,2026-05-21,100,100
P025,W04,2026-05-22,112,100
P025,W04,2026-05-23,94,100
P025,W04,2026-05-24,97,100
P025,W04,2026-05-25,93,100
P025,W04,2026-05-26,108,100
P025,W04,2026-05-27,118,100
P025,W04,2026-05-28,110,100
P025,W04,2026-05-29,108,100
P025,W04,2026-05-30,93,100
P025,W04,2026-05-31,87,100
P025,W04,2026-06-01,112,93
P025,W04,2026-06-02,88,93
P025,W04,2026-06-03,87,93
P025,W04,2026-06-04,77,93
P025,W04,2026-06-05,105,93
P025,W04,2026-06-06,98,93
P025,W04,2026-06-07,88,93
P025,W04,2026-06-08,86,93
P025,W04,2026-06-09,85,93
P025,W04,2026-06-10,102,93
P025,W04,2026-06-11,100,93
P025,W04,2026-06-12,109,93
P025,W04,2026-06-13,92,93
P025,W04,2026-06-14,87,93
P025,W04,2026-06-15,105,93
P025,W04,2026-06-16,96,93
P025,W04,2026-06-17,89,93
P025,W04,2026-06-18,89,93
P025,W04,2026-06-19,105,93
P025,W04,2026-06-20,87,93
P025,W04,2026-06-21,103,93
P025,W04,2026-06-22,114,93
P025,W04,2026-06-23,78,93
P025,W04,2026-06-24,101,93
P025,W04,2026-06-25,93,93
P025,W04,2026-06-26,98,93
P025,W04,2026-06-27,93,93
P025,W04,2026-06-28,102,93
P025,W04,2026-06-29,88,93
P025,W04,2026-06-30,104,93
P025,W04,2026-07-01,93,94
P025,W04,2026-07-02,100,94
P025,W04,2026-07-03,104,94
P025,W04,2026-07-04,98,94
P025,W04,2026-07-05,88,94
P025,W04,2026-07-06,91,94
P025,W04,2026-07-07,94,94
P025,W04,2026-07-08,91,94
P025,W04,2026-07-09,108,94
P025,W04,2026-07-10,91,94
P025,W04,2026-07-11,96,94
P025,W04,2026-07-12,105,94
P025,W04,2026-07-13,88,94
P025,W04,2026-07-14,90,94
P025,W04,2026-07-15,106,94
P025,W04,2026-07-16,93,94
P025,W04,2026-07-17,87,94
P025,W04,2026-07-18,91,94
P025,W04,2026-07-19,82,94
P025,W04,2026-07-20,75,94
P025,W04,2026-07-21,103,94
P025,W04,2026-07-22,86,94
P025,W04,2026-07-23,110,94
P025,W04,2026-07-24,99,94
P025,W04,2026-07-25,99,94
P025,W04,2026-07-26,105,94
P025,W04,2026-07-27,100,94
P025,W04,2026-07-28,116,94
P025,W04,2026-07-29,102,94
P025,W04,2026-07-30,82,94
P025,W04,2026-07-31,78,94
P025,W04,2026-08-01,105,96
P025,W04,2026-08-02,93,96
P025,W04,2026-08-03,85,96
P025,W04,2026-08-04,108,96
P025,W04,2026-08-05,81,96
P025,W04,2026-08-06,92,96
P025,W04,2026-08-07,83,96
P025,W04,2026-08-08,100,96
P025,W04,2026-08-09,110,96
P025,W04,2026-08-10,,96
P025,W04,2026-08-11,,96
P025,W04,2026-08-12,,96
P025,W04,2026-08-13,,96
P025,W04,2026-08-14,,96
P025,W04,2026-08-15,,96
P025,W04,2026-08-16,,96
P025,W04,2026-08-17,,96
P025,W04,2026-08-18,,96
P025,W04,2026-08-19,,96
P025,W04,2026-08-20,,96
P025,W04,2026-08-21,,96
P025,W04,2026-08-22,,96
P025,W04,2026-08-23,,96
P025,W04,2026-08-24,,96
P025,W04,2026-08-25,,96
P025,W04,2026-08-26,,96
P025,W04,2026-08-27,,96
P025,W04,2026-08-28,,96
P025,W04,2026-08-29,,96
P025,W04,2026-08-30,,96
P025,W04,2026-08-31,,96
P025,W04,2026-09-01,,97
P025,W04,2026-09-02,,97
P025,W04,2026-09-03,,97
P025,W04,2026-09-04,,97
P025,W04,2026-09-05,,97
P025,W04,2026-09-06,,97
P025,W04,2026-09-07,,97
P013,W07,2026-05-12,95,104
P013,W07,2026-05-13,128,104
P013,W07,2026-05-14,105,104
P013,W07,2026-05-15,107,104
P013,W07,2026-05-16,111,104
P013,W07,2026-05-17,89,104
P013,W07,2026-05-18,95,104
P013,W07,2026-05-19,101,104
P013,W07,2026-05-20,89,104
P013,W07,2026-05-21,98,104
P013,W07,2026-05-22,104,104
P013,W07,2026-05-23,109,104
P013,W07,2026-05-24,94,104
P013,W07,2026-05-25,90,104
P013,W07,2026-05-26,94,104
P013,W07,2026-05-27,107,104
P013,W07,2026-05-28,91,104
P013,W07,2026-05-29,112,104
P013,W07,2026-05-30,118,104
P013,W07,2026-05-31,112,104
P013,W07,2026-06-01,99,96
P013,W07,2026-06-02,114,96
P013,W07,2026-06-03,90,96
P013,W07,2026-06-04,88,96
P013,W07,2026-06-05,79,96
P013,W07,2026-06-06,90,96
P013,W07,2026-06-07,85,96
P013,W07,2026-06-08,82,96
P013,W07,2026-06-09,83,96
P013,W07,2026-06-10,100,96
P013,W07,2026-06-11,95,96
P013,W07,2026-06-12,109,96
P013,W07,2026-06-13,93,96
P013,W07,2026-06-14,83,96
P013,W07,2026-06-15,115,96
P013,W07,2026-06-16,81,96
P013,W07,2026-06-17,99,96
P013,W07,2026-06-18,114,96
P013,W07,2026-06-19,103,96
P013,W07,2026-06-20,113,96
P013,W07,2026-06-21,80,96
P013,W07,2026-06-22,77,96
P013,W07,2026-06-23,103,96
P013,W07,2026-06-24,107,96
P013,W07,2026-06-25,92,96
P013,W07,2026-06-26,108,96
P013,W07,2026-06-27,88,96
P013,W07,2026-06-28,118,96
P013,W07,2026-06-29,85,96
P013,W07,2026-06-30,94,96
P013,W07,2026-07-01,108,97
P013,W07,2026-07-02,85,97
P013,W07,2026-07-03,99,97
P013,W07,2026-07-04,98,97
P013,W07,2026-07-05,83,97
P013,W07,2026-07-06,101,97
P013,W07,2026-07-07,85,97
P013,W07,2026-07-08,87,97
P013,W07,2026-07-09,97,97
P013,W07,2026-07-10,100,97
P013,W07,2026-07-11,97,97
P013,W07,2026-07-12,78,97
P013,W07,2026-07-13,88,97
P013,W07,2026-07-14,83,97
P013,W07,2026-07-15,90,97
P013,W07,2026-07-16,80,97
P013,W07,2026-07-17,83,97
P013,W07,2026-07-18,101,97
P013,W07,2026-07-19,90,97
P013,W07,2026-07-20,95,97
P013,W07,2026-07-21,90,97
P013,W07,2026-07-22,106,97
P013,W07,2026-07-23,117,97
P013,W07,2026-07-24,108,97
P013,W07,2026-07-25,81,97
P013,W07,2026-07-26,97,97
P013,W07,2026-07-27,94,97
P013,W07,2026-07-28,86,97
P013,W07,2026-07-29,92,97
P013,W07,2026-07-30,96,97
P013,W07,2026-07-31,86,97
P013,W07,2026-08-01,76,99
P013,W07,2026-08-02,99,99
P013,W07,2026-08-03,91,99
P013,W07,2026-08-04,121,99
P013,W07,2026-08-05,108,99
P013,W07,2026-08-06,96,99
P013,W07,2026-08-07,108,99
P013,W07,2026-08-08,105,99
P013,W07,2026-08-09,115,99
P013,W07,2026-08-10,,99
P013,W07,2026-08-11,,99
P013,W07,2026-08-12,,99
P013,W07,2026-08-13,,99
P013,W07,2026-08-14,,99
P013,W07,2026-08-15,,99
P013,W07,2026-08-16,,99
P013,W07,2026-08-17,,99
P013,W07,2026-08-18,,99
P013,W07,2026-08-19,,99
P013,W07,2026-08-20,,99
P013,W07,2026-08-21,,99
P013,W07,2026-08-22,,99
P013,W07,2026-08-23,,99
P013,W07,2026-08-24,,99
P013,W07,2026-08-25,,99
P013,W07,2026-08-26,,99
P013,W07,2026-08-27,,99
P013,W07,2026-08-28,,99
P013,W07,2026-08-29,,99
P013,W07,2026-08-30,,99
P013,W07,2026-08-31,,99
P013,W07,2026-09-01,,100
P013,W07,2026-09-02,,100
P013,W07,2026-09-03,,100
P013,W07,2026-09-04,,100
P013,W07,2026-09-05,,100
P013,W07,2026-09-06,,100
P013,W07,2026-09-07,,100
P012,W05,2026-05-12,87,82
P012,W05,2026-05-13,68,82
P012,W05,2026-05-14,82,82
P012,W05,2026-05-15,96,82
P012,W05,2026-05-16,79,82
P012,W05,2026-05-17,80,82
P012,W05,2026-05-18,86,82
P012,W05,2026-05-19,92,82
P012,W05,2026-05-20,83,82
P012,W05,2026-05-21,82,82
P012,W05,2026-05-22,78,82
P012,W05,2026-05-23,94,82
P012,W05,2026-05-24,100,82
P012,W05,2026-05-25,85,82
P012,W05,2026-05-26,82,82
P012,W05,2026-05-27,69,82
P012,W05,2026-05-28,69,82
P012,W05,2026-05-29,80,82
P012,W05,2026-05-30,84,82
P012,W05,2026-05-31,88,82
P012,W05,2026-06-01,68,75
P012,W05,2026-06-02,73,75
P012,W05,2026-06-03,58,75
P012,W05,2026-06-04,67,75
P012,W05,2026-06-05,72,75
P012,W05,2026-06-06,81,75
P012,W05,2026-06-07,73,75
P012,W05,2026-06-08,74,75
P012,W05,2026-06-09,78,75
P012,W05,2026-06-10,71,75
P012,W05,2026-06-11,94,75
P012,W05,2026-06-12,81,75
P012,W05,2026-06-13,87,75
P012,W05,2026-06-14,71,75
P012,W05,2026-06-15,75,75
P012,W05,2026-06-16,67,75
P012,W05,2026-06-17,77,75
P012,W05,2026-06-18,77,75
P012,W05,2026-06-19,79,75
P012,W05,2026-06-20,82,75
P012,W05,2026-06-21,65,75
P012,W05,2026-06-22,74,75
P012,W05,2026-06-23,66,75
P012,W05,2026-06-24,70,75
P012,W05,2026-06-25,68,75
P012,W05,2026-06-26,64,75
P012,W05,2026-06-27,80,75
P012,W05,2026-06-28,66,75
P012,W05,2026-06-29,78,75
P012,W05,2026-06-30,84,75
P012,W05,2026-07-01,79,77
P012,W05,2026-07-02,88,77
P012,W05,2026-07-03,79,77
P012,W05,2026-07-04,69,77
P012,W05,2026-07-05,70,77
P012,W05,2026-07-06,65,77
P012,W05,2026-07-07,86,77
P012,W05,2026-07-08,70,77
P012,W05,2026-07-09,75,77
P012,W05,2026-07-10,85,77
P012,W05,2026-07-11,86,77
P012,W05,2026-07-12,63,77
P012,W05,2026-07-13,67,77
P012,W05,2026-07-14,68,77
P012,W05,2026-07-15,88,77
P012,W05,2026-07-16,68,77
P012,W05,2026-07-17,61,77
P012,W05,2026-07-18,75,77
P012,W05,2026-07-19,82,77
P012,W05,2026-07-20,66,77
P012,W05,2026-07-21,83,77
P012,W05,2026-07-22,74,77
P012,W05,2026-07-23,73,77
P012,W05,2026-07-24,76,77
P012,W05,2026-07-25,70,77
P012,W05,2026-07-26,63,77
P012,W05,2026-07-27,68,77
P012,W05,2026-07-28,78,77
P012,W05,2026-07-29,68,77
P012,W05,2026-07-30,77,77
P012,W05,2026-07-31,78,77
P012,W05,2026-08-01,74,78
P012,W05,2026-08-02,76,78
P012,W05,2026-08-03,80,78
P012,W05,2026-08-04,66,78
P012,W05,2026-08-05,71,78
P012,W05,2026-08-06,77,78
P012,W05,2026-08-07,77,78
P012,W05,2026-08-08,84,78
P012,W05,2026-08-09,84,78
P012,W05,2026-08-10,,78
P012,W05,2026-08-11,,78
P012,W05,2026-08-12,,78
P012,W05,2026-08-13,,78
P012,W05,2026-08-14,,78
P012,W05,2026-08-15,,78
P012,W05,2026-08-16,,78
P012,W05,2026-08-17,,78
P012,W05,2026-08-18,,78
P012,W05,2026-08-19,,78
P012,W05,2026-08-20,,78
P012,W05,2026-08-21,,78
P012,W05,2026-08-22,,78
P012,W05,2026-08-23,,78
P012,W05,2026-08-24,,78
P012,W05,2026-08-25,,78
P012,W05,2026-08-26,,78
P012,W05,2026-08-27,,78
P012,W05,2026-08-28,,78
P012,W05,2026-08-29,,78
P012,W05,2026-08-30,,78
P012,W05,2026-08-31,,78
P012,W05,2026-09-01,,79
P012,W05,2026-09-02,,79
P012,W05,2026-09-03,,79
P012,W05,2026-09-04,,79
P012,W05,2026-09-05,,79
P012,W05,2026-09-06,,79
P012,W05,2026-09-07,,79
P009,W05,2026-05-12,131,166
P009,W05,2026-05-13,186,166
P009,W05,2026-05-14,131,166
P009,W05,2026-05-15,154,166
P009,W05,2026-05-16,145,166
P009,W05,2026-05-17,164,166
P009,W05,2026-05-18,157,166
P009,W05,2026-05-19,165,166
P009,W05,2026-05-20,143,166
P009,W05,2026-05-21,190,166
P009,W05,2026-05-22,138,166
P009,W05,2026-05-23,152,166
P009,W05,2026-05-24,139,166
P009,W05,2026-05-25,158,166
P009,W05,2026-05-26,155,166
P009,W05,2026-05-27,172,166
P009,W05,2026-05-28,131,166
P009,W05,2026-05-29,172,166
P009,W05,2026-05-30,151,166
P009,W05,2026-05-31,138,166
P009,W05,2026-06-01,141,154
P009,W05,2026-06-02,125,154
P009,W05,2026-06-03,165,154
P009,W05,2026-06-04,171,154
P009,W05,2026-06-05,151,154
P009,W05,2026-06-06,160,154
P009,W05,2026-06-07,146,154
P009,W05,2026-06-08,145,154
P009,W05,2026-06-09,161,154
P009,W05,2026-06-10,140,154
P009,W05,2026-06-11,192,154
P009,W05,2026-06-12,151,154
P009,W05,2026-06-13,167,154
P009,W05,2026-06-14,161,154
P009,W05,2026-06-15,179,154
P009,W05,2026-06-16,146,154
P009,W05,2026-06-17,149,154
P009,W05,2026-06-18,158,154
P009,W05,2026-06-19,162,154
P009,W05,2026-06-20,184,154
P009,W05,2026-06-21,161,154
P009,W05,2026-06-22,148,154
P009,W05,2026-06-23,131,154
P009,W05,2026-06-24,144,154
P009,W05,2026-06-25,168,154
P009,W05,2026-06-26,163,154
P009,W05,2026-06-27,137,154
P009,W05,2026-06-28,147,154
P009,W05,2026-06-29,160,154
P009,W05,2026-06-30,158,154
P009,W05,2026-07-01,176,156
P009,W05,2026-07-02,156,156
P009,W05,2026-07-03,158,156
P009,W05,2026-07-04,155,156
P009,W05,2026-07-05,146,156
P009,W05,2026-07-06,173,156
P009,W05,2026-07-07,137,156
P009,W05,2026-07-08,133,156
P009,W05,2026-07-09,136,156
P009,W05,2026-07-10,163,156
P009,W05,2026-07-11,172,156
P009,W05,2026-07-12,155,156
P009,W05,2026-07-13,150,156
P009,W05,2026-07-14,169,156
P009,W05,2026-07-15,147,156
P009,W05,2026-07-16,168,156
P009,W05,2026-07-17,147,156
P009,W05,2026-07-18,190,156
P009,W05,2026-07-19,171,156
P009,W05,2026-07-20,160,156
P009,W05,2026-07-21,163,156
P009,W05,2026-07-22,183,156
P009,W05,2026-07-23,180,156
P009,W05,2026-07-24,158,156
P009,W05,2026-07-25,146,156
P009,W05,2026-07-26,159,156
P009,W05,2026-07-27,162,156
P009,W05,2026-07-28,191,156
P009,W05,2026-07-29,154,156
P009,W05,2026-07-30,142,156
P009,W05,2026-07-31,161,156
P009,W05,2026-08-01,142,159
P009,W05,2026-08-02,191,159
P009,W05,2026-08-03,172,159
P009,W05,2026-08-04,183,159
P009,W05,2026-08-05,161,159
P009,W05,2026-08-06,136,159
P009,W05,2026-08-07,176,159
P009,W05,2026-08-08,160,159
P009,W05,2026-08-09,146,159
P009,W05,2026-08-10,,159
P009,W05,2026-08-11,,159
P009,W05,2026-08-12,,159
P009,W05,2026-08-13,,159
P009,W05,2026-08-14,,159
P009,W05,2026-08-15,,159
P009,W05,2026-08-16,,159
P009,W05,2026-08-17,,159
P009,W05,2026-08-18,,159
P009,W05,2026-08-19,,159
P009,W05,2026-08-20,,159
P009,W05,2026-08-21,,159
P009,W05,2026-08-22,,159
P009,W05,2026-08-23,,159
P009,W05,2026-08-24,,159
P009,W05,2026-08-25,,159
P009,W05,2026-08-26,,159
P009,W05,2026-08-27,,159
P009,W05,2026-08-28,,159
P009,W05,2026-08-29,,159
P009,W05,2026-08-30,,159
P009,W05,2026-08-31,,159
P009,W05,2026-09-01,,161
P009,W05,2026-09-02,,161
P009,W05,2026-09-03,,161
P009,W05,2026-09-04,,161
P009,W05,2026-09-05,,161
P009,W05,2026-09-06,,161
P009,W05,2026-09-07,,161
P001,W03,2026-05-12,289,256
P001,W03,2026-05-13,297,256
P001,W03,2026-05-14,281,256
P001,W03,2026-05-15,283,256
P001,W03,2026-05-16,240,256
P001,W03,2026-05-17,273,256
P001,W03,2026-05-18,234,256
P001,W03,2026-05-19,281,256
P001,W03,2026-05-20,218,256
P001,W03,2026-05-21,238,256
P001,W03,2026-05-22,304,256
P001,W03,2026-05-23,212,256
P001,W03,2026-05-24,286,256
P001,W03,2026-05-25,241,256
P001,W03,2026-05-26,252,256
P001,W03,2026-05-27,287,256
P001,W03,2026-05-28,301,256
P001,W03,2026-05-29,217,256
P001,W03,2026-05-30,283,256
P001,W03,2026-05-31,233,256
P001,W03,2026-06-01,229,236
P001,W03,2026-06-02,225,236
P001,W03,2026-06-03,190,236
P001,W03,2026-06-04,233,236
P001,W03,2026-06-05,204,236
P001,W03,2026-06-06,199,236
P001,W03,2026-06-07,236,236
P001,W03,2026-06-08,216,236
P001,W03,2026-06-09,217,236
P001,W03,2026-06-10,239,236
P001,W03,2026-06-11,196,236
P001,W03,2026-06-12,241,236
P001,W03,2026-06-13,231,236
P001,W03,2026-06-14,290,236
P001,W03,2026-06-15,251,236
P001,W03,2026-06-16,235,236
P001,W03,2026-06-17,210,236
P001,W03,2026-06-18,256,236
P001,W03,2026-06-19,202,236
P001,W03,2026-06-20,258,236
P001,W03,2026-06-21,201,236
P001,W03,2026-06-22,248,236
P001,W03,2026-06-23,244,236
P001,W03,2026-06-24,211,236
P001,W03,2026-06-25,247,236
P001,W03,2026-06-26,245,236
P001,W03,2026-06-27,283,236
P001,W03,2026-06-28,223,236
P001,W03,2026-06-29,252,236
P001,W03,2026-06-30,232,236
P001,W03,2026-07-01,278,240
P001,W03,2026-07-02,188,240
P001,W03,2026-07-03,210,240
P001,W03,2026-07-04,262,240
P001,W03,2026-07-05,278,240
P001,W03,2026-07-06,243,240
P001,W03,2026-07-07,239,240
P001,W03,2026-07-08,265,240
P001,W03,2026-07-09,277,240
P001,W03,2026-07-10,261,240
P001,W03,2026-07-11,217,240
P001,W03,2026-07-12,265,240
P001,W03,2026-07-13,195,240
P001,W03,2026-07-14,250,240
P001,W03,2026-07-15,271,240
P001,W03,2026-07-16,281,240
P001,W03,2026-07-17,268,240
P001,W03,2026-07-18,252,240
P001,W03,2026-07-19,232,240
P001,W03,2026-07-20,213,240
P001,W03,2026-07-21,252,240
P001,W03,2026-07-22,277,240
P001,W03,2026-07-23,258,240
P001,W03,2026-07-24,246,240
P001,W03,2026-07-25,254,240
P001,W03,2026-07-26,226,240
P001,W03,2026-07-27,248,240
P001,W03,2026-07-28,259,240
P001,W03,2026-07-29,232,240
P001,W03,2026-07-30,296,240
P001,W03,2026-07-31,251,240
P001,W03,2026-08-01,198,244
P001,W03,2026-08-02,269,244
P001,W03,2026-08-03,291,244
P001,W03,2026-08-04,246,244
P001,W03,2026-08-05,216,244
P001,W03,2026-08-06,306,244
P001,W03,2026-08-07,297,244
P001,W03,2026-08-08,223,244
P001,W03,2026-08-09,220,244
P001,W03,2026-08-10,,244
P001,W03,2026-08-11,,244
P001,W03,2026-08-12,,244
P001,W03,2026-08-13,,244
P001,W03,2026-08-14,,244
P001,W03,2026-08-15,,244
P001,W03,2026-08-16,,244
P001,W03,2026-08-17,,244
P001,W03,2026-08-18,,244
P001,W03,2026-08-19,,244
P001,W03,2026-08-20,,244
P001,W03,2026-08-21,,244
P001,W03,2026-08-22,,244
P001,W03,2026-08-23,,244
P001,W03,2026-08-24,,244
P001,W03,2026-08-25,,244
P001,W03,2026-08-26,,244
P001,W03,2026-08-27,,244
P001,W03,2026-08-28,,244
P001,W03,2026-08-29,,244
P001,W03,2026-08-30,,244
P001,W03,2026-08-31,,244
P001,W03,2026-09-01,,248
P001,W03,2026-09-02,,248
P001,W03,2026-09-03,,248
P001,W03,2026-09-04,,248
P001,W03,2026-09-05,,248
P001,W03,2026-09-06,,248
P001,W03,2026-09-07,,248
P030,W06,2026-05-12,93,110
P030,W06,2026-05-13,118,110
P030,W06,2026-05-14,119,110
P030,W06,2026-05-15,106,110
P030,W06,2026-05-16,110,110
P030,W06,2026-05-17,126,110
P030,W06,2026-05-18,89,110
P030,W06,2026-05-19,113,110
P030,W06,2026-05-20,117,110
P030,W06,2026-05-21,105,110
P030,W06,2026-05-22,97,110
P030,W06,2026-05-23,103,110
P030,W06,2026-05-24,122,110
P030,W06,2026-05-25,121,110
P030,W06,2026-05-26,104,110
P030,W06,2026-05-27,108,110
P030,W06,2026-05-28,89,110
P030,W06,2026-05-29,100,110
P030,W06,2026-05-30,100,110
P030,W06,2026-05-31,102,110
P030,W06,2026-06-01,99,102
P030,W06,2026-06-02,105,102
P030,W06,2026-06-03,108,102
P030,W06,2026-06-04,93,102
P030,W06,2026-06-05,104,102
P030,W06,2026-06-06,111,102
P030,W06,2026-06-07,93,102
P030,W06,2026-06-08,112,102
P030,W06,2026-06-09,87,102
P030,W06,2026-06-10,115,102
P030,W06,2026-06-11,104,102
P030,W06,2026-06-12,119,102
P030,W06,2026-06-13,110,102
P030,W06,2026-06-14,82,102
P030,W06,2026-06-15,90,102
P030,W06,2026-06-16,121,102
P030,W06,2026-06-17,82,102
P030,W06,2026-06-18,118,102
P030,W06,2026-06-19,91,102
P030,W06,2026-06-20,104,102
P030,W06,2026-06-21,102,102
P030,W06,2026-06-22,98,102
P030,W06,2026-06-23,85,102
P030,W06,2026-06-24,106,102
P030,W06,2026-06-25,117,102
P030,W06,2026-06-26,85,102
P030,W06,2026-06-27,108,102
P030,W06,2026-06-28,108,102
P030,W06,2026-06-29,97,102
P030,W06,2026-06-30,88,102
P030,W06,2026-07-01,99,104
P030,W06,2026-07-02,104,104
P030,W06,2026-07-03,109,104
P030,W06,2026-07-04,105,104
P030,W06,2026-07-05,98,104
P030,W06,2026-07-06,103,104
P030,W06,2026-07-07,94,104
P030,W06,2026-07-08,112,104
P030,W06,2026-07-09,113,104
P030,W06,2026-07-10,113,104
P030,W06,2026-07-11,104,104
P030,W06,2026-07-12,123,104
P030,W06,2026-07-13,99,104
P030,W06,2026-07-14,102,104
P030,W06,2026-07-15,98,104
P030,W06,2026-07-16,95,104
P030,W06,2026-07-17,91,104
P030,W06,2026-07-18,96,104
P030,W06,2026-07-19,114,104
P030,W06,2026-07-20,91,104
P030,W06,2026-07-21,103,104
P030,W06,2026-07-22,100,104
P030,W06,2026-07-23,116,104
P030,W06,2026-07-24,103,104
P030,W06,2026-07-25,118,104
P030,W06,2026-07-26,109,104
P030,W06,2026-07-27,98,104
P030,W06,2026-07-28,121,104
P030,W06,2026-07-29,82,104
P030,W06,2026-07-30,90,104
P030,W06,2026-07-31,114,104
P030,W06,2026-08-01,108,105
P030,W06,2026-08-02,109,105
P030,W06,2026-08-03,104,105
P030,W06,2026-08-04,95,105
P030,W06,2026-08-05,97,105
P030,W06,2026-08-06,115,105
P030,W06,2026-08-07,111,105
P030,W06,2026-08-08,92,105
P030,W06,2026-08-09,110,105
P030,W06,2026-08-10,,105
P030,W06,2026-08-11,,105
P030,W06,2026-08-12,,105
P030,W06,2026-08-13,,105
P030,W06,2026-08-14,,105
P030,W06,2026-08-15,,105
P030,W06,2026-08-16,,105
P030,W06,2026-08-17,,105
P030,W06,2026-08-18,,105
P030,W06,2026-08-19,,105
P030,W06,2026-08-20,,105
P030,W06,2026-08-21,,105
P030,W06,2026-08-22,,105
P030,W06,2026-08-23,,105
P030,W06,2026-08-24,,105
P030,W06,2026-08-25,,105
P030,W06,2026-08-26,,105
P030,W06,2026-08-27,,105
P030,W06,2026-08-28,,105
P030,W06,2026-08-29,,105
P030,W06,2026-08-30,,105
P030,W06,2026-08-31,,105
P030,W06,2026-09-01,,107
P030,W06,2026-09-02,,107
P030,W06,2026-09-03,,107
P030,W06,2026-09-04,,107
P030,W06,2026-09-05,,107
P030,W06,2026-09-06,,107
P030,W06,2026-09-07,,107
P001,W02,2026-05-12,178,188
P001,W02,2026-05-13,206,188
P001,W02,2026-05-14,206,188
P001,W02,2026-05-15,175,188
P001,W02,2026-05-16,191,188
P001,W02,2026-05-17,203,188
P001,W02,2026-05-18,183,188
P001,W02,2026-05-19,193,188
P001,W02,2026-05-20,223,188
P001,W02,2026-05-21,154,188
P001,W02,2026-05-22,174,188
P001,W02,2026-05-23,211,188
P001,W02,2026-05-24,170,188
P001,W02,2026-05-25,192,188
P001,W02,2026-05-26,187,188
P001,W02,2026-05-27,201,188
P001,W02,2026-05-28,210,188
P001,W02,2026-05-29,193,188
P001,W02,2026-05-30,199,188
P001,W02,2026-05-31,222,188
P001,W02,2026-06-01,180,174
P001,W02,2026-06-02,157,174
P001,W02,2026-06-03,189,174
P001,W02,2026-06-04,169,174
P001,W02,2026-06-05,191,174
P001,W02,2026-06-06,158,174
P001,W02,2026-06-07,206,174
P001,W02,2026-06-08,211,174
P001,W02,2026-06-09,171,174
P001,W02,2026-06-10,201,174
P001,W02,2026-06-11,146,174
P001,W02,2026-06-12,167,174
P001,W02,2026-06-13,147,174
P001,W02,2026-06-14,193,174
P001,W02,2026-06-15,145,174
P001,W02,2026-06-16,173,174
P001,W02,2026-06-17,171,174
P001,W02,2026-06-18,139,174
P001,W02,2026-06-19,156,174
P001,W02,2026-06-20,168,174
P001,W02,2026-06-21,159,174
P001,W02,2026-06-22,147,174
P001,W02,2026-06-23,190,174
P001,W02,2026-06-24,155,174
P001,W02,2026-06-25,151,174
P001,W02,2026-06-26,165,174
P001,W02,2026-06-27,159,174
P001,W02,2026-06-28,143,174
P001,W02,2026-06-29,176,174
P001,W02,2026-06-30,160,174
P001,W02,2026-07-01,191,177
P001,W02,2026-07-02,196,177
P001,W02,2026-07-03,158,177
P001,W02,2026-07-04,158,177
P001,W02,2026-07-05,199,177
P001,W02,2026-07-06,206,177
P001,W02,2026-07-07,197,177
P001,W02,2026-07-08,184,177
P001,W02,2026-07-09,166,177
P001,W02,2026-07-10,168,177
P001,W02,2026-07-11,140,177
P001,W02,2026-07-12,202,177
P001,W02,2026-07-13,203,177
P001,W02,2026-07-14,196,177
P001,W02,2026-07-15,194,177
P001,W02,2026-07-16,160,177
P001,W02,2026-07-17,208,177
P001,W02,2026-07-18,182,177
P001,W02,2026-07-19,170,177
P001,W02,2026-07-20,174,177
P001,W02,2026-07-21,205,177
P001,W02,2026-07-22,181,177
P001,W02,2026-07-23,206,177
P001,W02,2026-07-24,183,177
P001,W02,2026-07-25,182,177
P001,W02,2026-07-26,156,177
P001,W02,2026-07-27,157,177
P001,W02,2026-07-28,183,177
P001,W02,2026-07-29,163,177
P001,W02,2026-07-30,141,177
P001,W02,2026-07-31,184,177
P001,W02,2026-08-01,180,180
P001,W02,2026-08-02,182,180
P001,W02,2026-08-03,190,180
P001,W02,2026-08-04,189,180
P001,W02,2026-08-05,218,180
P001,W02,2026-08-06,195,180
P001,W02,2026-08-07,186,180
P001,W02,2026-08-08,150,180
P001,W02,2026-08-09,186,180
P001,W02,2026-08-10,,180
P001,W02,2026-08-11,,180
P001,W02,2026-08-12,,180
P001,W02,2026-08-13,,180
P001,W02,2026-08-14,,180
P001,W02,2026-08-15,,180
P001,W02,2026-08-16,,180
P001,W02,2026-08-17,,180
P001,W02,2026-08-18,,180
P001,W02,2026-08-19,,180
P001,W02,2026-08-20,,180
P001,W02,2026-08-21,,180
P001,W02,2026-08-22,,180
P001,W02,2026-08-23,,180
P001,W02,2026-08-24,,180
P001,W02,2026-08-25,,180
P001,W02,2026-08-26,,180
P001,W02,2026-08-27,,180
P001,W02,2026-08-28,,180
P001,W02,2026-08-29,,180
P001,W02,2026-08-30,,180
P001,W02,2026-08-31,,180
P001,W02,2026-09-01,,183
P001,W02,2026-09-02,,183
P001,W02,2026-09-03,,183
P001,W02,2026-09-04,,183
P001,W02,2026-09-05,,183
P001,W02,2026-09-06,,183
P001,W02,2026-09-07,,183
P028,W05,2026-05-12,283,240
P028,W05,2026-05-13,252,240
P028,W05,2026-05-14,238,240
P028,W05,2026-05-15,237,240
P028,W05,2026-05-16,251,240
P028,W05,2026-05-17,202,240
P028,W05,2026-05-18,220,240
P028,W05,2026-05-19,256,240
P028,W05,2026-05-20,192,240
P028,W05,2026-05-21,238,240
P028,W05,2026-05-22,240,240
P028,W05,2026-05-23,222,240
P028,W05,2026-05-24,277,240
P028,W05,2026-05-25,222,240
P028,W05,2026-05-26,215,240
P028,W05,2026-05-27,267,240
P028,W05,2026-05-28,284,240
P028,W05,2026-05-29,275,240
P028,W05,2026-05-30,284,240
P028,W05,2026-05-31,236,240
P028,W05,2026-06-01,233,222
P028,W05,2026-06-02,221,222
P028,W05,2026-06-03,244,222
P028,W05,2026-06-04,251,222
P028,W05,2026-06-05,209,222
P028,W05,2026-06-06,180,222
P028,W05,2026-06-07,260,222
P028,W05,2026-06-08,181,222
P028,W05,2026-06-09,252,222
P028,W05,2026-06-10,197,222
P028,W05,2026-06-11,198,222
P028,W05,2026-06-12,202,222
P028,W05,2026-06-13,210,222
P028,W05,2026-06-14,223,222
P028,W05,2026-06-15,210,222
P028,W05,2026-06-16,212,222
P028,W05,2026-06-17,252,222
P028,W05,2026-06-18,217,222
P028,W05,2026-06-19,205,222
P028,W05,2026-06-20,223,222
P028,W05,2026-06-21,262,222
P028,W05,2026-06-22,218,222
P028,W05,2026-06-23,223,222
P028,W05,2026-06-24,202,222
P028,W05,2026-06-25,233,222
P028,W05,2026-06-26,181,222
P028,W05,2026-06-27,231,222
P028,W05,2026-06-28,234,222
P028,W05,2026-06-29,242,222
P028,W05,2026-06-30,186,222
P028,W05,2026-07-01,196,226
P028,W05,2026-07-02,193,226
P028,W05,2026-07-03,186,226
P028,W05,2026-07-04,214,226
P028,W05,2026-07-05,226,226
P028,W05,2026-07-06,226,226
P028,W05,2026-07-07,214,226
P028,W05,2026-07-08,197,226
P028,W05,2026-07-09,192,226
P028,W05,2026-07-10,243,226
P028,W05,2026-07-11,212,226
P028,W05,2026-07-12,225,226
P028,W05,2026-07-13,188,226
P028,W05,2026-07-14,226,226
P028,W05,2026-07-15,226,226
P028,W05,2026-07-16,196,226
P028,W05,2026-07-17,180,226
P028,W05,2026-07-18,230,226
P028,W05,2026-07-19,237,226
P028,W05,2026-07-20,209,226
P028,W05,2026-07-21,271,226
P028,W05,2026-07-22,213,226
P028,W05,2026-07-23,198,226
P028,W05,2026-07-24,210,226
P028,W05,2026-07-25,236,226
P028,W05,2026-07-26,218,226
P028,W05,2026-07-27,284,226
P028,W05,2026-07-28,249,226
P028,W05,2026-07-29,253,226
P028,W05,2026-07-30,245,226
P028,W05,2026-07-31,269,226
P028,W05,2026-08-01,276,229
P028,W05,2026-08-02,206,229
P028,W05,2026-08-03,231,229
P028,W05,2026-08-04,225,229
P028,W05,2026-08-05,272,229
P028,W05,2026-08-06,243,229
P028,W05,2026-08-07,259,229
P028,W05,2026-08-08,261,229
P028,W05,2026-08-09,207,229
P028,W05,2026-08-10,,229
P028,W05,2026-08-11,,229
P028,W05,2026-08-12,,229
P028,W05,2026-08-13,,229
P028,W05,2026-08-14,,229
P028,W05,2026-08-15,,229
P028,W05,2026-08-16,,229
P028,W05,2026-08-17,,229
P028,W05,2026-08-18,,229
P028,W05,2026-08-19,,229
P028,W05,2026-08-20,,229
P028,W05,2026-08-21,,229
P028,W05,2026-08-22,,229
P028,W05,2026-08-23,,229
P028,W05,2026-08-24,,229
P028,W05,2026-08-25,,229
P028,W05,2026-08-26,,229
P028,W05,2026-08-27,,229
P028,W05,2026-08-28,,229
P028,W05,2026-08-29,,229
P028,W05,2026-08-30,,229
P028,W05,2026-08-31,,229
P028,W05,2026-09-01,,233
P028,W05,2026-09-02,,233
P028,W05,2026-09-03,,233
P028,W05,2026-09-04,,233
P028,W05,2026-09-05,,233
P028,W05,2026-09-06,,233
P028,W05,2026-09-07,,233
P026,W03,2026-05-12,72,77
P026,W03,2026-05-13,79,77
P026,W03,2026-05-14,81,77
P026,W03,2026-05-15,67,77
P026,W03,2026-05-16,77,77
P026,W03,2026-05-17,71,77
P026,W03,2026-05-18,78,77
P026,W03,2026-05-19,77,77
P026,W03,2026-05-20,80,77
P026,W03,2026-05-21,79,77
P026,W03,2026-05-22,77,77
P026,W03,2026-05-23,70,77
P026,W03,2026-05-24,68,77
P026,W03,2026-05-25,85,77
P026,W03,2026-05-26,74,77
P026,W03,2026-05-27,76,77
P026,W03,2026-05-28,72,77
P026,W03,2026-05-29,65,77
P026,W03,2026-05-30,66,77
P026,W03,2026-05-31,78,77
P026,W03,2026-06-01,55,71
P026,W03,2026-06-02,73,71
P026,W03,2026-06-03,84,71
P026,W03,2026-06-04,75,71
P026,W03,2026-06-05,69,71
P026,W03,2026-06-06,76,71
P026,W03,2026-06-07,57,71
P026,W03,2026-06-08,81,71
P026,W03,2026-06-09,78,71
P026,W03,2026-06-10,74,71
P026,W03,2026-06-11,62,71
P026,W03,2026-06-12,68,71
P026,W03,2026-06-13,73,71
P026,W03,2026-06-14,76,71
P026,W03,2026-06-15,64,71
P026,W03,2026-06-16,63,71
P026,W03,2026-06-17,72,71
P026,W03,2026-06-18,69,71
P026,W03,2026-06-19,74,71
P026,W03,2026-06-20,62,71
P026,W03,2026-06-21,64,71
P026,W03,2026-06-22,82,71
P026,W03,2026-06-23,65,71
P026,W03,2026-06-24,85,71
P026,W03,2026-06-25,83,71
P026,W03,2026-06-26,73,71
P026,W03,2026-06-27,73,71
P026,W03,2026-06-28,66,71
P026,W03,2026-06-29,77,71
P026,W03,2026-06-30,86,71
P026,W03,2026-07-01,74,72
P026,W03,2026-07-02,87,72
P026,W03,2026-07-03,81,72
P026,W03,2026-07-04,75,72
P026,W03,2026-07-05,80,72
P026,W03,2026-07-06,79,72
P026,W03,2026-07-07,77,72
P026,W03,2026-07-08,63,72
P026,W03,2026-07-09,80,72
P026,W03,2026-07-10,72,72
P026,W03,2026-07-11,67,72
P026,W03,2026-07-12,70,72
P026,W03,2026-07-13,68,72
P026,W03,2026-07-14,71,72
P026,W03,2026-07-15,64,72
P026,W03,2026-07-16,60,72
P026,W03,2026-07-17,76,72
P026,W03,2026-07-18,85,72
P026,W03,2026-07-19,68,72
P026,W03,2026-07-20,79,72
P026,W03,2026-07-21,65,72
P026,W03,2026-07-22,67,72
P026,W03,2026-07-23,61,72
P026,W03,2026-07-24,63,72
P026,W03,2026-07-25,72,72
P026,W03,2026-07-26,76,72
P026,W03,2026-07-27,71,72
P026,W03,2026-07-28,69,72
P026,W03,2026-07-29,71,72
P026,W03,2026-07-30,70,72
P026,W03,2026-07-31,78,72
P026,W03,2026-08-01,68,73
P026,W03,2026-08-02,66,73
P026,W03,2026-08-03,79,73
P026,W03,2026-08-04,66,73
P026,W03,2026-08-05,65,73
P026,W03,2026-08-06,65,73
P026,W03,2026-08-07,72,73
P026,W03,2026-08-08,80,73
P026,W03,2026-08-09,72,73
P026,W03,2026-08-10,,73
P026,W03,2026-08-11,,73
P026,W03,2026-08-12,,73
P026,W03,2026-08-13,,73
P026,W03,2026-08-14,,73
P026,W03,2026-08-15,,73
P026,W03,2026-08-16,,73
P026,W03,2026-08-17,,73
P026,W03,2026-08-18,,73
P026,W03,2026-08-19,,73
P026,W03,2026-08-20,,73
P026,W03,2026-08-21,,73
P026,W03,2026-08-22,,73
P026,W03,2026-08-23,,73
P026,W03,2026-08-24,,73
P026,W03,2026-08-25,,73
P026,W03,2026-08-26,,73
P026,W03,2026-08-27,,73
P026,W03,2026-08-28,,73
P026,W03,2026-08-29,,73
P026,W03,2026-08-30,,73
P026,W03,2026-08-31,,73
P026,W03,2026-09-01,,75
P026,W03,2026-09-02,,75
P026,W03,2026-09-03,,75
P026,W03,2026-09-04,,75
P026,W03,2026-09-05,,75
P026,W03,2026-09-06,,75
P026,W03,2026-09-07,,75
P025,W06,2026-05-12,152,142
P025,W06,2026-05-13,126,142
P025,W06,2026-05-14,138,142
P025,W06,2026-05-15,146,142
P025,W06,2026-05-16,136,142
P025,W06,2026-05-17,151,142
P025,W06,2026-05-18,148,142
P025,W06,2026-05-19,156,142
P025,W06,2026-05-20,150,142
P025,W06,2026-05-21,138,142
P025,W06,2026-05-22,145,142
P025,W06,2026-05-23,154,142
P025,W06,2026-05-24,170,142
P025,W06,2026-05-25,130,142
P025,W06,2026-05-26,137,142
P025,W06,2026-05-27,153,142
P025,W06,2026-05-28,137,142
P025,W06,2026-05-29,152,142
P025,W06,2026-05-30,134,142
P025,W06,2026-05-31,137,142
P025,W06,2026-06-01,136,131
P025,W06,2026-06-02,127,131
P025,W06,2026-06-03,104,131
P025,W06,2026-06-04,130,131
P025,W06,2026-06-05,117,131
P025,W06,2026-06-06,143,131
P025,W06,2026-06-07,130,131
P025,W06,2026-06-08,133,131
P025,W06,2026-06-09,138,131
P025,W06,2026-06-10,135,131
P025,W06,2026-06-11,117,131
P025,W06,2026-06-12,117,131
P025,W06,2026-06-13,159,131
P025,W06,2026-06-14,149,131
P025,W06,2026-06-15,101,131
P025,W06,2026-06-16,119,131
P025,W06,2026-06-17,134,131
P025,W06,2026-06-18,125,131
P025,W06,2026-06-19,129,131
P025,W06,2026-06-20,123,131
P025,W06,2026-06-21,132,131
P025,W06,2026-06-22,127,131
P025,W06,2026-06-23,136,131
P025,W06,2026-06-24,162,131
P025,W06,2026-06-25,132,131
P025,W06,2026-06-26,114,131
P025,W06,2026-06-27,114,131
P025,W06,2026-06-28,150,131
P025,W06,2026-06-29,132,131
P025,W06,2026-06-30,129,131
P025,W06,2026-07-01,115,133
P025,W06,2026-07-02,134,133
P025,W06,2026-07-03,129,133
P025,W06,2026-07-04,145,133
P025,W06,2026-07-05,131,133
P025,W06,2026-07-06,150,133
P025,W06,2026-07-07,146,133
P025,W06,2026-07-08,115,133
P025,W06,2026-07-09,129,133
P025,W06,2026-07-10,135,133
P025,W06,2026-07-11,125,133
P025,W06,2026-07-12,112,133
P025,W06,2026-07-13,141,133
P025,W06,2026-07-14,108,133
P025,W06,2026-07-15,149,133
P025,W06,2026-07-16,159,133
P025,W06,2026-07-17,133,133
P025,W06,2026-07-18,142,133
P025,W06,2026-07-19,120,133
P025,W06,2026-07-20,136,133
P025,W06,2026-07-21,116,133
P025,W06,2026-07-22,124,133
P025,W06,2026-07-23,146,133
P025,W06,2026-07-24,127,133
P025,W06,2026-07-25,127,133
P025,W06,2026-07-26,141,133
P025,W06,2026-07-27,121,133
P025,W06,2026-07-28,123,133
P025,W06,2026-07-29,135,133
P025,W06,2026-07-30,143,133
P025,W06,2026-07-31,137,133
P025,W06,2026-08-01,134,135
P025,W06,2026-08-02,134,135
P025,W06,2026-08-03,153,135
P025,W06,2026-08-04,118,135
P025,W06,2026-08-05,138,135
P025,W06,2026-08-06,120,135
P025,W06,2026-08-07,128,135
P025,W06,2026-08-08,137,135
P025,W06,2026-08-09,146,135
P025,W06,2026-08-10,,135
P025,W06,2026-08-11,,135
P025,W06,2026-08-12,,135
P025,W06,2026-08-13,,135
P025,W06,2026-08-14,,135
P025,W06,2026-08-15,,135
P025,W06,2026-08-16,,135
P025,W06,2026-08-17,,135
P025,W06,2026-08-18,,135
P025,W06,2026-08-19,,135
P025,W06,2026-08-20,,135
P025,W06,2026-08-21,,135
P025,W06,2026-08-22,,135
P025,W06,2026-08-23,,135
P025,W06,2026-08-24,,135
P025,W06,2026-08-25,,135
P025,W06,2026-08-26,,135
P025,W06,2026-08-27,,135
P025,W06,2026-08-28,,135
P025,W06,2026-08-29,,135
P025,W06,2026-08-30,,135
P025,W06,2026-08-31,,135
P025,W06,2026-09-01,,137
P025,W06,2026-09-02,,137
P025,W06,2026-09-03,,137
P025,W06,2026-09-04,,137
P025,W06,2026-09-05,,137
P025,W06,2026-09-06,,137
P025,W06,2026-09-07,,137
P027,W08,2026-05-12,173,161
P027,W08,2026-05-13,166,161
P027,W08,2026-05-14,190,161
P027,W08,2026-05-15,185,161
P027,W08,2026-05-16,167,161
P027,W08,2026-05-17,148,161
P027,W08,2026-05-18,170,161
P027,W08,2026-05-19,160,161
P027,W08,2026-05-20,185,161
P027,W08,2026-05-21,168,161
P027,W08,2026-05-22,167,161
P027,W08,2026-05-23,190,161
P027,W08,2026-05-24,176,161
P027,W08,2026-05-25,135,161
P027,W08,2026-05-26,187,161
P027,W08,2026-05-27,157,161
P027,W08,2026-05-28,155,161
P027,W08,2026-05-29,187,161
P027,W08,2026-05-30,155,161
P027,W08,2026-05-31,189,161
P027,W08,2026-06-01,161,149
P027,W08,2026-06-02,135,149
P027,W08,2026-06-03,142,149
P027,W08,2026-06-04,168,149
P027,W08,2026-06-05,154,149
P027,W08,2026-06-06,139,149
P027,W08,2026-06-07,168,149
P027,W08,2026-06-08,161,149
P027,W08,2026-06-09,139,149
P027,W08,2026-06-10,141,149
P027,W08,2026-06-11,125,149
P027,W08,2026-06-12,173,149
P027,W08,2026-06-13,131,149
P027,W08,2026-06-14,149,149
P027,W08,2026-06-15,124,149
P027,W08,2026-06-16,137,149
P027,W08,2026-06-17,147,149
P027,W08,2026-06-18,151,149
P027,W08,2026-06-19,147,149
P027,W08,2026-06-20,175,149
P027,W08,2026-06-21,119,149
P027,W08,2026-06-22,156,149
P027,W08,2026-06-23,129,149
P027,W08,2026-06-24,162,149
P027,W08,2026-06-25,149,149
P027,W08,2026-06-26,163,149
P027,W08,2026-06-27,159,149
P027,W08,2026-06-28,169,149
P027,W08,2026-06-29,154,149
P027,W08,2026-06-30,138,149
P027,W08,2026-07-01,134,151
P027,W08,2026-07-02,168,151
P027,W08,2026-07-03,182,151
P027,W08,2026-07-04,150,151
P027,W08,2026-07-05,154,151
P027,W08,2026-07-06,154,151
P027,W08,2026-07-07,178,151
P027,W08,2026-07-08,186,151
P027,W08,2026-07-09,141,151
P027,W08,2026-07-10,144,151
P027,W08,2026-07-11,122,151
P027,W08,2026-07-12,136,151
P027,W08,2026-07-13,177,151
P027,W08,2026-07-14,155,151
P027,W08,2026-07-15,142,151
P027,W08,2026-07-16,177,151
P027,W08,2026-07-17,155,151
P027,W08,2026-07-18,176,151
P027,W08,2026-07-19,149,151
P027,W08,2026-07-20,163,151
P027,W08,2026-07-21,148,151
P027,W08,2026-07-22,143,151
P027,W08,2026-07-23,170,151
P027,W08,2026-07-24,145,151
P027,W08,2026-07-25,144,151
P027,W08,2026-07-26,155,151
P027,W08,2026-07-27,138,151
P027,W08,2026-07-28,184,151
P027,W08,2026-07-29,160,151
P027,W08,2026-07-30,136,151
P027,W08,2026-07-31,148,151
P027,W08,2026-08-01,143,154
P027,W08,2026-08-02,173,154
P027,W08,2026-08-03,149,154
P027,W08,2026-08-04,152,154
P027,W08,2026-08-05,176,154
P027,W08,2026-08-06,152,154
P027,W08,2026-08-07,177,154
P027,W08,2026-08-08,164,154
P027,W08,2026-08-09,133,154
P027,W08,2026-08-10,,154
P027,W08,2026-08-11,,154
P027,W08,2026-08-12,,154
P027,W08,2026-08-13,,154
P027,W08,2026-08-14,,154
P027,W08,2026-08-15,,154
P027,W08,2026-08-16,,154
P027,W08,2026-08-17,,154
P027,W08,2026-08-18,,154
P027,W08,2026-08-19,,154
P027,W08,2026-08-20,,154
P027,W08,2026-08-21,,154
P027,W08,2026-08-22,,154
P027,W08,2026-08-23,,154
P027,W08,2026-08-24,,154
P027,W08,2026-08-25,,154
P027,W08,2026-08-26,,154
P027,W08,2026-08-27,,154
P027,W08,2026-08-28,,154
P027,W08,2026-08-29,,154
P027,W08,2026-08-30,,154
P027,W08,2026-08-31,,154
P027,W08,2026-09-01,,156
P027,W08,2026-09-02,,156
P027,W08,2026-09-03,,156
P027,W08,2026-09-04,,156
P027,W08,2026-09-05,,156
P027,W08,2026-09-06,,156
P027,W08,2026-09-07,,156
P020,W03,2026-05-12,104,108
P020,W03,2026-05-13,93,108
P020,W03,2026-05-14,119,108
P020,W03,2026-05-15,115,108
P020,W03,2026-05-16,115,108
P020,W03,2026-05-17,112,108
P020,W03,2026-05-18,85,108
P020,W03,2026-05-19,131,108
P020,W03,2026-05-20,103,108
P020,W03,2026-05-21,95,108
P020,W03,2026-05-22,113,108
P020,W03,2026-05-23,95,108
P020,W03,2026-05-24,131,108
P020,W03,2026-05-25,100,108
P020,W03,2026-05-26,91,108
P020,W03,2026-05-27,108,108
P020,W03,2026-05-28,112,108
P020,W03,2026-05-29,119,108
P020,W03,2026-05-30,98,108
P020,W03,2026-05-31,86,108
P020,W03,2026-06-01,100,100
P020,W03,2026-06-02,108,100
P020,W03,2026-06-03,116,100
P020,W03,2026-06-04,85,100
P020,W03,2026-06-05,107,100
P020,W03,2026-06-06,113,100
P020,W03,2026-06-07,84,100
P020,W03,2026-06-08,95,100
P020,W03,2026-06-09,86,100
P020,W03,2026-06-10,94,100
P020,W03,2026-06-11,111,100
P020,W03,2026-06-12,124,100
P020,W03,2026-06-13,109,100
P020,W03,2026-06-14,112,100
P020,W03,2026-06-15,89,100
P020,W03,2026-06-16,89,100
P020,W03,2026-06-17,108,100
P020,W03,2026-06-18,92,100
P020,W03,2026-06-19,118,100
P020,W03,2026-06-20,94,100
P020,W03,2026-06-21,124,100
P020,W03,2026-06-22,84,100
P020,W03,2026-06-23,102,100
P020,W03,2026-06-24,96,100
P020,W03,2026-06-25,89,100
P020,W03,2026-06-26,79,100
P020,W03,2026-06-27,95,100
P020,W03,2026-06-28,98,100
P020,W03,2026-06-29,91,100
P020,W03,2026-06-30,101,100
P020,W03,2026-07-01,100,101
P020,W03,2026-07-02,88,101
P020,W03,2026-07-03,121,101
P020,W03,2026-07-04,86,101
P020,W03,2026-07-05,94,101
P020,W03,2026-07-06,105,101
P020,W03,2026-07-07,113,101
P020,W03,2026-07-08,89,101
P020,W03,2026-07-09,105,101
P020,W03,2026-07-10,98,101
P020,W03,2026-07-11,87,101
P020,W03,2026-07-12,99,101
P020,W03,2026-07-13,96,101
P020,W03,2026-07-14,109,101
P020,W03,2026-07-15,91,101
P020,W03,2026-07-16,97,101
P020,W03,2026-07-17,93,101
P020,W03,2026-07-18,112,101
P020,W03,2026-07-19,88,101
P020,W03,2026-07-20,93,101
P020,W03,2026-07-21,107,101
P020,W03,2026-07-22,95,101
P020,W03,2026-07-23,103,101
P020,W03,2026-07-24,102,101
P020,W03,2026-07-25,101,101
P020,W03,2026-07-26,84,101
P020,W03,2026-07-27,110,101
P020,W03,2026-07-28,99,101
P020,W03,2026-07-29,114,101
P020,W03,2026-07-30,109,101
P020,W03,2026-07-31,99,101
P020,W03,2026-08-01,94,103
P020,W03,2026-08-02,100,103
P020,W03,2026-08-03,89,103
P020,W03,2026-08-04,101,103
P020,W03,2026-08-05,107,103
P020,W03,2026-08-06,87,103
P020,W03,2026-08-07,95,103
P020,W03,2026-08-08,128,103
P020,W03,2026-08-09,95,103
P020,W03,2026-08-10,,103
P020,W03,2026-08-11,,103
P020,W03,2026-08-12,,103
P020,W03,2026-08-13,,103
P020,W03,2026-08-14,,103
P020,W03,2026-08-15,,103
P020,W03,2026-08-16,,103
P020,W03,2026-08-17,,103
P020,W03,2026-08-18,,103
P020,W03,2026-08-19,,103
P020,W03,2026-08-20,,103
P020,W03,2026-08-21,,103
P020,W03,2026-08-22,,103
P020,W03,2026-08-23,,103
P020,W03,2026-08-24,,103
P020,W03,2026-08-25,,103
P020,W03,2026-08-26,,103
P020,W03,2026-08-27,,103
P020,W03,2026-08-28,,103
P020,W03,2026-08-29,,103
P020,W03,2026-08-30,,103
P020,W03,2026-08-31,,103
P020,W03,2026-09-01,,105
P020,W03,2026-09-02,,105
P020,W03,2026-09-03,,105
P020,W03,2026-09-04,,105
P020,W03,2026-09-05,,105
P020,W03,2026-09-06,,105
P020,W03,2026-09-07,,105
P007,W01,2026-05-12,83,83
P007,W01,2026-05-13,87,83
P007,W01,2026-05-14,74,83
P007,W01,2026-05-15,92,83
P007,W01,2026-05-16,77,83
P007,W01,2026-05-17,86,83
P007,W01,2026-05-18,84,83
P007,W01,2026-05-19,67,83
P007,W01,2026-05-20,73,83
P007,W01,2026-05-21,67,83
P007,W01,2026-05-22,87,83
P007,W01,2026-05-23,100,83
P007,W01,2026-05-24,92,83
P007,W01,2026-05-25,80,83
P007,W01,2026-05-26,88,83
P007,W01,2026-05-27,92,83
P007,W01,2026-05-28,85,83
P007,W01,2026-05-29,92,83
P007,W01,2026-05-30,78,83
P007,W01,2026-05-31,90,83
P007,W01,2026-06-01,75,77
P007,W01,2026-06-02,83,77
P007,W01,2026-06-03,78,77
P007,W01,2026-06-04,60,77
P007,W01,2026-06-05,65,77
P007,W01,2026-06-06,73,77
P007,W01,2026-06-07,75,77
P007,W01,2026-06-08,73,77
P007,W01,2026-06-09,68,77
P007,W01,2026-06-10,94,77
P007,W01,2026-06-11,66,77
P007,W01,2026-06-12,78,77
P007,W01,2026-06-13,69,77
P007,W01,2026-06-14,78,77
P007,W01,2026-06-15,64,77
P007,W01,2026-06-16,62,77
P007,W01,2026-06-17,78,77
P007,W01,2026-06-18,95,77
P007,W01,2026-06-19,74,77
P007,W01,2026-06-20,86,77
P007,W01,2026-06-21,73,77
P007,W01,2026-06-22,75,77
P007,W01,2026-06-23,72,77
P007,W01,2026-06-24,79,77
P007,W01,2026-06-25,78,77
P007,W01,2026-06-26,81,77
P007,W01,2026-06-27,78,77
P007,W01,2026-06-28,85,77
P007,W01,2026-06-29,67,77
P007,W01,2026-06-30,68,77
P007,W01,2026-07-01,64,78
P007,W01,2026-07-02,86,78
P007,W01,2026-07-03,81,78
P007,W01,2026-07-04,79,78
P007,W01,2026-07-05,73,78
P007,W01,2026-07-06,82,78
P007,W01,2026-07-07,75,78
P007,W01,2026-07-08,76,78
P007,W01,2026-07-09,69,78
P007,W01,2026-07-10,64,78
P007,W01,2026-07-11,85,78
P007,W01,2026-07-12,73,78
P007,W01,2026-07-13,63,78
P007,W01,2026-07-14,85,78
P007,W01,2026-07-15,85,78
P007,W01,2026-07-16,78,78
P007,W01,2026-07-17,85,78
P007,W01,2026-07-18,80,78
P007,W01,2026-07-19,89,78
P007,W01,2026-07-20,69,78
P007,W01,2026-07-21,73,78
P007,W01,2026-07-22,77,78
P007,W01,2026-07-23,92,78
P007,W01,2026-07-24,83,78
P007,W01,2026-07-25,85,78
P007,W01,2026-07-26,84,78
P007,W01,2026-07-27,83,78
P007,W01,2026-07-28,87,78
P007,W01,2026-07-29,80,78
P007,W01,2026-07-30,73,78
P007,W01,2026-07-31,89,78
P007,W01,2026-08-01,89,79
P007,W01,2026-08-02,74,79
P007,W01,2026-08-03,68,79
P007,W01,2026-08-04,85,79
P007,W01,2026-08-05,66,79
P007,W01,2026-08-06,73,79
P007,W01,2026-08-07,70,79
P007,W01,2026-08-08,75,79
P007,W01,2026-08-09,79,79
P007,W01,2026-08-10,,79
P007,W01,2026-08-11,,79
P007,W01,2026-08-12,,79
P007,W01,2026-08-13,,79
P007,W01,2026-08-14,,79
P007,W01,2026-08-15,,79
P007,W01,2026-08-16,,79
P007,W01,2026-08-17,,79
P007,W01,2026-08-18,,79
P007,W01,2026-08-19,,79
P007,W01,2026-08-20,,79
P007,W01,2026-08-21,,79
P007,W01,2026-08-22,,79
P007,W01,2026-08-23,,79
P007,W01,2026-08-24,,79
P007,W01,2026-08-25,,79
P007,W01,2026-08-26,,79
P007,W01,2026-08-27,,79
P007,W01,2026-08-28,,79
P007,W01,2026-08-29,,79
P007,W01,2026-08-30,,79
P007,W01,2026-08-31,,79
P007,W01,2026-09-01,,80
P007,W01,2026-09-02,,80
P007,W01,2026-09-03,,80
P007,W01,2026-09-04,,80
P007,W01,2026-09-05,,80
P007,W01,2026-09-06,,80
P007,W01,2026-09-07,,80
P025,W08,2026-05-12,176,159
P025,W08,2026-05-13,148,159
P025,W08,2026-05-14,142,159
P025,W08,2026-05-15,175,159
P025,W08,2026-05-16,151,159
P025,W08,2026-05-17,181,159
P025,W08,2026-05-18,151,159
P025,W08,2026-05-19,178,159
P025,W08,2026-05-20,196,159
P025,W08,2026-05-21,179,159
P025,W08,2026-05-22,140,159
P025,W08,2026-05-23,156,159
P025,W08,2026-05-24,133,159
P025,W08,2026-05-25,136,159
P025,W08,2026-05-26,154,159
P025,W08,2026-05-27,169,159
P025,W08,2026-05-28,149,159
P025,W08,2026-05-29,157,159
P025,W08,2026-05-30,154,159
P025,W08,2026-05-31,153,159
P025,W08,2026-06-01,141,147
P025,W08,2026-06-02,147,147
P025,W08,2026-06-03,130,147
P025,W08,2026-06-04,122,147
P025,W08,2026-06-05,133,147
P025,W08,2026-06-06,177,147
P025,W08,2026-06-07,136,147
P025,W08,2026-06-08,117,147
P025,W08,2026-06-09,157,147
P025,W08,2026-06-10,151,147
P025,W08,2026-06-11,150,147
P025,W08,2026-06-12,131,147
P025,W08,2026-06-13,145,147
P025,W08,2026-06-14,135,147
P025,W08,2026-06-15,157,147
P025,W08,2026-06-16,137,147
P025,W08,2026-06-17,150,147
P025,W08,2026-06-18,148,147
P025,W08,2026-06-19,156,147
P025,W08,2026-06-20,155,147
P025,W08,2026-06-21,154,147
P025,W08,2026-06-22,151,147
P025,W08,2026-06-23,148,147
P025,W08,2026-06-24,163,147
P025,W08,2026-06-25,165,147
P025,W08,2026-06-26,174,147
P025,W08,2026-06-27,161,147
P025,W08,2026-06-28,153,147
P025,W08,2026-06-29,133,147
P025,W08,2026-06-30,131,147
P025,W08,2026-07-01,167,149
P025,W08,2026-07-02,150,149
P025,W08,2026-07-03,159,149
P025,W08,2026-07-04,156,149
P025,W08,2026-07-05,145,149
P025,W08,2026-07-06,130,149
P025,W08,2026-07-07,170,149
P025,W08,2026-07-08,139,149
P025,W08,2026-07-09,143,149
P025,W08,2026-07-10,150,149
P025,W08,2026-07-11,149,149
P025,W08,2026-07-12,156,149
P025,W08,2026-07-13,132,149
P025,W08,2026-07-14,180,149
P025,W08,2026-07-15,173,149
P025,W08,2026-07-16,148,149
P025,W08,2026-07-17,155,149
P025,W08,2026-07-18,151,149
P025,W08,2026-07-19,155,149
P025,W08,2026-07-20,152,149
P025,W08,2026-07-21,140,149
P025,W08,2026-07-22,168,149
P025,W08,2026-07-23,173,149
P025,W08,2026-07-24,176,149
P025,W08,2026-07-25,151,149
P025,W08,2026-07-26,116,149
P025,W08,2026-07-27,143,149
P025,W08,2026-07-28,141,149
P025,W08,2026-07-29,122,149
P025,W08,2026-07-30,131,149
P025,W08,2026-07-31,154,149
P025,W08,2026-08-01,146,152
P025,W08,2026-08-02,126,152
P025,W08,2026-08-03,169,152
P025,W08,2026-08-04,167,152
P025,W08,2026-08-05,143,152
P025,W08,2026-08-06,168,152
P025,W08,2026-08-07,149,152
P025,W08,2026-08-08,176,152
P025,W08,2026-08-09,154,152
P025,W08,2026-08-10,,152
P025,W08,2026-08-11,,152
P025,W08,2026-08-12,,152
P025,W08,2026-08-13,,152
P025,W08,2026-08-14,,152
P025,W08,2026-08-15,,152
P025,W08,2026-08-16,,152
P025,W08,2026-08-17,,152
P025,W08,2026-08-18,,152
P025,W08,2026-08-19,,152
P025,W08,2026-08-20,,152
P025,W08,2026-08-21,,152
P025,W08,2026-08-22,,152
P025,W08,2026-08-23,,152
P025,W08,2026-08-24,,152
P025,W08,2026-08-25,,152
P025,W08,2026-08-26,,152
P025,W08,2026-08-27,,152
P025,W08,2026-08-28,,152
P025,W08,2026-08-29,,152
P025,W08,2026-08-30,,152
P025,W08,2026-08-31,,152
P025,W08,2026-09-01,,154
P025,W08,2026-09-02,,154
P025,W08,2026-09-03,,154
P025,W08,2026-09-04,,154
P025,W08,2026-09-05,,154
P025,W08,2026-09-06,,154
P025,W08,2026-09-07,,154
P029,W06,2026-05-12,46,45
P029,W06,2026-05-13,48,45
P029,W06,2026-05-14,41,45
P029,W06,2026-05-15,48,45
P029,W06,2026-05-16,39,45
P029,W06,2026-05-17,47,45
P029,W06,2026-05-18,44,45
P029,W06,2026-05-19,39,45
P029,W06,2026-05-20,46,45
P029,W06,2026-05-21,45,45
P029,W06,2026-05-22,38,45
P029,W06,2026-05-23,53,45
P029,W06,2026-05-24,48,45
P029,W06,2026-05-25,45,45
P029,W06,2026-05-26,47,45
P029,W06,2026-05-27,42,45
P029,W06,2026-05-28,46,45
P029,W06,2026-05-29,45,45
P029,W06,2026-05-30,46,45
P029,W06,2026-05-31,38,45
P029,W06,2026-06-01,48,42
P029,W06,2026-06-02,45,42
P029,W06,2026-06-03,39,42
P029,W06,2026-06-04,41,42
P029,W06,2026-06-05,41,42
P029,W06,2026-06-06,41,42
P029,W06,2026-06-07,44,42
P029,W06,2026-06-08,45,42
P029,W06,2026-06-09,39,42
P029,W06,2026-06-10,34,42
P029,W06,2026-06-11,48,42
P029,W06,2026-06-12,46,42
P029,W06,2026-06-13,35,42
P029,W06,2026-06-14,37,42
P029,W06,2026-06-15,36,42
P029,W06,2026-06-16,42,42
P029,W06,2026-06-17,38,42
P029,W06,2026-06-18,39,42
P029,W06,2026-06-19,36,42
P029,W06,2026-06-20,46,42
P029,W06,2026-06-21,37,42
P029,W06,2026-06-22,41,42
P029,W06,2026-06-23,47,42
P029,W06,2026-06-24,39,42
P029,W06,2026-06-25,49,42
P029,W06,2026-06-26,35,42
P029,W06,2026-06-27,37,42
P029,W06,2026-06-28,39,42
P029,W06,2026-06-29,42,42
P029,W06,2026-06-30,38,42
P029,W06,2026-07-01,43,42
P029,W06,2026-07-02,39,42
P029,W06,2026-07-03,47,42
P029,W06,2026-07-04,45,42
P029,W06,2026-07-05,39,42
P029,W06,2026-07-06,46,42
P029,W06,2026-07-07,46,42
P029,W06,2026-07-08,39,42
P029,W06,2026-07-09,44,42
P029,W06,2026-07-10,49,42
P029,W06,2026-07-11,45,42
P029,W06,2026-07-12,38,42
P029,W06,2026-07-13,46,42
P029,W06,2026-07-14,43,42
P029,W06,2026-07-15,41,42
P029,W06,2026-07-16,42,42
P029,W06,2026-07-17,47,42
P029,W06,2026-07-18,39,42
P029,W06,2026-07-19,45,42
P029,W06,2026-07-20,52,42
P029,W06,2026-07-21,42,42
P029,W06,2026-07-22,36,42
P029,W06,2026-07-23,42,42
P029,W06,2026-07-24,46,42
P029,W06,2026-07-25,38,42
P029,W06,2026-07-26,33,42
P029,W06,2026-07-27,34,42
P029,W06,2026-07-28,38,42
P029,W06,2026-07-29,44,42
P029,W06,2026-07-30,48,42
P029,W06,2026-07-31,41,42
P029,W06,2026-08-01,40,43
P029,W06,2026-08-02,42,43
P029,W06,2026-08-03,44,43
P029,W06,2026-08-04,45,43
P029,W06,2026-08-05,39,43
P029,W06,2026-08-06,49,43
P029,W06,2026-08-07,43,43
P029,W06,2026-08-08,40,43
P029,W06,2026-08-09,45,43
P029,W06,2026-08-10,,43
P029,W06,2026-08-11,,43
P029,W06,2026-08-12,,43
P029,W06,2026-08-13,,43
P029,W06,2026-08-14,,43
P029,W06,2026-08-15,,43
P029,W06,2026-08-16,,43
P029,W06,2026-08-17,,43
P029,W06,2026-08-18,,43
P029,W06,2026-08-19,,43
P029,W06,2026-08-20,,43
P029,W06,2026-08-21,,43
P029,W06,2026-08-22,,43
P029,W06,2026-08-23,,43
P029,W06,2026-08-24,,43
P029,W06,2026-08-25,,43
P029,W06,2026-08-26,,43
P029,W06,2026-08-27,,43
P029,W06,2026-08-28,,43
P029,W06,2026-08-29,,43
P029,W06,2026-08-30,,43
P029,W06,2026-08-31,,43
P029,W06,2026-09-01,,44
P029,W06,2026-09-02,,44
P029,W06,2026-09-03,,44
P029,W06,2026-09-04,,44
P029,W06,2026-09-05,,44
P029,W06,2026-09-06,,44
P029,W06,2026-09-07,,44
P015,W02,2026-05-12,121,133
P015,W02,2026-05-13,139,133
P015,W02,2026-05-14,121,133
P015,W02,2026-05-15,144,133
P015,W02,2026-05-16,131,133
P015,W02,2026-05-17,126,133
P015,W02,2026-05-18,109,133
P015,W02,2026-05-19,145,133
P015,W02,2026-05-20,136,133
P015,W02,2026-05-21,132,133
P015,W02,2026-05-22,111,133
P015,W02,2026-05-23,120,133
P015,W02,2026-05-24,138,133
P015,W02,2026-05-25,122,133
P015,W02,2026-05-26,146,133
P015,W02,2026-05-27,133,133
P015,W02,2026-05-28,113,133
P015,W02,2026-05-29,122,133
P015,W02,2026-05-30,130,133
P015,W02,2026-05-31,138,133
P015,W02,2026-06-01,139,122
P015,W02,2026-06-02,103,122
P015,W02,2026-06-03,102,122
P015,W02,2026-06-04,145,122
P015,W02,2026-06-05,107,122
P015,W02,2026-06-06,121,122
P015,W02,2026-06-07,109,122
P015,W02,2026-06-08,120,122
P015,W02,2026-06-09,120,122
P015,W02,2026-06-10,121,122
P015,W02,2026-06-11,138,122
P015,W02,2026-06-12,129,122
P015,W02,2026-06-13,101,122
P015,W02,2026-06-14,116,122
P015,W02,2026-06-15,119,122
P015,W02,2026-06-16,127,122
P015,W02,2026-06-17,124,122
P015,W02,2026-06-18,146,122
P015,W02,2026-06-19,150,122
P015,W02,2026-06-20,108,122
P015,W02,2026-06-21,130,122
P015,W02,2026-06-22,111,122
P015,W02,2026-06-23,133,122
P015,W02,2026-06-24,116,122
P015,W02,2026-06-25,113,122
P015,W02,2026-06-26,120,122
P015,W02,2026-06-27,117,122
P015,W02,2026-06-28,117,122
P015,W02,2026-06-29,118,122
P015,W02,2026-06-30,144,122
P015,W02,2026-07-01,123,124
P015,W02,2026-07-02,145,124
P015,W02,2026-07-03,139,124
P015,W02,2026-07-04,108,124
P015,W02,2026-07-05,126,124
P015,W02,2026-07-06,113,124
P015,W02,2026-07-07,103,124
P015,W02,2026-07-08,140,124
P015,W02,2026-07-09,118,124
P015,W02,2026-07-10,127,124
P015,W02,2026-07-11,125,124
P015,W02,2026-07-12,136,124
P015,W02,2026-07-13,108,124
P015,W02,2026-07-14,117,124
P015,W02,2026-07-15,140,124
P015,W02,2026-07-16,146,124
P015,W02,2026-07-17,129,124
P015,W02,2026-07-18,109,124
P015,W02,2026-07-19,127,124
P015,W02,2026-07-20,134,124
P015,W02,2026-07-21,109,124
P015,W02,2026-07-22,105,124
P015,W02,2026-07-23,119,124
P015,W02,2026-07-24,128,124
P015,W02,2026-07-25,147,124
P015,W02,2026-07-26,140,124
P015,W02,2026-07-27,125,124
P015,W02,2026-07-28,120,124
P015,W02,2026-07-29,147,124
P015,W02,2026-07-30,121,124
P015,W02,2026-07-31,124,124
P015,W02,2026-08-01,122,126
P015,W02,2026-08-02,132,126
P015,W02,2026-08-03,121,126
P015,W02,2026-08-04,127,126
P015,W02,2026-08-05,135,126
P015,W02,2026-08-06,100,126
P015,W02,2026-08-07,134,126
P015,W02,2026-08-08,138,126
P015,W02,2026-08-09,135,126
P015,W02,2026-08-10,,126
P015,W02,2026-08-11,,126
P015,W02,2026-08-12,,126
P015,W02,2026-08-13,,126
P015,W02,2026-08-14,,126
P015,W02,2026-08-15,,126
P015,W02,2026-08-16,,126
P015,W02,2026-08-17,,126
P015,W02,2026-08-18,,126
P015,W02,2026-08-19,,126
P015,W02,2026-08-20,,126
P015,W02,2026-08-21,,126
P015,W02,2026-08-22,,126
P015,W02,2026-08-23,,126
P015,W02,2026-08-24,,126
P015,W02,2026-08-25,,126
P015,W02,2026-08-26,,126
P015,W02,2026-08-27,,126
P015,W02,2026-08-28,,126
P015,W02,2026-08-29,,126
P015,W02,2026-08-30,,126
P015,W02,2026-08-31,,126
P015,W02,2026-09-01,,128
P015,W02,2026-09-02,,128
P015,W02,2026-09-03,,128
P015,W02,2026-09-04,,128
P015,W02,2026-09-05,,128
P015,W02,2026-09-06,,128
P015,W02,2026-09-07,,128
P029,W02,2026-05-12,40,37
P029,W02,2026-05-13,37,37
P029,W02,2026-05-14,42,37
P029,W02,2026-05-15,34,37
P029,W02,2026-05-16,42,37
P029,W02,2026-05-17,37,37
P029,W02,2026-05-18,38,37
P029,W02,2026-05-19,42,37
P029,W02,2026-05-20,38,37
P029,W02,2026-05-21,42,37
P029,W02,2026-05-22,33,37
P029,W02,2026-05-23,39,37
P029,W02,2026-05-24,43,37
P029,W02,2026-05-25,38,37
P029,W02,2026-05-26,43,37
P029,W02,2026-05-27,39,37
P029,W02,2026-05-28,32,37
P029,W02,2026-05-29,37,37
P029,W02,2026-05-30,39,37
P029,W02,2026-05-31,38,37
P029,W02,2026-06-01,40,35
P029,W02,2026-06-02,32,35
P029,W02,2026-06-03,31,35
P029,W02,2026-06-04,32,35
P029,W02,2026-06-05,32,35
P029,W02,2026-06-06,38,35
P029,W02,2026-06-07,35,35
P029,W02,2026-06-08,32,35
P029,W02,2026-06-09,36,35
P029,W02,2026-06-10,34,35
P029,W02,2026-06-11,32,35
P029,W02,2026-06-12,38,35
P029,W02,2026-06-13,41,35
P029,W02,2026-06-14,37,35
P029,W02,2026-06-15,36,35
P029,W02,2026-06-16,37,35
P029,W02,2026-06-17,32,35
P029,W02,2026-06-18,31,35
P029,W02,2026-06-19,32,35
P029,W02,2026-06-20,29,35
P029,W02,2026-06-21,33,35
P029,W02,2026-06-22,32,35
P029,W02,2026-06-23,31,35
P029,W02,2026-06-24,39,35
P029,W02,2026-06-25,34,35
P029,W02,2026-06-26,33,35
P029,W02,2026-06-27,34,35
P029,W02,2026-06-28,27,35
P029,W02,2026-06-29,35,35
P029,W02,2026-06-30,31,35
P029,W02,2026-07-01,34,35
P029,W02,2026-07-02,32,35
P029,W02,2026-07-03,38,35
P029,W02,2026-07-04,35,35
P029,W02,2026-07-05,35,35
P029,W02,2026-07-06,30,35
P029,W02,2026-07-07,33,35
P029,W02,2026-07-08,35,35
P029,W02,2026-07-09,35,35
P029,W02,2026-07-10,36,35
P029,W02,2026-07-11,38,35
P029,W02,2026-07-12,27,35
P029,W02,2026-07-13,32,35
P029,W02,2026-07-14,34,35
P029,W02,2026-07-15,36,35
P029,W02,2026-07-16,35,35
P029,W02,2026-07-17,30,35
P029,W02,2026-07-18,35,35
P029,W02,2026-07-19,37,35
P029,W02,2026-07-20,32,35
P029,W02,2026-07-21,38,35
P029,W02,2026-07-22,33,35
P029,W02,2026-07-23,35,35
P029,W02,2026-07-24,29,35
P029,W02,2026-07-25,31,35
P029,W02,2026-07-26,34,35
P029,W02,2026-07-27,35,35
P029,W02,2026-07-28,36,35
P029,W02,2026-07-29,33,35
P029,W02,2026-07-30,32,35
P029,W02,2026-07-31,32,35
P029,W02,2026-08-01,40,36
P029,W02,2026-08-02,35,36
P029,W02,2026-08-03,32,36
P029,W02,2026-08-04,34,36
P029,W02,2026-08-05,31,36
P029,W02,2026-08-06,37,36
P029,W02,2026-08-07,33,36
P029,W02,2026-08-08,40,36
P029,W02,2026-08-09,36,36
P029,W02,2026-08-10,,36
P029,W02,2026-08-11,,36
P029,W02,2026-08-12,,36
P029,W02,2026-08-13,,36
P029,W02,2026-08-14,,36
P029,W02,2026-08-15,,36
P029,W02,2026-08-16,,36
P029,W02,2026-08-17,,36
P029,W02,2026-08-18,,36
P029,W02,2026-08-19,,36
P029,W02,2026-08-20,,36
P029,W02,2026-08-21,,36
P029,W02,2026-08-22,,36
P029,W02,2026-08-23,,36
P029,W02,2026-08-24,,36
P029,W02,2026-08-25,,36
P029,W02,2026-08-26,,36
P029,W02,2026-08-27,,36
P029,W02,2026-08-28,,36
P029,W02,2026-08-29,,36
P029,W02,2026-08-30,,36
P029,W02,2026-08-31,,36
P029,W02,2026-09-01,,36
P029,W02,2026-09-02,,36
P029,W02,2026-09-03,,36
P029,W02,2026-09-04,,36
P029,W02,2026-09-05,,36
P029,W02,2026-09-06,,36
P029,W02,2026-09-07,,36
P025,W02,2026-05-12,69,82
P025,W02,2026-05-13,75,82
P025,W02,2026-05-14,66,82
P025,W02,2026-05-15,73,82
P025,W02,2026-05-16,82,82
P025,W02,2026-05-17,63,82
P025,W02,2026-05-18,84,82
P025,W02,2026-05-19,65,82
P025,W02,2026-05-20,92,82
P025,W02,2026-05-21,80,82
P025,W02,2026-05-22,94,82
P025,W02,2026-05-23,75,82
P025,W02,2026-05-24,77,82
P025,W02,2026-05-25,67,82
P025,W02,2026-05-26,94,82
P025,W02,2026-05-27,94,82
P025,W02,2026-05-28,67,82
P025,W02,2026-05-29,79,82
P025,W02,2026-05-30,81,82
P025,W02,2026-05-31,68,82
P025,W02,2026-06-01,75,75
P025,W02,2026-06-02,69,75
P025,W02,2026-06-03,62,75
P025,W02,2026-06-04,90,75
P025,W02,2026-06-05,80,75
P025,W02,2026-06-06,75,75
P025,W02,2026-06-07,71,75
P025,W02,2026-06-08,73,75
P025,W02,2026-06-09,69,75
P025,W02,2026-06-10,70,75
P025,W02,2026-06-11,70,75
P025,W02,2026-06-12,74,75
P025,W02,2026-06-13,72,75
P025,W02,2026-06-14,83,75
P025,W02,2026-06-15,72,75
P025,W02,2026-06-16,77,75
P025,W02,2026-06-17,61,75
P025,W02,2026-06-18,74,75
P025,W02,2026-06-19,82,75
P025,W02,2026-06-20,69,75
P025,W02,2026-06-21,62,75
P025,W02,2026-06-22,85,75
P025,W02,2026-06-23,69,75
P025,W02,2026-06-24,69,75
P025,W02,2026-06-25,72,75
P025,W02,2026-06-26,64,75
P025,W02,2026-06-27,65,75
P025,W02,2026-06-28,79,75
P025,W02,2026-06-29,88,75
P025,W02,2026-06-30,67,75
P025,W02,2026-07-01,71,77
P025,W02,2026-07-02,68,77
P025,W02,2026-07-03,90,77
P025,W02,2026-07-04,78,77
P025,W02,2026-07-05,71,77
P025,W02,2026-07-06,77,77
P025,W02,2026-07-07,70,77
P025,W02,2026-07-08,73,77
P025,W02,2026-07-09,87,77
P025,W02,2026-07-10,64,77
P025,W02,2026-07-11,79,77
P025,W02,2026-07-12,66,77
P025,W02,2026-07-13,62,77
P025,W02,2026-07-14,82,77
P025,W02,2026-07-15,77,77
P025,W02,2026-07-16,65,77
P025,W02,2026-07-17,84,77
P025,W02,2026-07-18,88,77
P025,W02,2026-07-19,89,77
P025,W02,2026-07-20,83,77
P025,W02,2026-07-21,69,77
P025,W02,2026-07-22,79,77
P025,W02,2026-07-23,82,77
P025,W02,2026-07-24,72,77
P025,W02,2026-07-25,65,77
P025,W02,2026-07-26,84,77
P025,W02,2026-07-27,78,77
P025,W02,2026-07-28,67,77
P025,W02,2026-07-29,74,77
P025,W02,2026-07-30,77,77
P025,W02,2026-07-31,84,77
P025,W02,2026-08-01,74,78
P025,W02,2026-08-02,67,78
P025,W02,2026-08-03,68,78
P025,W02,2026-08-04,80,78
P025,W02,2026-08-05,74,78
P025,W02,2026-08-06,67,78
P025,W02,2026-08-07,71,78
P025,W02,2026-08-08,68,78
P025,W02,2026-08-09,68,78
P025,W02,2026-08-10,,78
P025,W02,2026-08-11,,78
P025,W02,2026-08-12,,78
P025,W02,2026-08-13,,78
P025,W02,2026-08-14,,78
P025,W02,2026-08-15,,78
P025,W02,2026-08-16,,78
P025,W02,2026-08-17,,78
P025,W02,2026-08-18,,78
P025,W02,2026-08-19,,78
P025,W02,2026-08-20,,78
P025,W02,2026-08-21,,78
P025,W02,2026-08-22,,78
P025,W02,2026-08-23,,78
P025,W02,2026-08-24,,78
P025,W02,2026-08-25,,78
P025,W02,2026-08-26,,78
P025,W02,2026-08-27,,78
P025,W02,2026-08-28,,78
P025,W02,2026-08-29,,78
P025,W02,2026-08-30,,78
P025,W02,2026-08-31,,78
P025,W02,2026-09-01,,79
P025,W02,2026-09-02,,79
P025,W02,2026-09-03,,79
P025,W02,2026-09-04,,79
P025,W02,2026-09-05,,79
P025,W02,2026-09-06,,79
P025,W02,2026-09-07,,79
P002,W01,2026-05-12,159,144
P002,W01,2026-05-13,149,144
P002,W01,2026-05-14,159,144
P002,W01,2026-05-15,118,144
P002,W01,2026-05-16,162,144
P002,W01,2026-05-17,169,144
P002,W01,2026-05-18,140,144
P002,W01,2026-05-19,130,144
P002,W01,2026-05-20,116,144
P002,W01,2026-05-21,157,144
P002,W01,2026-05-22,149,144
P002,W01,2026-05-23,148,144
P002,W01,2026-05-24,143,144
P002,W01,2026-05-25,150,144
P002,W01,2026-05-26,136,144
P002,W01,2026-05-27,129,144
P002,W01,2026-05-28,149,144
P002,W01,2026-05-29,154,144
P002,W01,2026-05-30,154,144
P002,W01,2026-05-31,153,144
P002,W01,2026-06-01,155,133
P002,W01,2026-06-02,116,133
P002,W01,2026-06-03,134,133
P002,W01,2026-06-04,129,133
P002,W01,2026-06-05,154,133
P002,W01,2026-06-06,126,133
P002,W01,2026-06-07,117,133
P002,W01,2026-06-08,122,133
P002,W01,2026-06-09,147,133
P002,W01,2026-06-10,147,133
P002,W01,2026-06-11,137,133
P002,W01,2026-06-12,112,133
P002,W01,2026-06-13,115,133
P002,W01,2026-06-14,122,133
P002,W01,2026-06-15,115,133
P002,W01,2026-06-16,107,133
P002,W01,2026-06-17,156,133
P002,W01,2026-06-18,136,133
P002,W01,2026-06-19,115,133
P002,W01,2026-06-20,122,133
P002,W01,2026-06-21,127,133
P002,W01,2026-06-22,142,133
P002,W01,2026-06-23,124,133
P002,W01,2026-06-24,144,133
P002,W01,2026-06-25,132,133
P002,W01,2026-06-26,105,133
P002,W01,2026-06-27,123,133
P002,W01,2026-06-28,116,133
P002,W01,2026-06-29,129,133
P002,W01,2026-06-30,146,133
P002,W01,2026-07-01,132,135
P002,W01,2026-07-02,135,135
P002,W01,2026-07-03,111,135
P002,W01,2026-07-04,132,135
P002,W01,2026-07-05,142,135
P002,W01,2026-07-06,138,135
P002,W01,2026-07-07,135,135
P002,W01,2026-07-08,111,135
P002,W01,2026-07-09,116,135
P002,W01,2026-07-10,109,135
P002,W01,2026-07-11,164,135
P002,W01,2026-07-12,121,135
P002,W01,2026-07-13,163,135
P002,W01,2026-07-14,120,135
P002,W01,2026-07-15,110,135
P002,W01,2026-07-16,128,135
P002,W01,2026-07-17,124,135
P002,W01,2026-07-18,165,135
P002,W01,2026-07-19,127,135
P002,W01,2026-07-20,122,135
P002,W01,2026-07-21,134,135
P002,W01,2026-07-22,130,135
P002,W01,2026-07-23,136,135
P002,W01,2026-07-24,142,135
P002,W01,2026-07-25,139,135
P002,W01,2026-07-26,119,135
P002,W01,2026-07-27,128,135
P002,W01,2026-07-28,109,135
P002,W01,2026-07-29,126,135
P002,W01,2026-07-30,136,135
P002,W01,2026-07-31,130,135
P002,W01,2026-08-01,136,137
P002,W01,2026-08-02,143,137
P002,W01,2026-08-03,124,137
P002,W01,2026-08-04,122,137
P002,W01,2026-08-05,146,137
P002,W01,2026-08-06,118,137
P002,W01,2026-08-07,158,137
P002,W01,2026-08-08,161,137
P002,W01,2026-08-09,127,137
P002,W01,2026-08-10,,137
P002,W01,2026-08-11,,137
P002,W01,2026-08-12,,137
P002,W01,2026-08-13,,137
P002,W01,2026-08-14,,137
P002,W01,2026-08-15,,137
P002,W01,2026-08-16,,137
P002,W01,2026-08-17,,137
P002,W01,2026-08-18,,137
P002,W01,2026-08-19,,137
P002,W01,2026-08-20,,137
P002,W01,2026-08-21,,137
P002,W01,2026-08-22,,137
P002,W01,2026-08-23,,137
P002,W01,2026-08-24,,137
P002,W01,2026-08-25,,137
P002,W01,2026-08-26,,137
P002,W01,2026-08-27,,137
P002,W01,2026-08-28,,137
P002,W01,2026-08-29,,137
P002,W01,2026-08-30,,137
P002,W01,2026-08-31,,137
P002,W01,2026-09-01,,139
P002,W01,2026-09-02,,139
P002,W01,2026-09-03,,139
P002,W01,2026-09-04,,139
P002,W01,2026-09-05,,139
P002,W01,2026-09-06,,139
P002,W01,2026-09-07,,139
P012,W06,2026-05-12,101,114
P012,W06,2026-05-13,103,114
P012,W06,2026-05-14,102,114
P012,W06,2026-05-15,97,114
P012,W06,2026-05-16,100,114
P012,W06,2026-05-17,110,114
P012,W06,2026-05-18,107,114
P012,W06,2026-05-19,124,114
P012,W06,2026-05-20,130,114
P012,W06,2026-05-21,109,114
P012,W06,2026-05-22,105,114
P012,W06,2026-05-23,137,114
P012,W06,2026-05-24,133,114
P012,W06,2026-05-25,113,114
P012,W06,2026-05-26,98,114
P012,W06,2026-05-27,109,114
P012,W06,2026-05-28,125,114
P012,W06,2026-05-29,125,114
P012,W06,2026-05-30,116,114
P012,W06,2026-05-31,91,114
P012,W06,2026-06-01,95,105
P012,W06,2026-06-02,110,105
P012,W06,2026-06-03,123,105
P012,W06,2026-06-04,123,105
P012,W06,2026-06-05,114,105
P012,W06,2026-06-06,112,105
P012,W06,2026-06-07,111,105
P012,W06,2026-06-08,99,105
P012,W06,2026-06-09,94,105
P012,W06,2026-06-10,114,105
P012,W06,2026-06-11,106,105
P012,W06,2026-06-12,99,105
P012,W06,2026-06-13,122,105
P012,W06,2026-06-14,93,105
P012,W06,2026-06-15,97,105
P012,W06,2026-06-16,106,105
P012,W06,2026-06-17,100,105
P012,W06,2026-06-18,99,105
P012,W06,2026-06-19,96,105
P012,W06,2026-06-20,110,105
P012,W06,2026-06-21,109,105
P012,W06,2026-06-22,92,105
P012,W06,2026-06-23,129,105
P012,W06,2026-06-24,111,105
P012,W06,2026-06-25,108,105
P012,W06,2026-06-26,101,105
P012,W06,2026-06-27,113,105
P012,W06,2026-06-28,98,105
P012,W06,2026-06-29,101,105
P012,W06,2026-06-30,105,105
P012,W06,2026-07-01,123,107
P012,W06,2026-07-02,111,107
P012,W06,2026-07-03,100,107
P012,W06,2026-07-04,118,107
P012,W06,2026-07-05,88,107
P012,W06,2026-07-06,115,107
P012,W06,2026-07-07,107,107
P012,W06,2026-07-08,103,107
P012,W06,2026-07-09,96,107
P012,W06,2026-07-10,96,107
P012,W06,2026-07-11,119,107
P012,W06,2026-07-12,100,107
P012,W06,2026-07-13,100,107
P012,W06,2026-07-14,113,107
P012,W06,2026-07-15,115,107
P012,W06,2026-07-16,126,107
P012,W06,2026-07-17,91,107
P012,W06,2026-07-18,105,107
P012,W06,2026-07-19,120,107
P012,W06,2026-07-20,100,107
P012,W06,2026-07-21,97,107
P012,W06,2026-07-22,105,107
P012,W06,2026-07-23,103,107
P012,W06,2026-07-24,105,107
P012,W06,2026-07-25,112,107
P012,W06,2026-07-26,125,107
P012,W06,2026-07-27,107,107
P012,W06,2026-07-28,89,107
P012,W06,2026-07-29,105,107
P012,W06,2026-07-30,122,107
P012,W06,2026-07-31,114,107
P012,W06,2026-08-01,118,109
P012,W06,2026-08-02,86,109
P012,W06,2026-08-03,98,109
P012,W06,2026-08-04,101,109
P012,W06,2026-08-05,106,109
P012,W06,2026-08-06,98,109
P012,W06,2026-08-07,109,109
P012,W06,2026-08-08,99,109
P012,W06,2026-08-09,117,109
P012,W06,2026-08-10,,109
P012,W06,2026-08-11,,109
P012,W06,2026-08-12,,109
P012,W06,2026-08-13,,109
P012,W06,2026-08-14,,109
P012,W06,2026-08-15,,109
P012,W06,2026-08-16,,109
P012,W06,2026-08-17,,109
P012,W06,2026-08-18,,109
P012,W06,2026-08-19,,109
P012,W06,2026-08-20,,109
P012,W06,2026-08-21,,109
P012,W06,2026-08-22,,109
P012,W06,2026-08-23,,109
P012,W06,2026-08-24,,109
P012,W06,2026-08-25,,109
P012,W06,2026-08-26,,109
P012,W06,2026-08-27,,109
P012,W06,2026-08-28,,109
P012,W06,2026-08-29,,109
P012,W06,2026-08-30,,109
P012,W06,2026-08-31,,109
P012,W06,2026-09-01,,111
P012,W06,2026-09-02,,111
P012,W06,2026-09-03,,111
P012,W06,2026-09-04,,111
P012,W06,2026-09-05,,111
P012,W06,2026-09-06,,111
P012,W06,2026-09-07,,111
P011,W02,2026-05-12,197,178
P011,W02,2026-05-13,152,178
P011,W02,2026-05-14,188,178
P011,W02,2026-05-15,175,178
P011,W02,2026-05-16,214,178
P011,W02,2026-05-17,198,178
P011,W02,2026-05-18,149,178
P011,W02,2026-05-19,209,178
P011,W02,2026-05-20,157,178
P011,W02,2026-05-21,168,178
P011,W02,2026-05-22,145,178
P011,W02,2026-05-23,166,178
P011,W02,2026-05-24,200,178
P011,W02,2026-05-25,173,178
P011,W02,2026-05-26,173,178
P011,W02,2026-05-27,156,178
P011,W02,2026-05-28,189,178
P011,W02,2026-05-29,171,178
P011,W02,2026-05-30,200,178
P011,W02,2026-05-31,146,178
P011,W02,2026-06-01,159,164
P011,W02,2026-06-02,136,164
P011,W02,2026-06-03,167,164
P011,W02,2026-06-04,200,164
P011,W02,2026-06-05,166,164
P011,W02,2026-06-06,159,164
P011,W02,2026-06-07,154,164
P011,W02,2026-06-08,147,164
P011,W02,2026-06-09,163,164
P011,W02,2026-06-10,144,164
P011,W02,2026-06-11,164,164
P011,W02,2026-06-12,163,164
P011,W02,2026-06-13,168,164
P011,W02,2026-06-14,146,164
P011,W02,2026-06-15,137,164
P011,W02,2026-06-16,187,164
P011,W02,2026-06-17,200,164
P011,W02,2026-06-18,174,164
P011,W02,2026-06-19,155,164
P011,W02,2026-06-20,180,164
P011,W02,2026-06-21,154,164
P011,W02,2026-06-22,169,164
P011,W02,2026-06-23,159,164
P011,W02,2026-06-24,146,164
P011,W02,2026-06-25,159,164
P011,W02,2026-06-26,173,164
P011,W02,2026-06-27,176,164
P011,W02,2026-06-28,157,164
P011,W02,2026-06-29,147,164
P011,W02,2026-06-30,161,164
P011,W02,2026-07-01,165,167
P011,W02,2026-07-02,181,167
P011,W02,2026-07-03,141,167
P011,W02,2026-07-04,155,167
P011,W02,2026-07-05,150,167
P011,W02,2026-07-06,131,167
P011,W02,2026-07-07,190,167
P011,W02,2026-07-08,164,167
P011,W02,2026-07-09,144,167
P011,W02,2026-07-10,167,167
P011,W02,2026-07-11,176,167
P011,W02,2026-07-12,145,167
P011,W02,2026-07-13,156,167
P011,W02,2026-07-14,154,167
P011,W02,2026-07-15,151,167
P011,W02,2026-07-16,171,167
P011,W02,2026-07-17,181,167
P011,W02,2026-07-18,163,167
P011,W02,2026-07-19,196,167
P011,W02,2026-07-20,144,167
P011,W02,2026-07-21,147,167
P011,W02,2026-07-22,204,167
P011,W02,2026-07-23,157,167
P011,W02,2026-07-24,166,167
P011,W02,2026-07-25,181,167
P011,W02,2026-07-26,182,167
P011,W02,2026-07-27,190,167
P011,W02,2026-07-28,160,167
P011,W02,2026-07-29,145,167
P011,W02,2026-07-30,165,167
P011,W02,2026-07-31,139,167
P011,W02,2026-08-01,159,170
P011,W02,2026-08-02,172,170
P011,W02,2026-08-03,173,170
P011,W02,2026-08-04,164,170
P011,W02,2026-08-05,140,170
P011,W02,2026-08-06,187,170
P011,W02,2026-08-07,156,170
P011,W02,2026-08-08,147,170
P011,W02,2026-08-09,159,170
P011,W02,2026-08-10,,170
P011,W02,2026-08-11,,170
P011,W02,2026-08-12,,170
P011,W02,2026-08-13,,170
P011,W02,2026-08-14,,170
P011,W02,2026-08-15,,170
P011,W02,2026-08-16,,170
P011,W02,2026-08-17,,170
P011,W02,2026-08-18,,170
P011,W02,2026-08-19,,170
P011,W02,2026-08-20,,170
P011,W02,2026-08-21,,170
P011,W02,2026-08-22,,170
P011,W02,2026-08-23,,170
P011,W02,2026-08-24,,170
P011,W02,2026-08-25,,170
P011,W02,2026-08-26,,170
P011,W02,2026-08-27,,170
P011,W02,2026-08-28,,170
P011,W02,2026-08-29,,170
P011,W02,2026-08-30,,170
P011,W02,2026-08-31,,170
P011,W02,2026-09-01,,173
P011,W02,2026-09-02,,173
P011,W02,2026-09-03,,173
P011,W02,2026-09-04,,173
P011,W02,2026-09-05,,173
P011,W02,2026-09-06,,173
P011,W02,2026-09-07,,173
P013,W04,2026-05-12,72,61
P013,W04,2026-05-13,50,61
P013,W04,2026-05-14,61,61
P013,W04,2026-05-15,62,61
P013,W04,2026-05-16,59,61
P013,W04,2026-05-17,61,61
P013,W04,2026-05-18,60,61
P013,W04,2026-05-19,54,61
P013,W04,2026-05-20,74,61
P013,W04,2026-05-21,50,61
P013,W04,2026-05-22,66,61
P013,W04,2026-05-23,63,61
P013,W04,2026-05-24,69,61
P013,W04,2026-05-25,66,61
P013,W04,2026-05-26,56,61
P013,W04,2026-05-27,65,61
P013,W04,2026-05-28,65,61
P013,W04,2026-05-29,60,61
P013,W04,2026-05-30,62,61
P013,W04,2026-05-31,56,61
P013,W04,2026-06-01,56,57
P013,W04,2026-06-02,48,57
P013,W04,2026-06-03,55,57
P013,W04,2026-06-04,52,57
P013,W04,2026-06-05,54,57
P013,W04,2026-06-06,67,57
P013,W04,2026-06-07,50,57
P013,W04,2026-06-08,55,57
P013,W04,2026-06-09,49,57
P013,W04,2026-06-10,45,57
P013,W04,2026-06-11,61,57
P013,W04,2026-06-12,51,57
P013,W04,2026-06-13,64,57
P013,W04,2026-06-14,46,57
P013,W04,2026-06-15,49,57
P013,W04,2026-06-16,66,57
P013,W04,2026-06-17,51,57
P013,W04,2026-06-18,56,57
P013,W04,2026-06-19,58,57
P013,W04,2026-06-20,45,57
P013,W04,2026-06-21,55,57
P013,W04,2026-06-22,57,57
P013,W04,2026-06-23,63,57
P013,W04,2026-06-24,53,57
P013,W04,2026-06-25,59,57
P013,W04,2026-06-26,57,57
P013,W04,2026-06-27,54,57
P013,W04,2026-06-28,49,57
P013,W04,2026-06-29,61,57
P013,W04,2026-06-30,55,57
P013,W04,2026-07-01,55,57
P013,W04,2026-07-02,58,57
P013,W04,2026-07-03,56,57
P013,W04,2026-07-04,53,57
P013,W04,2026-07-05,64,57
P013,W04,2026-07-06,54,57
P013,W04,2026-07-07,55,57
P013,W04,2026-07-08,53,57
P013,W04,2026-07-09,56,57
P013,W04,2026-07-10,69,57
P013,W04,2026-07-11,50,57
P013,W04,2026-07-12,52,57
P013,W04,2026-07-13,46,57
P013,W04,2026-07-14,54,57
P013,W04,2026-07-15,64,57
P013,W04,2026-07-16,50,57
P013,W04,2026-07-17,63,57
P013,W04,2026-07-18,59,57
P013,W04,2026-07-19,57,57
P013,W04,2026-07-20,58,57
P013,W04,2026-07-21,53,57
P013,W04,2026-07-22,59,57
P013,W04,2026-07-23,52,57
P013,W04,2026-07-24,54,57
P013,W04,2026-07-25,45,57
P013,W04,2026-07-26,66,57
P013,W04,2026-07-27,62,57
P013,W04,2026-07-28,58,57
P013,W04,2026-07-29,61,57
P013,W04,2026-07-30,67,57
P013,W04,2026-07-31,49,57
P013,W04,2026-08-01,53,58
P013,W04,2026-08-02,54,58
P013,W04,2026-08-03,63,58
P013,W04,2026-08-04,51,58
P013,W04,2026-08-05,66,58
P013,W04,2026-08-06,53,58
P013,W04,2026-08-07,59,58
P013,W04,2026-08-08,61,58
P013,W04,2026-08-09,55,58
P013,W04,2026-08-10,,58
P013,W04,2026-08-11,,58
P013,W04,2026-08-12,,58
P013,W04,2026-08-13,,58
P013,W04,2026-08-14,,58
P013,W04,2026-08-15,,58
P013,W04,2026-08-16,,58
P013,W04,2026-08-17,,58
P013,W04,2026-08-18,,58
P013,W04,2026-08-19,,58
P013,W04,2026-08-20,,58
P013,W04,2026-08-21,,58
P013,W04,2026-08-22,,58
P013,W04,2026-08-23,,58
P013,W04,2026-08-24,,58
P013,W04,2026-08-25,,58
P013,W04,2026-08-26,,58
P013,W04,2026-08-27,,58
P013,W04,2026-08-28,,58
P013,W04,2026-08-29,,58
P013,W04,2026-08-30,,58
P013,W04,2026-08-31,,58
P013,W04,2026-09-01,,59
P013,W04,2026-09-02,,59
P013,W04,2026-09-03,,59
P013,W04,2026-09-04,,59
P013,W04,2026-09-05,,59
P013,W04,2026-09-06,,59
P013,W04,2026-09-07,,59
P022,W06,2026-05-12,137,149
P022,W06,2026-05-13,137,149
P022,W06,2026-05-14,143,149
P022,W06,2026-05-15,145,149
P022,W06,2026-05-16,132,149
P022,W06,2026-05-17,184,149
P022,W06,2026-05-18,172,149
P022,W06,2026-05-19,146,149
P022,W06,2026-05-20,138,149
P022,W06,2026-05-21,133,149
P022,W06,2026-05-22,177,149
P022,W06,2026-05-23,152,149
P022,W06,2026-05-24,147,149
P022,W06,2026-05-25,118,149
P022,W06,2026-05-26,145,149
P022,W06,2026-05-27,171,149
P022,W06,2026-05-28,177,149
P022,W06,2026-05-29,156,149
P022,W06,2026-05-30,132,149
P022,W06,2026-05-31,156,149
P022,W06,2026-06-01,135,138
P022,W06,2026-06-02,159,138
P022,W06,2026-06-03,140,138
P022,W06,2026-06-04,149,138
P022,W06,2026-06-05,151,138
P022,W06,2026-06-06,140,138
P022,W06,2026-06-07,167,138
P022,W06,2026-06-08,150,138
P022,W06,2026-06-09,131,138
P022,W06,2026-06-10,121,138
P022,W06,2026-06-11,118,138
P022,W06,2026-06-12,137,138
P022,W06,2026-06-13,145,138
P022,W06,2026-06-14,141,138
P022,W06,2026-06-15,143,138
P022,W06,2026-06-16,136,138
P022,W06,2026-06-17,144,138
P022,W06,2026-06-18,139,138
P022,W06,2026-06-19,146,138
P022,W06,2026-06-20,150,138
P022,W06,2026-06-21,137,138
P022,W06,2026-06-22,149,138
P022,W06,2026-06-23,116,138
P022,W06,2026-06-24,134,138
P022,W06,2026-06-25,120,138
P022,W06,2026-06-26,129,138
P022,W06,2026-06-27,156,138
P022,W06,2026-06-28,122,138
P022,W06,2026-06-29,145,138
P022,W06,2026-06-30,140,138
P022,W06,2026-07-01,133,140
P022,W06,2026-07-02,146,140
P022,W06,2026-07-03,152,140
P022,W06,2026-07-04,152,140
P022,W06,2026-07-05,114,140
P022,W06,2026-07-06,163,140
P022,W06,2026-07-07,121,140
P022,W06,2026-07-08,174,140
P022,W06,2026-07-09,133,140
P022,W06,2026-07-10,139,140
P022,W06,2026-07-11,140,140
P022,W06,2026-07-12,145,140
P022,W06,2026-07-13,167,140
P022,W06,2026-07-14,121,140
P022,W06,2026-07-15,167,140
P022,W06,2026-07-16,122,140
P022,W06,2026-07-17,140,140
P022,W06,2026-07-18,132,140
P022,W06,2026-07-19,160,140
P022,W06,2026-07-20,115,140
P022,W06,2026-07-21,137,140
P022,W06,2026-07-22,117,140
P022,W06,2026-07-23,140,140
P022,W06,2026-07-24,148,140
P022,W06,2026-07-25,157,140
P022,W06,2026-07-26,151,140
P022,W06,2026-07-27,153,140
P022,W06,2026-07-28,140,140
P022,W06,2026-07-29,143,140
P022,W06,2026-07-30,125,140
P022,W06,2026-07-31,144,140
P022,W06,2026-08-01,152,142
P022,W06,2026-08-02,120,142
P022,W06,2026-08-03,141,142
P022,W06,2026-08-04,136,142
P022,W06,2026-08-05,138,142
P022,W06,2026-08-06,167,142
P022,W06,2026-08-07,131,142
P022,W06,2026-08-08,149,142
P022,W06,2026-08-09,143,142
P022,W06,2026-08-10,,142
P022,W06,2026-08-11,,142
P022,W06,2026-08-12,,142
P022,W06,2026-08-13,,142
P022,W06,2026-08-14,,142
P022,W06,2026-08-15,,142
P022,W06,2026-08-16,,142
P022,W06,2026-08-17,,142
P022,W06,2026-08-18,,142
P022,W06,2026-08-19,,142
P022,W06,2026-08-20,,142
P022,W06,2026-08-21,,142
P022,W06,2026-08-22,,142
P022,W06,2026-08-23,,142
P022,W06,2026-08-24,,142
P022,W06,2026-08-25,,142
P022,W06,2026-08-26,,142
P022,W06,2026-08-27,,142
P022,W06,2026-08-28,,142
P022,W06,2026-08-29,,142
P022,W06,2026-08-30,,142
P022,W06,2026-08-31,,142
P022,W06,2026-09-01,,144
P022,W06,2026-09-02,,144
P022,W06,2026-09-03,,144
P022,W06,2026-09-04,,144
P022,W06,2026-09-05,,144
P022,W06,2026-09-06,,144
P022,W06,2026-09-07,,144
P010,W07,2026-05-12,204,181
P010,W07,2026-05-13,212,181
P010,W07,2026-05-14,153,181
P010,W07,2026-05-15,187,181
P010,W07,2026-05-16,187,181
P010,W07,2026-05-17,197,181
P010,W07,2026-05-18,157,181
P010,W07,2026-05-19,145,181
P010,W07,2026-05-20,210,181
P010,W07,2026-05-21,171,181
P010,W07,2026-05-22,206,181
P010,W07,2026-05-23,210,181
P010,W07,2026-05-24,173,181
P010,W07,2026-05-25,182,181
P010,W07,2026-05-26,170,181
P010,W07,2026-05-27,158,181
P010,W07,2026-05-28,180,181
P010,W07,2026-05-29,199,181
P010,W07,2026-05-30,185,181
P010,W07,2026-05-31,159,181
P010,W07,2026-06-01,170,167
P010,W07,2026-06-02,150,167
P010,W07,2026-06-03,152,167
P010,W07,2026-06-04,192,167
P010,W07,2026-06-05,180,167
P010,W07,2026-06-06,154,167
P010,W07,2026-06-07,186,167
P010,W07,2026-06-08,171,167
P010,W07,2026-06-09,130,167
P010,W07,2026-06-10,148,167
P010,W07,2026-06-11,182,167
P010,W07,2026-06-12,161,167
P010,W07,2026-06-13,171,167
P010,W07,2026-06-14,149,167
P010,W07,2026-06-15,136,167
P010,W07,2026-06-16,172,167
P010,W07,2026-06-17,144,167
P010,W07,2026-06-18,150,167
P010,W07,2026-06-19,182,167
P010,W07,2026-06-20,161,167
P010,W07,2026-06-21,195,167
P010,W07,2026-06-22,167,167
P010,W07,2026-06-23,206,167
P010,W07,2026-06-24,190,167
P010,W07,2026-06-25,162,167
P010,W07,2026-06-26,196,167
P010,W07,2026-06-27,139,167
P010,W07,2026-06-28,187,167
P010,W07,2026-06-29,204,167
P010,W07,2026-06-30,145,167
P010,W07,2026-07-01,147,170
P010,W07,2026-07-02,149,170
P010,W07,2026-07-03,177,170
P010,W07,2026-07-04,162,170
P010,W07,2026-07-05,197,170
P010,W07,2026-07-06,169,170
P010,W07,2026-07-07,166,170
P010,W07,2026-07-08,169,170
P010,W07,2026-07-09,187,170
P010,W07,2026-07-10,158,170
P010,W07,2026-07-11,191,170
P010,W07,2026-07-12,161,170
P010,W07,2026-07-13,177,170
P010,W07,2026-07-14,164,170
P010,W07,2026-07-15,143,170
P010,W07,2026-07-16,169,170
P010,W07,2026-07-17,170,170
P010,W07,2026-07-18,192,170
P010,W07,2026-07-19,196,170
P010,W07,2026-07-20,182,170
P010,W07,2026-07-21,179,170
P010,W07,2026-07-22,172,170
P010,W07,2026-07-23,171,170
P010,W07,2026-07-24,148,170
P010,W07,2026-07-25,136,170
P010,W07,2026-07-26,156,170
P010,W07,2026-07-27,182,170
P010,W07,2026-07-28,151,170
P010,W07,2026-07-29,167,170
P010,W07,2026-07-30,156,170
P010,W07,2026-07-31,176,170
P010,W07,2026-08-01,192,172
P010,W07,2026-08-02,185,172
P010,W07,2026-08-03,148,172
P010,W07,2026-08-04,193,172
P010,W07,2026-08-05,201,172
P010,W07,2026-08-06,161,172
P010,W07,2026-08-07,160,172
P010,W07,2026-08-08,162,172
P010,W07,2026-08-09,180,172
P010,W07,2026-08-10,,172
P010,W07,2026-08-11,,172
P010,W07,2026-08-12,,172
P010,W07,2026-08-13,,172
P010,W07,2026-08-14,,172
P010,W07,2026-08-15,,172
P010,W07,2026-08-16,,172
P010,W07,2026-08-17,,172
P010,W07,2026-08-18,,172
P010,W07,2026-08-19,,172
P010,W07,2026-08-20,,172
P010,W07,2026-08-21,,172
P010,W07,2026-08-22,,172
P010,W07,2026-08-23,,172
P010,W07,2026-08-24,,172
P010,W07,2026-08-25,,172
P010,W07,2026-08-26,,172
P010,W07,2026-08-27,,172
P010,W07,2026-08-28,,172
P010,W07,2026-08-29,,172
P010,W07,2026-08-30,,172
P010,W07,2026-08-31,,172
P010,W07,2026-09-01,,175
P010,W07,2026-09-02,,175
P010,W07,2026-09-03,,175
P010,W07,2026-09-04,,175
P010,W07,2026-09-05,,175
P010,W07,2026-09-06,,175
P010,W07,2026-09-07,,175
P030,W01,2026-05-12,58,53
P030,W01,2026-05-13,52,53
P030,W01,2026-05-14,58,53
P030,W01,2026-05-15,46,53
P030,W01,2026-05-16,57,53
P030,W01,2026-05-17,56,53
P030,W01,2026-05-18,60,53
P030,W01,2026-05-19,65,53
P030,W01,2026-05-20,50,53
P030,W01,2026-05-21,44,53
P030,W01,2026-05-22,53,53
P030,W01,2026-05-23,58,53
P030,W01,2026-05-24,50,53
P030,W01,2026-05-25,57,53
P030,W01,2026-05-26,46,53
P030,W01,2026-05-27,50,53
P030,W01,2026-05-28,62,53
P030,W01,2026-05-29,65,53
P030,W01,2026-05-30,57,53
P030,W01,2026-05-31,61,53
P030,W01,2026-06-01,45,49
P030,W01,2026-06-02,47,49
P030,W01,2026-06-03,45,49
P030,W01,2026-06-04,49,49
P030,W01,2026-06-05,52,49
P030,W01,2026-06-06,46,49
P030,W01,2026-06-07,55,49
P030,W01,2026-06-08,52,49
P030,W01,2026-06-09,43,49
P030,W01,2026-06-10,47,49
P030,W01,2026-06-11,46,49
P030,W01,2026-06-12,46,49
P030,W01,2026-06-13,51,49
P030,W01,2026-06-14,48,49
P030,W01,2026-06-15,47,49
P030,W01,2026-06-16,46,49
P030,W01,2026-06-17,50,49
P030,W01,2026-06-18,59,49
P030,W01,2026-06-19,55,49
P030,W01,2026-06-20,47,49
P030,W01,2026-06-21,56,49
P030,W01,2026-06-22,57,49
P030,W01,2026-06-23,58,49
P030,W01,2026-06-24,46,49
P030,W01,2026-06-25,52,49
P030,W01,2026-06-26,46,49
P030,W01,2026-06-27,51,49
P030,W01,2026-06-28,50,49
P030,W01,2026-06-29,46,49
P030,W01,2026-06-30,45,49
P030,W01,2026-07-01,44,50
P030,W01,2026-07-02,47,50
P030,W01,2026-07-03,57,50
P030,W01,2026-07-04,57,50
P030,W01,2026-07-05,59,50
P030,W01,2026-07-06,45,50
P030,W01,2026-07-07,49,50
P030,W01,2026-07-08,54,50
P030,W01,2026-07-09,45,50
P030,W01,2026-07-10,41,50
P030,W01,2026-07-11,50,50
P030,W01,2026-07-12,48,50
P030,W01,2026-07-13,46,50
P030,W01,2026-07-14,53,50
P030,W01,2026-07-15,50,50
P030,W01,2026-07-16,48,50
P030,W01,2026-07-17,58,50
P030,W01,2026-07-18,55,50
P030,W01,2026-07-19,58,50
P030,W01,2026-07-20,53,50
P030,W01,2026-07-21,56,50
P030,W01,2026-07-22,42,50
P030,W01,2026-07-23,51,50
P030,W01,2026-07-24,53,50
P030,W01,2026-07-25,52,50
P030,W01,2026-07-26,58,50
P030,W01,2026-07-27,43,50
P030,W01,2026-07-28,46,50
P030,W01,2026-07-29,45,50
P030,W01,2026-07-30,51,50
P030,W01,2026-07-31,41,50
P030,W01,2026-08-01,41,51
P030,W01,2026-08-02,40,51
P030,W01,2026-08-03,43,51
P030,W01,2026-08-04,50,51
P030,W01,2026-08-05,50,51
P030,W01,2026-08-06,51,51
P030,W01,2026-08-07,59,51
P030,W01,2026-08-08,53,51
P030,W01,2026-08-09,60,51
P030,W01,2026-08-10,,51
P030,W01,2026-08-11,,51
P030,W01,2026-08-12,,51
P030,W01,2026-08-13,,51
P030,W01,2026-08-14,,51
P030,W01,2026-08-15,,51
P030,W01,2026-08-16,,51
P030,W01,2026-08-17,,51
P030,W01,2026-08-18,,51
P030,W01,2026-08-19,,51
P030,W01,2026-08-20,,51
P030,W01,2026-08-21,,51
P030,W01,2026-08-22,,51
P030,W01,2026-08-23,,51
P030,W01,2026-08-24,,51
P030,W01,2026-08-25,,51
P030,W01,2026-08-26,,51
P030,W01,2026-08-27,,51
P030,W01,2026-08-28,,51
P030,W01,2026-08-29,,51
P030,W01,2026-08-30,,51
P030,W01,2026-08-31,,51
P030,W01,2026-09-01,,51
P030,W01,2026-09-02,,51
P030,W01,2026-09-03,,51
P030,W01,2026-09-04,,51
P030,W01,2026-09-05,,51
P030,W01,2026-09-06,,51
P030,W01,2026-09-07,,51
P014,W01,2026-05-12,68,75
P014,W01,2026-05-13,77,75
P014,W01,2026-05-14,65,75
P014,W01,2026-05-15,77,75
P014,W01,2026-05-16,86,75
P014,W01,2026-05-17,68,75
P014,W01,2026-05-18,85,75
P014,W01,2026-05-19,85,75
P014,W01,2026-05-20,66,75
P014,W01,2026-05-21,67,75
P014,W01,2026-05-22,74,75
P014,W01,2026-05-23,71,75
P014,W01,2026-05-24,90,75
P014,W01,2026-05-25,75,75
P014,W01,2026-05-26,85,75
P014,W01,2026-05-27,90,75
P014,W01,2026-05-28,76,75
P014,W01,2026-05-29,70,75
P014,W01,2026-05-30,80,75
P014,W01,2026-05-31,85,75
P014,W01,2026-06-01,75,70
P014,W01,2026-06-02,76,70
P014,W01,2026-06-03,72,70
P014,W01,2026-06-04,60,70
P014,W01,2026-06-05,63,70
P014,W01,2026-06-06,69,70
P014,W01,2026-06-07,68,70
P014,W01,2026-06-08,68,70
P014,W01,2026-06-09,76,70
P014,W01,2026-06-10,63,70
P014,W01,2026-06-11,63,70
P014,W01,2026-06-12,56,70
P014,W01,2026-06-13,73,70
P014,W01,2026-06-14,60,70
P014,W01,2026-06-15,72,70
P014,W01,2026-06-16,61,70
P014,W01,2026-06-17,85,70
P014,W01,2026-06-18,59,70
P014,W01,2026-06-19,76,70
P014,W01,2026-06-20,70,70
P014,W01,2026-06-21,80,70
P014,W01,2026-06-22,78,70
P014,W01,2026-06-23,74,70
P014,W01,2026-06-24,76,70
P014,W01,2026-06-25,64,70
P014,W01,2026-06-26,66,70
P014,W01,2026-06-27,80,70
P014,W01,2026-06-28,74,70
P014,W01,2026-06-29,64,70
P014,W01,2026-06-30,71,70
P014,W01,2026-07-01,63,71
P014,W01,2026-07-02,57,71
P014,W01,2026-07-03,66,71
P014,W01,2026-07-04,71,71
P014,W01,2026-07-05,71,71
P014,W01,2026-07-06,62,71
P014,W01,2026-07-07,83,71
P014,W01,2026-07-08,67,71
P014,W01,2026-07-09,75,71
P014,W01,2026-07-10,64,71
P014,W01,2026-07-11,60,71
P014,W01,2026-07-12,78,71
P014,W01,2026-07-13,74,71
P014,W01,2026-07-14,72,71
P014,W01,2026-07-15,76,71
P014,W01,2026-07-16,88,71
P014,W01,2026-07-17,74,71
P014,W01,2026-07-18,75,71
P014,W01,2026-07-19,74,71
P014,W01,2026-07-20,66,71
P014,W01,2026-07-21,68,71
P014,W01,2026-07-22,72,71
P014,W01,2026-07-23,71,71
P014,W01,2026-07-24,79,71
P014,W01,2026-07-25,77,71
P014,W01,2026-07-26,59,71
P014,W01,2026-07-27,66,71
P014,W01,2026-07-28,80,71
P014,W01,2026-07-29,76,71
P014,W01,2026-07-30,80,71
P014,W01,2026-07-31,64,71
P014,W01,2026-08-01,72,72
P014,W01,2026-08-02,61,72
P014,W01,2026-08-03,67,72
P014,W01,2026-08-04,70,72
P014,W01,2026-08-05,72,72
P014,W01,2026-08-06,60,72
P014,W01,2026-08-07,82,72
P014,W01,2026-08-08,58,72
P014,W01,2026-08-09,61,72
P014,W01,2026-08-10,,72
P014,W01,2026-08-11,,72
P014,W01,2026-08-12,,72
P014,W01,2026-08-13,,72
P014,W01,2026-08-14,,72
P014,W01,2026-08-15,,72
P014,W01,2026-08-16,,72
P014,W01,2026-08-17,,72
P014,W01,2026-08-18,,72
P014,W01,2026-08-19,,72
P014,W01,2026-08-20,,72
P014,W01,2026-08-21,,72
P014,W01,2026-08-22,,72
P014,W01,2026-08-23,,72
P014,W01,2026-08-24,,72
P014,W01,2026-08-25,,72
P014,W01,2026-08-26,,72
P014,W01,2026-08-27,,72
P014,W01,2026-08-28,,72
P014,W01,2026-08-29,,72
P014,W01,2026-08-30,,72
P014,W01,2026-08-31,,72
P014,W01,2026-09-01,,73
P014,W01,2026-09-02,,73
P014,W01,2026-09-03,,73
P014,W01,2026-09-04,,73
P014,W01,2026-09-05,,73
P014,W01,2026-09-06,,73
P014,W01,2026-09-07,,73
P021,W08,2026-05-12,84,72
P021,W08,2026-05-13,71,72
P021,W08,2026-05-14,81,72
P021,W08,2026-05-15,66,72
P021,W08,2026-05-16,75,72
P021,W08,2026-05-17,77,72
P021,W08,2026-05-18,65,72
P021,W08,2026-05-19,72,72
P021,W08,2026-05-20,84,72
P021,W08,2026-05-21,64,72
P021,W08,2026-05-22,69,72
P021,W08,2026-05-23,71,72
P021,W08,2026-05-24,71,72
P021,W08,2026-05-25,68,72
P021,W08,2026-05-26,62,72
P021,W08,2026-05-27,86,72
P021,W08,2026-05-28,77,72
P021,W08,2026-05-29,62,72
P021,W08,2026-05-30,84,72
P021,W08,2026-05-31,61,72
P021,W08,2026-06-01,56,67
P021,W08,2026-06-02,58,67
P021,W08,2026-06-03,65,67
P021,W08,2026-06-04,61,67
P021,W08,2026-06-05,62,67
P021,W08,2026-06-06,62,67
P021,W08,2026-06-07,69,67
P021,W08,2026-06-08,53,67
P021,W08,2026-06-09,81,67
P021,W08,2026-06-10,71,67
P021,W08,2026-06-11,67,67
P021,W08,2026-06-12,66,67
P021,W08,2026-06-13,63,67
P021,W08,2026-06-14,55,67
P021,W08,2026-06-15,65,67
P021,W08,2026-06-16,67,67
P021,W08,2026-06-17,60,67
P021,W08,2026-06-18,70,67
P021,W08,2026-06-19,59,67
P021,W08,2026-06-20,64,67
P021,W08,2026-06-21,62,67
P021,W08,2026-06-22,77,67
P021,W08,2026-06-23,70,67
P021,W08,2026-06-24,80,67
P021,W08,2026-06-25,70,67
P021,W08,2026-06-26,70,67
P021,W08,2026-06-27,73,67
P021,W08,2026-06-28,69,67
P021,W08,2026-06-29,76,67
P021,W08,2026-06-30,70,67
P021,W08,2026-07-01,63,68
P021,W08,2026-07-02,56,68
P021,W08,2026-07-03,72,68
P021,W08,2026-07-04,71,68
P021,W08,2026-07-05,70,68
P021,W08,2026-07-06,64,68
P021,W08,2026-07-07,80,68
P021,W08,2026-07-08,68,68
P021,W08,2026-07-09,72,68
P021,W08,2026-07-10,67,68
P021,W08,2026-07-11,67,68
P021,W08,2026-07-12,64,68
P021,W08,2026-07-13,64,68
P021,W08,2026-07-14,65,68
P021,W08,2026-07-15,56,68
P021,W08,2026-07-16,63,68
P021,W08,2026-07-17,59,68
P021,W08,2026-07-18,64,68
P021,W08,2026-07-19,74,68
P021,W08,2026-07-20,72,68
P021,W08,2026-07-21,70,68
P021,W08,2026-07-22,72,68
P021,W08,2026-07-23,74,68
P021,W08,2026-07-24,78,68
P021,W08,2026-07-25,68,68
P021,W08,2026-07-26,80,68
P021,W08,2026-07-27,68,68
P021,W08,2026-07-28,66,68
P021,W08,2026-07-29,57,68
P021,W08,2026-07-30,64,68
P021,W08,2026-07-31,65,68
P021,W08,2026-08-01,77,69
P021,W08,2026-08-02,61,69
P021,W08,2026-08-03,65,69
P021,W08,2026-08-04,78,69
P021,W08,2026-08-05,80,69
P021,W08,2026-08-06,56,69
P021,W08,2026-08-07,62,69
P021,W08,2026-08-08,81,69
P021,W08,2026-08-09,60,69
P021,W08,2026-08-10,,69
P021,W08,2026-08-11,,69
P021,W08,2026-08-12,,69
P021,W08,2026-08-13,,69
P021,W08,2026-08-14,,69
P021,W08,2026-08-15,,69
P021,W08,2026-08-16,,69
P021,W08,2026-08-17,,69
P021,W08,2026-08-18,,69
P021,W08,2026-08-19,,69
P021,W08,2026-08-20,,69
P021,W08,2026-08-21,,69
P021,W08,2026-08-22,,69
P021,W08,2026-08-23,,69
P021,W08,2026-08-24,,69
P021,W08,2026-08-25,,69
P021,W08,2026-08-26,,69
P021,W08,2026-08-27,,69
P021,W08,2026-08-28,,69
P021,W08,2026-08-29,,69
P021,W08,2026-08-30,,69
P021,W08,2026-08-31,,69
P021,W08,2026-09-01,,70
P021,W08,2026-09-02,,70
P021,W08,2026-09-03,,70
P021,W08,2026-09-04,,70
P021,W08,2026-09-05,,70
P021,W08,2026-09-06,,70
P021,W08,2026-09-07,,70
P005,W04,2026-05-12,131,150
P005,W04,2026-05-13,135,150
P005,W04,2026-05-14,160,150
P005,W04,2026-05-15,147,150
P005,W04,2026-05-16,148,150
P005,W04,2026-05-17,156,150
P005,W04,2026-05-18,137,150
P005,W04,2026-05-19,145,150
P005,W04,2026-05-20,143,150
P005,W04,2026-05-21,166,150
P005,W04,2026-05-22,158,150
P005,W04,2026-05-23,154,150
P005,W04,2026-05-24,129,150
P005,W04,2026-05-25,182,150
P005,W04,2026-05-26,156,150
P005,W04,2026-05-27,150,150
P005,W04,2026-05-28,124,150
P005,W04,2026-05-29,176,150
P005,W04,2026-05-30,150,150
P005,W04,2026-05-31,115,150
P005,W04,2026-06-01,157,139
P005,W04,2026-06-02,157,139
P005,W04,2026-06-03,160,139
P005,W04,2026-06-04,129,139
P005,W04,2026-06-05,126,139
P005,W04,2026-06-06,125,139
P005,W04,2026-06-07,147,139
P005,W04,2026-06-08,126,139
P005,W04,2026-06-09,143,139
P005,W04,2026-06-10,112,139
P005,W04,2026-06-11,149,139
P005,W04,2026-06-12,128,139
P005,W04,2026-06-13,129,139
P005,W04,2026-06-14,137,139
P005,W04,2026-06-15,114,139
P005,W04,2026-06-16,124,139
P005,W04,2026-06-17,124,139
P005,W04,2026-06-18,135,139
P005,W04,2026-06-19,151,139
P005,W04,2026-06-20,112,139
P005,W04,2026-06-21,126,139
P005,W04,2026-06-22,142,139
P005,W04,2026-06-23,136,139
P005,W04,2026-06-24,131,139
P005,W04,2026-06-25,155,139
P005,W04,2026-06-26,121,139
P005,W04,2026-06-27,143,139
P005,W04,2026-06-28,133,139
P005,W04,2026-06-29,139,139
P005,W04,2026-06-30,137,139
P005,W04,2026-07-01,149,141
P005,W04,2026-07-02,147,141
P005,W04,2026-07-03,158,141
P005,W04,2026-07-04,134,141
P005,W04,2026-07-05,123,141
P005,W04,2026-07-06,143,141
P005,W04,2026-07-07,122,141
P005,W04,2026-07-08,139,141
P005,W04,2026-07-09,132,141
P005,W04,2026-07-10,156,141
P005,W04,2026-07-11,109,141
P005,W04,2026-07-12,127,141
P005,W04,2026-07-13,127,141
P005,W04,2026-07-14,135,141
P005,W04,2026-07-15,164,141
P005,W04,2026-07-16,162,141
P005,W04,2026-07-17,126,141
P005,W04,2026-07-18,121,141
P005,W04,2026-07-19,134,141
P005,W04,2026-07-20,127,141
P005,W04,2026-07-21,148,141
P005,W04,2026-07-22,144,141
P005,W04,2026-07-23,121,141
P005,W04,2026-07-24,148,141
P005,W04,2026-07-25,139,141
P005,W04,2026-07-26,118,141
P005,W04,2026-07-27,143,141
P005,W04,2026-07-28,157,141
P005,W04,2026-07-29,140,141
P005,W04,2026-07-30,159,141
P005,W04,2026-07-31,141,141
P005,W04,2026-08-01,164,143
P005,W04,2026-08-02,168,143
P005,W04,2026-08-03,130,143
P005,W04,2026-08-04,120,143
P005,W04,2026-08-05,125,143
P005,W04,2026-08-06,174,143
P005,W04,2026-08-07,124,143
P005,W04,2026-08-08,167,143
P005,W04,2026-08-09,119,143
P005,W04,2026-08-10,,143
P005,W04,2026-08-11,,143
P005,W04,2026-08-12,,143
P005,W04,2026-08-13,,143
P005,W04,2026-08-14,,143
P005,W04,2026-08-15,,143
P005,W04,2026-08-16,,143
P005,W04,2026-08-17,,143
P005,W04,2026-08-18,,143
P005,W04,2026-08-19,,143
P005,W04,2026-08-20,,143
P005,W04,2026-08-21,,143
P005,W04,2026-08-22,,143
P005,W04,2026-08-23,,143
P005,W04,2026-08-24,,143
P005,W04,2026-08-25,,143
P005,W04,2026-08-26,,143
P005,W04,2026-08-27,,143
P005,W04,2026-08-28,,143
P005,W04,2026-08-29,,143
P005,W04,2026-08-30,,143
P005,W04,2026-08-31,,143
P005,W04,2026-09-01,,145
P005,W04,2026-09-02,,145
P005,W04,2026-09-03,,145
P005,W04,2026-09-04,,145
P005,W04,2026-09-05,,145
P005,W04,2026-09-06,,145
P005,W04,2026-09-07,,145
P030,W05,2026-05-12,65,59
P030,W05,2026-05-13,63,59
P030,W05,2026-05-14,48,59
P030,W05,2026-05-15,59,59
P030,W05,2026-05-16,63,59
P030,W05,2026-05-17,48,59
P030,W05,2026-05-18,56,59
P030,W05,2026-05-19,48,59
P030,W05,2026-05-20,59,59
P030,W05,2026-05-21,57,59
P030,W05,2026-05-22,59,59
P030,W05,2026-05-23,60,59
P030,W05,2026-05-24,51,59
P030,W05,2026-05-25,54,59
P030,W05,2026-05-26,56,59
P030,W05,2026-05-27,64,59
P030,W05,2026-05-28,65,59
P030,W05,2026-05-29,58,59
P030,W05,2026-05-30,59,59
P030,W05,2026-05-31,51,59
P030,W05,2026-06-01,58,55
P030,W05,2026-06-02,60,55
P030,W05,2026-06-03,59,55
P030,W05,2026-06-04,64,55
P030,W05,2026-06-05,52,55
P030,W05,2026-06-06,58,55
P030,W05,2026-06-07,63,55
P030,W05,2026-06-08,47,55
P030,W05,2026-06-09,57,55
P030,W05,2026-06-10,53,55
P030,W05,2026-06-11,43,55
P030,W05,2026-06-12,53,55
P030,W05,2026-06-13,65,55
P030,W05,2026-06-14,62,55
P030,W05,2026-06-15,48,55
P030,W05,2026-06-16,52,55
P030,W05,2026-06-17,43,55
P030,W05,2026-06-18,51,55
P030,W05,2026-06-19,49,55
P030,W05,2026-06-20,63,55
P030,W05,2026-06-21,56,55
P030,W05,2026-06-22,45,55
P030,W05,2026-06-23,60,55
P030,W05,2026-06-24,54,55
P030,W05,2026-06-25,44,55
P030,W05,2026-06-26,61,55
P030,W05,2026-06-27,57,55
P030,W05,2026-06-28,54,55
P030,W05,2026-06-29,53,55
P030,W05,2026-06-30,61,55
P030,W05,2026-07-01,54,56
P030,W05,2026-07-02,58,56
P030,W05,2026-07-03,62,56
P030,W05,2026-07-04,57,56
P030,W05,2026-07-05,50,56
P030,W05,2026-07-06,55,56
P030,W05,2026-07-07,63,56
P030,W05,2026-07-08,49,56
P030,W05,2026-07-09,64,56
P030,W05,2026-07-10,53,56
P030,W05,2026-07-11,51,56
P030,W05,2026-07-12,61,56
P030,W05,2026-07-13,60,56
P030,W05,2026-07-14,58,56
P030,W05,2026-07-15,56,56
P030,W05,2026-07-16,56,56
P030,W05,2026-07-17,54,56
P030,W05,2026-07-18,48,56
P030,W05,2026-07-19,46,56
P030,W05,2026-07-20,46,56
P030,W05,2026-07-21,59,56
P030,W05,2026-07-22,66,56
P030,W05,2026-07-23,46,56
P030,W05,2026-07-24,60,56
P030,W05,2026-07-25,54,56
P030,W05,2026-07-26,52,56
P030,W05,2026-07-27,65,56
P030,W05,2026-07-28,44,56
P030,W05,2026-07-29,64,56
P030,W05,2026-07-30,62,56
P030,W05,2026-07-31,64,56
P030,W05,2026-08-01,52,57
P030,W05,2026-08-02,57,57
P030,W05,2026-08-03,47,57
P030,W05,2026-08-04,65,57
P030,W05,2026-08-05,58,57
P030,W05,2026-08-06,60,57
P030,W05,2026-08-07,57,57
P030,W05,2026-08-08,62,57
P030,W05,2026-08-09,67,57
P030,W05,2026-08-10,,57
P030,W05,2026-08-11,,57
P030,W05,2026-08-12,,57
P030,W05,2026-08-13,,57
P030,W05,2026-08-14,,57
P030,W05,2026-08-15,,57
P030,W05,2026-08-16,,57
P030,W05,2026-08-17,,57
P030,W05,2026-08-18,,57
P030,W05,2026-08-19,,57
P030,W05,2026-08-20,,57
P030,W05,2026-08-21,,57
P030,W05,2026-08-22,,57
P030,W05,2026-08-23,,57
P030,W05,2026-08-24,,57
P030,W05,2026-08-25,,57
P030,W05,2026-08-26,,57
P030,W05,2026-08-27,,57
P030,W05,2026-08-28,,57
P030,W05,2026-08-29,,57
P030,W05,2026-08-30,,57
P030,W05,2026-08-31,,57
P030,W05,2026-09-01,,57
P030,W05,2026-09-02,,57
P030,W05,2026-09-03,,57
P030,W05,2026-09-04,,57
P030,W05,2026-09-05,,57
P030,W05,2026-09-06,,57
P030,W05,2026-09-07,,57
P024,W08,2026-05-12,50,41
P024,W08,2026-05-13,36,41
P024,W08,2026-05-14,43,41
P024,W08,2026-05-15,42,41
P024,W08,2026-05-16,37,41
P024,W08,2026-05-17,38,41
P024,W08,2026-05-18,42,41
P024,W08,2026-05-19,44,41
P024,W08,2026-05-20,42,41
P024,W08,2026-05-21,38,41
P024,W08,2026-05-22,47,41
P024,W08,2026-05-23,38,41
P024,W08,2026-05-24,43,41
P024,W08,2026-05-25,33,41
P024,W08,2026-05-26,42,41
P024,W08,2026-05-27,44,41
P024,W08,2026-05-28,40,41
P024,W08,2026-05-29,43,41
P024,W08,2026-05-30,36,41
P024,W08,2026-05-31,40,41
P024,W08,2026-06-01,38,38
P024,W08,2026-06-02,39,38
P024,W08,2026-06-03,34,38
P024,W08,2026-06-04,36,38
P024,W08,2026-06-05,35,38
P024,W08,2026-06-06,44,38
P024,W08,2026-06-07,35,38
P024,W08,2026-06-08,33,38
P024,W08,2026-06-09,35,38
P024,W08,2026-06-10,29,38
P024,W08,2026-06-11,37,38
P024,W08,2026-06-12,39,38
P024,W08,2026-06-13,44,38
P024,W08,2026-06-14,36,38
P024,W08,2026-06-15,36,38
P024,W08,2026-06-16,34,38
P024,W08,2026-06-17,38,38
P024,W08,2026-06-18,37,38
P024,W08,2026-06-19,37,38
P024,W08,2026-06-20,39,38
P024,W08,2026-06-21,34,38
P024,W08,2026-06-22,36,38
P024,W08,2026-06-23,39,38
P024,W08,2026-06-24,36,38
P024,W08,2026-06-25,35,38
P024,W08,2026-06-26,34,38
P024,W08,2026-06-27,41,38
P024,W08,2026-06-28,43,38
P024,W08,2026-06-29,39,38
P024,W08,2026-06-30,42,38
P024,W08,2026-07-01,33,38
P024,W08,2026-07-02,40,38
P024,W08,2026-07-03,32,38
P024,W08,2026-07-04,41,38
P024,W08,2026-07-05,36,38
P024,W08,2026-07-06,41,38
P024,W08,2026-07-07,40,38
P024,W08,2026-07-08,41,38
P024,W08,2026-07-09,40,38
P024,W08,2026-07-10,42,38
P024,W08,2026-07-11,46,38
P024,W08,2026-07-12,35,38
P024,W08,2026-07-13,30,38
P024,W08,2026-07-14,36,38
P024,W08,2026-07-15,40,38
P024,W08,2026-07-16,42,38
P024,W08,2026-07-17,35,38
P024,W08,2026-07-18,42,38
P024,W08,2026-07-19,35,38
P024,W08,2026-07-20,37,38
P024,W08,2026-07-21,33,38
P024,W08,2026-07-22,37,38
P024,W08,2026-07-23,40,38
P024,W08,2026-07-24,41,38
P024,W08,2026-07-25,44,38
P024,W08,2026-07-26,41,38
P024,W08,2026-07-27,32,38
P024,W08,2026-07-28,36,38
P024,W08,2026-07-29,41,38
P024,W08,2026-07-30,46,38
P024,W08,2026-07-31,39,38
P024,W08,2026-08-01,35,39
P024,W08,2026-08-02,38,39
P024,W08,2026-08-03,39,39
P024,W08,2026-08-04,38,39
P024,W08,2026-08-05,43,39
P024,W08,2026-08-06,37,39
P024,W08,2026-08-07,36,39
P024,W08,2026-08-08,37,39
P024,W08,2026-08-09,34,39
P024,W08,2026-08-10,,39
P024,W08,2026-08-11,,39
P024,W08,2026-08-12,,39
P024,W08,2026-08-13,,39
P024,W08,2026-08-14,,39
P024,W08,2026-08-15,,39
P024,W08,2026-08-16,,39
P024,W08,2026-08-17,,39
P024,W08,2026-08-18,,39
P024,W08,2026-08-19,,39
P024,W08,2026-08-20,,39
P024,W08,2026-08-21,,39
P024,W08,2026-08-22,,39
P024,W08,2026-08-23,,39
P024,W08,2026-08-24,,39
P024,W08,2026-08-25,,39
P024,W08,2026-08-26,,39
P024,W08,2026-08-27,,39
P024,W08,2026-08-28,,39
P024,W08,2026-08-29,,39
P024,W08,2026-08-30,,39
P024,W08,2026-08-31,,39
P024,W08,2026-09-01,,39
P024,W08,2026-09-02,,39
P024,W08,2026-09-03,,39
P024,W08,2026-09-04,,39
P024,W08,2026-09-05,,39
P024,W08,2026-09-06,,39
P024,W08,2026-09-07,,39
P022,W08,2026-05-12,134,145
P022,W08,2026-05-13,128,145
P022,W08,2026-05-14,147,145
P022,W08,2026-05-15,136,145
P022,W08,2026-05-16,154,145
P022,W08,2026-05-17,124,145
P022,W08,2026-05-18,170,145
P022,W08,2026-05-19,123,145
P022,W08,2026-05-20,158,145
P022,W08,2026-05-21,146,145
P022,W08,2026-05-22,136,145
P022,W08,2026-05-23,134,145
P022,W08,2026-05-24,133,145
P022,W08,2026-05-25,130,145
P022,W08,2026-05-26,134,145
P022,W08,2026-05-27,134,145
P022,W08,2026-05-28,123,145
P022,W08,2026-05-29,146,145
P022,W08,2026-05-30,172,145
P022,W08,2026-05-31,156,145
P022,W08,2026-06-01,120,134
P022,W08,2026-06-02,121,134
P022,W08,2026-06-03,130,134
P022,W08,2026-06-04,137,134
P022,W08,2026-06-05,140,134
P022,W08,2026-06-06,157,134
P022,W08,2026-06-07,144,134
P022,W08,2026-06-08,146,134
P022,W08,2026-06-09,149,134
P022,W08,2026-06-10,163,134
P022,W08,2026-06-11,141,134
P022,W08,2026-06-12,127,134
P022,W08,2026-06-13,149,134
P022,W08,2026-06-14,144,134
P022,W08,2026-06-15,148,134
P022,W08,2026-06-16,110,134
P022,W08,2026-06-17,131,134
P022,W08,2026-06-18,134,134
P022,W08,2026-06-19,146,134
P022,W08,2026-06-20,143,134
P022,W08,2026-06-21,154,134
P022,W08,2026-06-22,126,134
P022,W08,2026-06-23,129,134
P022,W08,2026-06-24,137,134
P022,W08,2026-06-25,161,134
P022,W08,2026-06-26,141,134
P022,W08,2026-06-27,149,134
P022,W08,2026-06-28,138,134
P022,W08,2026-06-29,155,134
P022,W08,2026-06-30,120,134
P022,W08,2026-07-01,158,136
P022,W08,2026-07-02,151,136
P022,W08,2026-07-03,115,136
P022,W08,2026-07-04,123,136
P022,W08,2026-07-05,155,136
P022,W08,2026-07-06,128,136
P022,W08,2026-07-07,115,136
P022,W08,2026-07-08,129,136
P022,W08,2026-07-09,121,136
P022,W08,2026-07-10,131,136
P022,W08,2026-07-11,111,136
P022,W08,2026-07-12,138,136
P022,W08,2026-07-13,142,136
P022,W08,2026-07-14,141,136
P022,W08,2026-07-15,120,136
P022,W08,2026-07-16,146,136
P022,W08,2026-07-17,142,136
P022,W08,2026-07-18,120,136
P022,W08,2026-07-19,130,136
P022,W08,2026-07-20,139,136
P022,W08,2026-07-21,105,136
P022,W08,2026-07-22,129,136
P022,W08,2026-07-23,136,136
P022,W08,2026-07-24,150,136
P022,W08,2026-07-25,135,136
P022,W08,2026-07-26,121,136
P022,W08,2026-07-27,106,136
P022,W08,2026-07-28,130,136
P022,W08,2026-07-29,116,136
P022,W08,2026-07-30,148,136
P022,W08,2026-07-31,152,136
P022,W08,2026-08-01,129,139
P022,W08,2026-08-02,135,139
P022,W08,2026-08-03,134,139
P022,W08,2026-08-04,138,139
P022,W08,2026-08-05,120,139
P022,W08,2026-08-06,163,139
P022,W08,2026-08-07,140,139
P022,W08,2026-08-08,142,139
P022,W08,2026-08-09,123,139
P022,W08,2026-08-10,,139
P022,W08,2026-08-11,,139
P022,W08,2026-08-12,,139
P022,W08,2026-08-13,,139
P022,W08,2026-08-14,,139
P022,W08,2026-08-15,,139
P022,W08,2026-08-16,,139
P022,W08,2026-08-17,,139
P022,W08,2026-08-18,,139
P022,W08,2026-08-19,,139
P022,W08,2026-08-20,,139
P022,W08,2026-08-21,,139
P022,W08,2026-08-22,,139
P022,W08,2026-08-23,,139
P022,W08,2026-08-24,,139
P022,W08,2026-08-25,,139
P022,W08,2026-08-26,,139
P022,W08,2026-08-27,,139
P022,W08,2026-08-28,,139
P022,W08,2026-08-29,,139
P022,W08,2026-08-30,,139
P022,W08,2026-08-31,,139
P022,W08,2026-09-01,,141
P022,W08,2026-09-02,,141
P022,W08,2026-09-03,,141
P022,W08,2026-09-04,,141
P022,W08,2026-09-05,,141
P022,W08,2026-09-06,,141
P022,W08,2026-09-07,,141
P014,W05,2026-05-12,159,159
P014,W05,2026-05-13,136,159
P014,W05,2026-05-14,158,159
P014,W05,2026-05-15,191,159
P014,W05,2026-05-16,173,159
P014,W05,2026-05-17,182,159
P014,W05,2026-05-18,140,159
P014,W05,2026-05-19,177,159
P014,W05,2026-05-20,158,159
P014,W05,2026-05-21,157,159
P014,W05,2026-05-22,163,159
P014,W05,2026-05-23,141,159
P014,W05,2026-05-24,132,159
P014,W05,2026-05-25,177,159
P014,W05,2026-05-26,143,159
P014,W05,2026-05-27,178,159
P014,W05,2026-05-28,136,159
P014,W05,2026-05-29,166,159
P014,W05,2026-05-30,143,159
P014,W05,2026-05-31,145,159
P014,W05,2026-06-01,150,147
P014,W05,2026-06-02,141,147
P014,W05,2026-06-03,167,147
P014,W05,2026-06-04,120,147
P014,W05,2026-06-05,139,147
P014,W05,2026-06-06,145,147
P014,W05,2026-06-07,138,147
P014,W05,2026-06-08,141,147
P014,W05,2026-06-09,112,147
P014,W05,2026-06-10,154,147
P014,W05,2026-06-11,145,147
P014,W05,2026-06-12,154,147
P014,W05,2026-06-13,152,147
P014,W05,2026-06-14,148,147
P014,W05,2026-06-15,134,147
P014,W05,2026-06-16,138,147
P014,W05,2026-06-17,175,147
P014,W05,2026-06-18,145,147
P014,W05,2026-06-19,177,147
P014,W05,2026-06-20,118,147
P014,W05,2026-06-21,136,147
P014,W05,2026-06-22,140,147
P014,W05,2026-06-23,131,147
P014,W05,2026-06-24,156,147
P014,W05,2026-06-25,164,147
P014,W05,2026-06-26,141,147
P014,W05,2026-06-27,148,147
P014,W05,2026-06-28,155,147
P014,W05,2026-06-29,165,147
P014,W05,2026-06-30,166,147
P014,W05,2026-07-01,139,149
P014,W05,2026-07-02,159,149
P014,W05,2026-07-03,150,149
P014,W05,2026-07-04,129,149
P014,W05,2026-07-05,176,149
P014,W05,2026-07-06,155,149
P014,W05,2026-07-07,115,149
P014,W05,2026-07-08,129,149
P014,W05,2026-07-09,119,149
P014,W05,2026-07-10,177,149
P014,W05,2026-07-11,153,149
P014,W05,2026-07-12,162,149
P014,W05,2026-07-13,164,149
P014,W05,2026-07-14,138,149
P014,W05,2026-07-15,146,149
P014,W05,2026-07-16,178,149
P014,W05,2026-07-17,146,149
P014,W05,2026-07-18,168,149
P014,W05,2026-07-19,134,149
P014,W05,2026-07-20,155,149
P014,W05,2026-07-21,151,149
P014,W05,2026-07-22,132,149
P014,W05,2026-07-23,156,149
P014,W05,2026-07-24,136,149
P014,W05,2026-07-25,129,149
P014,W05,2026-07-26,156,149
P014,W05,2026-07-27,136,149
P014,W05,2026-07-28,164,149
P014,W05,2026-07-29,132,149
P014,W05,2026-07-30,177,149
P014,W05,2026-07-31,151,149
P014,W05,2026-08-01,150,151
P014,W05,2026-08-02,152,151
P014,W05,2026-08-03,168,151
P014,W05,2026-08-04,128,151
P014,W05,2026-08-05,155,151
P014,W05,2026-08-06,141,151
P014,W05,2026-08-07,143,151
P014,W05,2026-08-08,140,151
P014,W05,2026-08-09,150,151
P014,W05,2026-08-10,,151
P014,W05,2026-08-11,,151
P014,W05,2026-08-12,,151
P014,W05,2026-08-13,,151
P014,W05,2026-08-14,,151
P014,W05,2026-08-15,,151
P014,W05,2026-08-16,,151
P014,W05,2026-08-17,,151
P014,W05,2026-08-18,,151
P014,W05,2026-08-19,,151
P014,W05,2026-08-20,,151
P014,W05,2026-08-21,,151
P014,W05,2026-08-22,,151
P014,W05,2026-08-23,,151
P014,W05,2026-08-24,,151
P014,W05,2026-08-25,,151
P014,W05,2026-08-26,,151
P014,W05,2026-08-27,,151
P014,W05,2026-08-28,,151
P014,W05,2026-08-29,,151
P014,W05,2026-08-30,,151
P014,W05,2026-08-31,,151
P014,W05,2026-09-01,,154
P014,W05,2026-09-02,,154
P014,W05,2026-09-03,,154
P014,W05,2026-09-04,,154
P014,W05,2026-09-05,,154
P014,W05,2026-09-06,,154
P014,W05,2026-09-07,,154
P005,W07,2026-05-12,51,57
P005,W07,2026-05-13,52,57
P005,W07,2026-05-14,63,57
P005,W07,2026-05-15,58,57
P005,W07,2026-05-16,54,57
P005,W07,2026-05-17,59,57
P005,W07,2026-05-18,55,57
P005,W07,2026-05-19,46,57
P005,W07,2026-05-20,57,57
P005,W07,2026-05-21,60,57
P005,W07,2026-05-22,45,57
P005,W07,2026-05-23,44,57
P005,W07,2026-05-24,53,57
P005,W07,2026-05-25,57,57
P005,W07,2026-05-26,54,57
P005,W07,2026-05-27,59,57
P005,W07,2026-05-28,66,57
P005,W07,2026-05-29,53,57
P005,W07,2026-05-30,46,57
P005,W07,2026-05-31,70,57
P005,W07,2026-06-01,59,53
P005,W07,2026-06-02,46,53
P005,W07,2026-06-03,48,53
P005,W07,2026-06-04,51,53
P005,W07,2026-06-05,52,53
P005,W07,2026-06-06,55,53
P005,W07,2026-06-07,58,53
P005,W07,2026-06-08,52,53
P005,W07,2026-06-09,54,53
P005,W07,2026-06-10,50,53
P005,W07,2026-06-11,52,53
P005,W07,2026-06-12,53,53
P005,W07,2026-06-13,59,53
P005,W07,2026-06-14,53,53
P005,W07,2026-06-15,63,53
P005,W07,2026-06-16,54,53
P005,W07,2026-06-17,45,53
P005,W07,2026-06-18,59,53
P005,W07,2026-06-19,56,53
P005,W07,2026-06-20,54,53
P005,W07,2026-06-21,54,53
P005,W07,2026-06-22,54,53
P005,W07,2026-06-23,63,53
P005,W07,2026-06-24,56,53
P005,W07,2026-06-25,53,53
P005,W07,2026-06-26,46,53
P005,W07,2026-06-27,51,53
P005,W07,2026-06-28,49,53
P005,W07,2026-06-29,50,53
P005,W07,2026-06-30,54,53
P005,W07,2026-07-01,44,53
P005,W07,2026-07-02,49,53
P005,W07,2026-07-03,50,53
P005,W07,2026-07-04,55,53
P005,W07,2026-07-05,53,53
P005,W07,2026-07-06,58,53
P005,W07,2026-07-07,49,53
P005,W07,2026-07-08,56,53
P005,W07,2026-07-09,61,53
P005,W07,2026-07-10,59,53
P005,W07,2026-07-11,62,53
P005,W07,2026-07-12,51,53
P005,W07,2026-07-13,56,53
P005,W07,2026-07-14,42,53
P005,W07,2026-07-15,43,53
P005,W07,2026-07-16,54,53
P005,W07,2026-07-17,60,53
P005,W07,2026-07-18,58,53
P005,W07,2026-07-19,44,53
P005,W07,2026-07-20,50,53
P005,W07,2026-07-21,50,53
P005,W07,2026-07-22,62,53
P005,W07,2026-07-23,49,53
P005,W07,2026-07-24,47,53
P005,W07,2026-07-25,46,53
P005,W07,2026-07-26,50,53
P005,W07,2026-07-27,50,53
P005,W07,2026-07-28,46,53
P005,W07,2026-07-29,47,53
P005,W07,2026-07-30,58,53
P005,W07,2026-07-31,61,53
P005,W07,2026-08-01,54,54
P005,W07,2026-08-02,52,54
P005,W07,2026-08-03,57,54
P005,W07,2026-08-04,50,54
P005,W07,2026-08-05,64,54
P005,W07,2026-08-06,53,54
P005,W07,2026-08-07,51,54
P005,W07,2026-08-08,46,54
P005,W07,2026-08-09,50,54
P005,W07,2026-08-10,,54
P005,W07,2026-08-11,,54
P005,W07,2026-08-12,,54
P005,W07,2026-08-13,,54
P005,W07,2026-08-14,,54
P005,W07,2026-08-15,,54
P005,W07,2026-08-16,,54
P005,W07,2026-08-17,,54
P005,W07,2026-08-18,,54
P005,W07,2026-08-19,,54
P005,W07,2026-08-20,,54
P005,W07,2026-08-21,,54
P005,W07,2026-08-22,,54
P005,W07,2026-08-23,,54
P005,W07,2026-08-24,,54
P005,W07,2026-08-25,,54
P005,W07,2026-08-26,,54
P005,W07,2026-08-27,,54
P005,W07,2026-08-28,,54
P005,W07,2026-08-29,,54
P005,W07,2026-08-30,,54
P005,W07,2026-08-31,,54
P005,W07,2026-09-01,,55
P005,W07,2026-09-02,,55
P005,W07,2026-09-03,,55
P005,W07,2026-09-04,,55
P005,W07,2026-09-05,,55
P005,W07,2026-09-06,,55
P005,W07,2026-09-07,,55
P027,W06,2026-05-12,155,156
P027,W06,2026-05-13,164,156
P027,W06,2026-05-14,150,156
P027,W06,2026-05-15,191,156
P027,W06,2026-05-16,146,156
P027,W06,2026-05-17,156,156
P027,W06,2026-05-18,173,156
P027,W06,2026-05-19,147,156
P027,W06,2026-05-20,166,156
P027,W06,2026-05-21,152,156
P027,W06,2026-05-22,156,156
P027,W06,2026-05-23,143,156
P027,W06,2026-05-24,132,156
P027,W06,2026-05-25,122,156
P027,W06,2026-05-26,148,156
P027,W06,2026-05-27,172,156
P027,W06,2026-05-28,139,156
P027,W06,2026-05-29,185,156
P027,W06,2026-05-30,138,156
P027,W06,2026-05-31,169,156
P027,W06,2026-06-01,129,144
P027,W06,2026-06-02,132,144
P027,W06,2026-06-03,132,144
P027,W06,2026-06-04,122,144
P027,W06,2026-06-05,155,144
P027,W06,2026-06-06,163,144
P027,W06,2026-06-07,151,144
P027,W06,2026-06-08,132,144
P027,W06,2026-06-09,131,144
P027,W06,2026-06-10,138,144
P027,W06,2026-06-11,135,144
P027,W06,2026-06-12,143,144
P027,W06,2026-06-13,159,144
P027,W06,2026-06-14,144,144
P027,W06,2026-06-15,153,144
P027,W06,2026-06-16,154,144
P027,W06,2026-06-17,136,144
P027,W06,2026-06-18,144,144
P027,W06,2026-06-19,136,144
P027,W06,2026-06-20,144,144
P027,W06,2026-06-21,155,144
P027,W06,2026-06-22,137,144
P027,W06,2026-06-23,144,144
P027,W06,2026-06-24,135,144
P027,W06,2026-06-25,170,144
P027,W06,2026-06-26,151,144
P027,W06,2026-06-27,173,144
P027,W06,2026-06-28,171,144
P027,W06,2026-06-29,137,144
P027,W06,2026-06-30,140,144
P027,W06,2026-07-01,137,147
P027,W06,2026-07-02,155,147
P027,W06,2026-07-03,144,147
P027,W06,2026-07-04,131,147
P027,W06,2026-07-05,141,147
P027,W06,2026-07-06,150,147
P027,W06,2026-07-07,141,147
P027,W06,2026-07-08,165,147
P027,W06,2026-07-09,152,147
P027,W06,2026-07-10,146,147
P027,W06,2026-07-11,140,147
P027,W06,2026-07-12,154,147
P027,W06,2026-07-13,131,147
P027,W06,2026-07-14,161,147
P027,W06,2026-07-15,169,147
P027,W06,2026-07-16,169,147
P027,W06,2026-07-17,141,147
P027,W06,2026-07-18,155,147
P027,W06,2026-07-19,159,147
P027,W06,2026-07-20,131,147
P027,W06,2026-07-21,131,147
P027,W06,2026-07-22,129,147
P027,W06,2026-07-23,129,147
P027,W06,2026-07-24,154,147
P027,W06,2026-07-25,167,147
P027,W06,2026-07-26,147,147
P027,W06,2026-07-27,167,147
P027,W06,2026-07-28,154,147
P027,W06,2026-07-29,149,147
P027,W06,2026-07-30,134,147
P027,W06,2026-07-31,167,147
P027,W06,2026-08-01,124,149
P027,W06,2026-08-02,120,149
P027,W06,2026-08-03,120,149
P027,W06,2026-08-04,145,149
P027,W06,2026-08-05,155,149
P027,W06,2026-08-06,149,149
P027,W06,2026-08-07,146,149
P027,W06,2026-08-08,152,149
P027,W06,2026-08-09,164,149
P027,W06,2026-08-10,,149
P027,W06,2026-08-11,,149
P027,W06,2026-08-12,,149
P027,W06,2026-08-13,,149
P027,W06,2026-08-14,,149
P027,W06,2026-08-15,,149
P027,W06,2026-08-16,,149
P027,W06,2026-08-17,,149
P027,W06,2026-08-18,,149
P027,W06,2026-08-19,,149
P027,W06,2026-08-20,,149
P027,W06,2026-08-21,,149
P027,W06,2026-08-22,,149
P027,W06,2026-08-23,,149
P027,W06,2026-08-24,,149
P027,W06,2026-08-25,,149
P027,W06,2026-08-26,,149
P027,W06,2026-08-27,,149
P027,W06,2026-08-28,,149
P027,W06,2026-08-29,,149
P027,W06,2026-08-30,,149
P027,W06,2026-08-31,,149
P027,W06,2026-09-01,,152
P027,W06,2026-09-02,,152
P027,W06,2026-09-03,,152
P027,W06,2026-09-04,,152
P027,W06,2026-09-05,,152
P027,W06,2026-09-06,,152
P027,W06,2026-09-07,,152
P002,W07,2026-05-12,163,152
P002,W07,2026-05-13,163,152
P002,W07,2026-05-14,178,152
P002,W07,2026-05-15,133,152
P002,W07,2026-05-16,136,152
P002,W07,2026-05-17,155,152
P002,W07,2026-05-18,140,152
P002,W07,2026-05-19,146,152
P002,W07,2026-05-20,153,152
P002,W07,2026-05-21,145,152
P002,W07,2026-05-22,153,152
P002,W07,2026-05-23,168,152
P002,W07,2026-05-24,131,152
P002,W07,2026-05-25,139,152
P002,W07,2026-05-26,126,152
P002,W07,2026-05-27,126,152
P002,W07,2026-05-28,165,152
P002,W07,2026-05-29,133,152
P002,W07,2026-05-30,142,152
P002,W07,2026-05-31,166,152
P002,W07,2026-06-01,141,141
P002,W07,2026-06-02,110,141
P002,W07,2026-06-03,139,141
P002,W07,2026-06-04,123,141
P002,W07,2026-06-05,157,141
P002,W07,2026-06-06,133,141
P002,W07,2026-06-07,171,141
P002,W07,2026-06-08,160,141
P002,W07,2026-06-09,152,141
P002,W07,2026-06-10,115,141
P002,W07,2026-06-11,121,141
P002,W07,2026-06-12,158,141
P002,W07,2026-06-13,160,141
P002,W07,2026-06-14,137,141
P002,W07,2026-06-15,131,141
P002,W07,2026-06-16,164,141
P002,W07,2026-06-17,152,141
P002,W07,2026-06-18,158,141
P002,W07,2026-06-19,144,141
P002,W07,2026-06-20,161,141
P002,W07,2026-06-21,154,141
P002,W07,2026-06-22,154,141
P002,W07,2026-06-23,117,141
P002,W07,2026-06-24,172,141
P002,W07,2026-06-25,141,141
P002,W07,2026-06-26,132,141
P002,W07,2026-06-27,151,141
P002,W07,2026-06-28,168,141
P002,W07,2026-06-29,143,141
P002,W07,2026-06-30,143,141
P002,W07,2026-07-01,127,143
P002,W07,2026-07-02,116,143
P002,W07,2026-07-03,156,143
P002,W07,2026-07-04,131,143
P002,W07,2026-07-05,163,143
P002,W07,2026-07-06,132,143
P002,W07,2026-07-07,143,143
P002,W07,2026-07-08,135,143
P002,W07,2026-07-09,130,143
P002,W07,2026-07-10,141,143
P002,W07,2026-07-11,138,143
P002,W07,2026-07-12,147,143
P002,W07,2026-07-13,128,143
P002,W07,2026-07-14,124,143
P002,W07,2026-07-15,128,143
P002,W07,2026-07-16,141,143
P002,W07,2026-07-17,161,143
P002,W07,2026-07-18,162,143
P002,W07,2026-07-19,141,143
P002,W07,2026-07-20,114,143
P002,W07,2026-07-21,145,143
P002,W07,2026-07-22,174,143
P002,W07,2026-07-23,142,143
P002,W07,2026-07-24,127,143
P002,W07,2026-07-25,139,143
P002,W07,2026-07-26,176,143
P002,W07,2026-07-27,141,143
P002,W07,2026-07-28,125,143
P002,W07,2026-07-29,121,143
P002,W07,2026-07-30,142,143
P002,W07,2026-07-31,114,143
P002,W07,2026-08-01,157,145
P002,W07,2026-08-02,137,145
P002,W07,2026-08-03,129,145
P002,W07,2026-08-04,132,145
P002,W07,2026-08-05,177,145
P002,W07,2026-08-06,140,145
P002,W07,2026-08-07,115,145
P002,W07,2026-08-08,131,145
P002,W07,2026-08-09,176,145
P002,W07,2026-08-10,,145
P002,W07,2026-08-11,,145
P002,W07,2026-08-12,,145
P002,W07,2026-08-13,,145
P002,W07,2026-08-14,,145
P002,W07,2026-08-15,,145
P002,W07,2026-08-16,,145
P002,W07,2026-08-17,,145
P002,W07,2026-08-18,,145
P002,W07,2026-08-19,,145
P002,W07,2026-08-20,,145
P002,W07,2026-08-21,,145
P002,W07,2026-08-22,,145
P002,W07,2026-08-23,,145
P002,W07,2026-08-24,,145
P002,W07,2026-08-25,,145
P002,W07,2026-08-26,,145
P002,W07,2026-08-27,,145
P002,W07,2026-08-28,,145
P002,W07,2026-08-29,,145
P002,W07,2026-08-30,,145
P002,W07,2026-08-31,,145
P002,W07,2026-09-01,,148
P002,W07,2026-09-02,,148
P002,W07,2026-09-03,,148
P002,W07,2026-09-04,,148
P002,W07,2026-09-05,,148
P002,W07,2026-09-06,,148
P002,W07,2026-09-07,,148
P023,W03,2026-05-12,136,119
P023,W03,2026-05-13,140,119
P023,W03,2026-05-14,100,119
P023,W03,2026-05-15,126,119
P023,W03,2026-05-16,99,119
P023,W03,2026-05-17,120,119
P023,W03,2026-05-18,99,119
P023,W03,2026-05-19,124,119
P023,W03,2026-05-20,100,119
P023,W03,2026-05-21,108,119
P023,W03,2026-05-22,113,119
P023,W03,2026-05-23,125,119
P023,W03,2026-05-24,104,119
P023,W03,2026-05-25,102,119
P023,W03,2026-05-26,135,119
P023,W03,2026-05-27,110,119
P023,W03,2026-05-28,113,119
P023,W03,2026-05-29,124,119
P023,W03,2026-05-30,122,119
P023,W03,2026-05-31,138,119
P023,W03,2026-06-01,117,110
P023,W03,2026-06-02,117,110
P023,W03,2026-06-03,103,110
P023,W03,2026-06-04,134,110
P023,W03,2026-06-05,120,110
P023,W03,2026-06-06,121,110
P023,W03,2026-06-07,109,110
P023,W03,2026-06-08,87,110
P023,W03,2026-06-09,105,110
P023,W03,2026-06-10,121,110
P023,W03,2026-06-11,120,110
P023,W03,2026-06-12,114,110
P023,W03,2026-06-13,96,110
P023,W03,2026-06-14,91,110
P023,W03,2026-06-15,113,110
P023,W03,2026-06-16,105,110
P023,W03,2026-06-17,113,110
P023,W03,2026-06-18,101,110
P023,W03,2026-06-19,92,110
P023,W03,2026-06-20,96,110
P023,W03,2026-06-21,132,110
P023,W03,2026-06-22,112,110
P023,W03,2026-06-23,98,110
P023,W03,2026-06-24,104,110
P023,W03,2026-06-25,105,110
P023,W03,2026-06-26,113,110
P023,W03,2026-06-27,111,110
P023,W03,2026-06-28,130,110
P023,W03,2026-06-29,110,110
P023,W03,2026-06-30,110,110
P023,W03,2026-07-01,98,111
P023,W03,2026-07-02,104,111
P023,W03,2026-07-03,98,111
P023,W03,2026-07-04,115,111
P023,W03,2026-07-05,113,111
P023,W03,2026-07-06,124,111
P023,W03,2026-07-07,103,111
P023,W03,2026-07-08,132,111
P023,W03,2026-07-09,111,111
P023,W03,2026-07-10,104,111
P023,W03,2026-07-11,108,111
P023,W03,2026-07-12,131,111
P023,W03,2026-07-13,138,111
P023,W03,2026-07-14,122,111
P023,W03,2026-07-15,115,111
P023,W03,2026-07-16,104,111
P023,W03,2026-07-17,108,111
P023,W03,2026-07-18,102,111
P023,W03,2026-07-19,102,111
P023,W03,2026-07-20,107,111
P023,W03,2026-07-21,109,111
P023,W03,2026-07-22,129,111
P023,W03,2026-07-23,103,111
P023,W03,2026-07-24,114,111
P023,W03,2026-07-25,115,111
P023,W03,2026-07-26,104,111
P023,W03,2026-07-27,112,111
P023,W03,2026-07-28,111,111
P023,W03,2026-07-29,135,111
P023,W03,2026-07-30,109,111
P023,W03,2026-07-31,119,111
P023,W03,2026-08-01,120,113
P023,W03,2026-08-02,135,113
P023,W03,2026-08-03,105,113
P023,W03,2026-08-04,114,113
P023,W03,2026-08-05,129,113
P023,W03,2026-08-06,116,113
P023,W03,2026-08-07,119,113
P023,W03,2026-08-08,127,113
P023,W03,2026-08-09,138,113
P023,W03,2026-08-10,,113
P023,W03,2026-08-11,,113
P023,W03,2026-08-12,,113
P023,W03,2026-08-13,,113
P023,W03,2026-08-14,,113
P023,W03,2026-08-15,,113
P023,W03,2026-08-16,,113
P023,W03,2026-08-17,,113
P023,W03,2026-08-18,,113
P023,W03,2026-08-19,,113
P023,W03,2026-08-20,,113
P023,W03,2026-08-21,,113
P023,W03,2026-08-22,,113
P023,W03,2026-08-23,,113
P023,W03,2026-08-24,,113
P023,W03,2026-08-25,,113
P023,W03,2026-08-26,,113
P023,W03,2026-08-27,,113
P023,W03,2026-08-28,,113
P023,W03,2026-08-29,,113
P023,W03,2026-08-30,,113
P023,W03,2026-08-31,,113
P023,W03,2026-09-01,,115
P023,W03,2026-09-02,,115
P023,W03,2026-09-03,,115
P023,W03,2026-09-04,,115
P023,W03,2026-09-05,,115
P023,W03,2026-09-06,,115
P023,W03,2026-09-07,,115
P005,W05,2026-05-12,49,52
P005,W05,2026-05-13,41,52
P005,W05,2026-05-14,48,52
P005,W05,2026-05-15,48,52
P005,W05,2026-05-16,59,52
P005,W05,2026-05-17,51,52
P005,W05,2026-05-18,51,52
P005,W05,2026-05-19,58,52
P005,W05,2026-05-20,49,52
P005,W05,2026-05-21,48,52
P005,W05,2026-05-22,60,52
P005,W05,2026-05-23,57,52
P005,W05,2026-05-24,58,52
P005,W05,2026-05-25,64,52
P005,W05,2026-05-26,52,52
P005,W05,2026-05-27,44,52
P005,W05,2026-05-28,49,52
P005,W05,2026-05-29,43,52
P005,W05,2026-05-30,51,52
P005,W05,2026-05-31,48,52
P005,W05,2026-06-01,54,48
P005,W05,2026-06-02,50,48
P005,W05,2026-06-03,42,48
P005,W05,2026-06-04,53,48
P005,W05,2026-06-05,43,48
P005,W05,2026-06-06,44,48
P005,W05,2026-06-07,48,48
P005,W05,2026-06-08,42,48
P005,W05,2026-06-09,39,48
P005,W05,2026-06-10,45,48
P005,W05,2026-06-11,51,48
P005,W05,2026-06-12,51,48
P005,W05,2026-06-13,41,48
P005,W05,2026-06-14,52,48
P005,W05,2026-06-15,41,48
P005,W05,2026-06-16,51,48
P005,W05,2026-06-17,39,48
P005,W05,2026-06-18,51,48
P005,W05,2026-06-19,44,48
P005,W05,2026-06-20,46,48
P005,W05,2026-06-21,48,48
P005,W05,2026-06-22,49,48
P005,W05,2026-06-23,48,48
P005,W05,2026-06-24,55,48
P005,W05,2026-06-25,56,48
P005,W05,2026-06-26,43,48
P005,W05,2026-06-27,53,48
P005,W05,2026-06-28,49,48
P005,W05,2026-06-29,46,48
P005,W05,2026-06-30,49,48
P005,W05,2026-07-01,42,48
P005,W05,2026-07-02,50,48
P005,W05,2026-07-03,46,48
P005,W05,2026-07-04,49,48
P005,W05,2026-07-05,42,48
P005,W05,2026-07-06,49,48
P005,W05,2026-07-07,45,48
P005,W05,2026-07-08,50,48
P005,W05,2026-07-09,49,48
P005,W05,2026-07-10,42,48
P005,W05,2026-07-11,39,48
P005,W05,2026-07-12,50,48
P005,W05,2026-07-13,47,48
P005,W05,2026-07-14,40,48
P005,W05,2026-07-15,47,48
P005,W05,2026-07-16,50,48
P005,W05,2026-07-17,52,48
P005,W05,2026-07-18,45,48
P005,W05,2026-07-19,49,48
P005,W05,2026-07-20,50,48
P005,W05,2026-07-21,45,48
P005,W05,2026-07-22,48,48
P005,W05,2026-07-23,54,48
P005,W05,2026-07-24,48,48
P005,W05,2026-07-25,56,48
P005,W05,2026-07-26,44,48
P005,W05,2026-07-27,40,48
P005,W05,2026-07-28,42,48
P005,W05,2026-07-29,42,48
P005,W05,2026-07-30,42,48
P005,W05,2026-07-31,51,48
P005,W05,2026-08-01,41,49
P005,W05,2026-08-02,48,49
P005,W05,2026-08-03,47,49
P005,W05,2026-08-04,54,49
P005,W05,2026-08-05,45,49
P005,W05,2026-08-06,49,49
P005,W05,2026-08-07,45,49
P005,W05,2026-08-08,52,49
P005,W05,2026-08-09,45,49
P005,W05,2026-08-10,,49
P005,W05,2026-08-11,,49
P005,W05,2026-08-12,,49
P005,W05,2026-08-13,,49
P005,W05,2026-08-14,,49
P005,W05,2026-08-15,,49
P005,W05,2026-08-16,,49
P005,W05,2026-08-17,,49
P005,W05,2026-08-18,,49
P005,W05,2026-08-19,,49
P005,W05,2026-08-20,,49
P005,W05,2026-08-21,,49
P005,W05,2026-08-22,,49
P005,W05,2026-08-23,,49
P005,W05,2026-08-24,,49
P005,W05,2026-08-25,,49
P005,W05,2026-08-26,,49
P005,W05,2026-08-27,,49
P005,W05,2026-08-28,,49
P005,W05,2026-08-29,,49
P005,W05,2026-08-30,,49
P005,W05,2026-08-31,,49
P005,W05,2026-09-01,,50
P005,W05,2026-09-02,,50
P005,W05,2026-09-03,,50
P005,W05,2026-09-04,,50
P005,W05,2026-09-05,,50
P005,W05,2026-09-06,,50
P005,W05,2026-09-07,,50
P003,W07,2026-05-12,63,66
P003,W07,2026-05-13,66,66
P003,W07,2026-05-14,65,66
P003,W07,2026-05-15,61,66
P003,W07,2026-05-16,55,66
P003,W07,2026-05-17,63,66
P003,W07,2026-05-18,69,66
P003,W07,2026-05-19,58,66
P003,W07,2026-05-20,61,66
P003,W07,2026-05-21,69,66
P003,W07,2026-05-22,72,66
P003,W07,2026-05-23,70,66
P003,W07,2026-05-24,62,66
P003,W07,2026-05-25,64,66
P003,W07,2026-05-26,61,66
P003,W07,2026-05-27,62,66
P003,W07,2026-05-28,76,66
P003,W07,2026-05-29,64,66
P003,W07,2026-05-30,57,66
P003,W07,2026-05-31,74,66
P003,W07,2026-06-01,64,60
P003,W07,2026-06-02,68,60
P003,W07,2026-06-03,59,60
P003,W07,2026-06-04,59,60
P003,W07,2026-06-05,56,60
P003,W07,2026-06-06,60,60
P003,W07,2026-06-07,49,60
P003,W07,2026-06-08,56,60
P003,W07,2026-06-09,48,60
P003,W07,2026-06-10,68,60
P003,W07,2026-06-11,55,60
P003,W07,2026-06-12,48,60
P003,W07,2026-06-13,62,60
P003,W07,2026-06-14,64,60
P003,W07,2026-06-15,60,60
P003,W07,2026-06-16,55,60
P003,W07,2026-06-17,55,60
P003,W07,2026-06-18,63,60
P003,W07,2026-06-19,64,60
P003,W07,2026-06-20,60,60
P003,W07,2026-06-21,65,60
P003,W07,2026-06-22,65,60
P003,W07,2026-06-23,54,60
P003,W07,2026-06-24,69,60
P003,W07,2026-06-25,74,60
P003,W07,2026-06-26,48,60
P003,W07,2026-06-27,51,60
P003,W07,2026-06-28,65,60
P003,W07,2026-06-29,74,60
P003,W07,2026-06-30,59,60
P003,W07,2026-07-01,57,61
P003,W07,2026-07-02,63,61
P003,W07,2026-07-03,61,61
P003,W07,2026-07-04,58,61
P003,W07,2026-07-05,64,61
P003,W07,2026-07-06,60,61
P003,W07,2026-07-07,72,61
P003,W07,2026-07-08,54,61
P003,W07,2026-07-09,68,61
P003,W07,2026-07-10,55,61
P003,W07,2026-07-11,57,61
P003,W07,2026-07-12,57,61
P003,W07,2026-07-13,62,61
P003,W07,2026-07-14,58,61
P003,W07,2026-07-15,65,61
P003,W07,2026-07-16,65,61
P003,W07,2026-07-17,74,61
P003,W07,2026-07-18,68,61
P003,W07,2026-07-19,67,61
P003,W07,2026-07-20,52,61
P003,W07,2026-07-21,59,61
P003,W07,2026-07-22,58,61
P003,W07,2026-07-23,52,61
P003,W07,2026-07-24,61,61
P003,W07,2026-07-25,70,61
P003,W07,2026-07-26,63,61
P003,W07,2026-07-27,63,61
P003,W07,2026-07-28,57,61
P003,W07,2026-07-29,62,61
P003,W07,2026-07-30,64,61
P003,W07,2026-07-31,54,61
P003,W07,2026-08-01,60,62
P003,W07,2026-08-02,61,62
P003,W07,2026-08-03,60,62
P003,W07,2026-08-04,55,62
P003,W07,2026-08-05,57,62
P003,W07,2026-08-06,64,62
P003,W07,2026-08-07,60,62
P003,W07,2026-08-08,58,62
P003,W07,2026-08-09,60,62
P003,W07,2026-08-10,,62
P003,W07,2026-08-11,,62
P003,W07,2026-08-12,,62
P003,W07,2026-08-13,,62
P003,W07,2026-08-14,,62
P003,W07,2026-08-15,,62
P003,W07,2026-08-16,,62
P003,W07,2026-08-17,,62
P003,W07,2026-08-18,,62
P003,W07,2026-08-19,,62
P003,W07,2026-08-20,,62
P003,W07,2026-08-21,,62
P003,W07,2026-08-22,,62
P003,W07,2026-08-23,,62
P003,W07,2026-08-24,,62
P003,W07,2026-08-25,,62
P003,W07,2026-08-26,,62
P003,W07,2026-08-27,,62
P003,W07,2026-08-28,,62
P003,W07,2026-08-29,,62
P003,W07,2026-08-30,,62
P003,W07,2026-08-31,,62
P003,W07,2026-09-01,,63
P003,W07,2026-09-02,,63
P003,W07,2026-09-03,,63
P003,W07,2026-09-04,,63
P003,W07,2026-09-05,,63
P003,W07,2026-09-06,,63
P003,W07,2026-09-07,,63
P015,W06,2026-05-12,200,219
P015,W06,2026-05-13,234,219
P015,W06,2026-05-14,210,219
P015,W06,2026-05-15,211,219
P015,W06,2026-05-16,230,219
P015,W06,2026-05-17,254,219
P015,W06,2026-05-18,179,219
P015,W06,2026-05-19,198,219
P015,W06,2026-05-20,177,219
P015,W06,2026-05-21,192,219
P015,W06,2026-05-22,216,219
P015,W06,2026-05-23,205,219
P015,W06,2026-05-24,230,219
P015,W06,2026-05-25,199,219
P015,W06,2026-05-26,260,219
P015,W06,2026-05-27,198,219
P015,W06,2026-05-28,192,219
P015,W06,2026-05-29,242,219
P015,W06,2026-05-30,225,219
P015,W06,2026-05-31,262,219
P015,W06,2026-06-01,240,202
P015,W06,2026-06-02,197,202
P015,W06,2026-06-03,218,202
P015,W06,2026-06-04,213,202
P015,W06,2026-06-05,236,202
P015,W06,2026-06-06,178,202
P015,W06,2026-06-07,180,202
P015,W06,2026-06-08,202,202
P015,W06,2026-06-09,186,202
P015,W06,2026-06-10,204,202
P015,W06,2026-06-11,202,202
P015,W06,2026-06-12,245,202
P015,W06,2026-06-13,182,202
P015,W06,2026-06-14,176,202
P015,W06,2026-06-15,204,202
P015,W06,2026-06-16,216,202
P015,W06,2026-06-17,165,202
P015,W06,2026-06-18,190,202
P015,W06,2026-06-19,211,202
P015,W06,2026-06-20,203,202
P015,W06,2026-06-21,219,202
P015,W06,2026-06-22,167,202
P015,W06,2026-06-23,203,202
P015,W06,2026-06-24,231,202
P015,W06,2026-06-25,183,202
P015,W06,2026-06-26,202,202
P015,W06,2026-06-27,209,202
P015,W06,2026-06-28,203,202
P015,W06,2026-06-29,169,202
P015,W06,2026-06-30,243,202
P015,W06,2026-07-01,178,205
P015,W06,2026-07-02,180,205
P015,W06,2026-07-03,194,205
P015,W06,2026-07-04,201,205
P015,W06,2026-07-05,207,205
P015,W06,2026-07-06,176,205
P015,W06,2026-07-07,208,205
P015,W06,2026-07-08,215,205
P015,W06,2026-07-09,241,205
P015,W06,2026-07-10,204,205
P015,W06,2026-07-11,192,205
P015,W06,2026-07-12,219,205
P015,W06,2026-07-13,198,205
P015,W06,2026-07-14,230,205
P015,W06,2026-07-15,191,205
P015,W06,2026-07-16,190,205
P015,W06,2026-07-17,236,205
P015,W06,2026-07-18,209,205
P015,W06,2026-07-19,249,205
P015,W06,2026-07-20,212,205
P015,W06,2026-07-21,204,205
P015,W06,2026-07-22,189,205
P015,W06,2026-07-23,172,205
P015,W06,2026-07-24,217,205
P015,W06,2026-07-25,240,205
P015,W06,2026-07-26,240,205
P015,W06,2026-07-27,215,205
P015,W06,2026-07-28,240,205
P015,W06,2026-07-29,192,205
P015,W06,2026-07-30,246,205
P015,W06,2026-07-31,201,205
P015,W06,2026-08-01,224,209
P015,W06,2026-08-02,199,209
P015,W06,2026-08-03,217,209
P015,W06,2026-08-04,213,209
P015,W06,2026-08-05,225,209
P015,W06,2026-08-06,239,209
P015,W06,2026-08-07,193,209
P015,W06,2026-08-08,251,209
P015,W06,2026-08-09,209,209
P015,W06,2026-08-10,,209
P015,W06,2026-08-11,,209
P015,W06,2026-08-12,,209
P015,W06,2026-08-13,,209
P015,W06,2026-08-14,,209
P015,W06,2026-08-15,,209
P015,W06,2026-08-16,,209
P015,W06,2026-08-17,,209
P015,W06,2026-08-18,,209
P015,W06,2026-08-19,,209
P015,W06,2026-08-20,,209
P015,W06,2026-08-21,,209
P015,W06,2026-08-22,,209
P015,W06,2026-08-23,,209
P015,W06,2026-08-24,,209
P015,W06,2026-08-25,,209
P015,W06,2026-08-26,,209
P015,W06,2026-08-27,,209
P015,W06,2026-08-28,,209
P015,W06,2026-08-29,,209
P015,W06,2026-08-30,,209
P015,W06,2026-08-31,,209
P015,W06,2026-09-01,,212
P015,W06,2026-09-02,,212
P015,W06,2026-09-03,,212
P015,W06,2026-09-04,,212
P015,W06,2026-09-05,,212
P015,W06,2026-09-06,,212
P015,W06,2026-09-07,,212
P002,W02,2026-05-12,34,37
P002,W02,2026-05-13,33,37
P002,W02,2026-05-14,39,37
P002,W02,2026-05-15,42,37
P002,W02,2026-05-16,42,37
P002,W02,2026-05-17,38,37
P002,W02,2026-05-18,36,37
P002,W02,2026-05-19,40,37
P002,W02,2026-05-20,40,37
P002,W02,2026-05-21,32,37
P002,W02,2026-05-22,40,37
P002,W02,2026-05-23,33,37
P002,W02,2026-05-24,32,37
P002,W02,2026-05-25,31,37
P002,W02,2026-05-26,39,37
P002,W02,2026-05-27,34,37
P002,W02,2026-05-28,40,37
P002,W02,2026-05-29,34,37
P002,W02,2026-05-30,39,37
P002,W02,2026-05-31,40,37
P002,W02,2026-06-01,42,35
P002,W02,2026-06-02,32,35
P002,W02,2026-06-03,35,35
P002,W02,2026-06-04,33,35
P002,W02,2026-06-05,32,35
P002,W02,2026-06-06,33,35
P002,W02,2026-06-07,33,35
P002,W02,2026-06-08,33,35
P002,W02,2026-06-09,38,35
P002,W02,2026-06-10,33,35
P002,W02,2026-06-11,36,35
P002,W02,2026-06-12,33,35
P002,W02,2026-06-13,36,35
P002,W02,2026-06-14,31,35
P002,W02,2026-06-15,33,35
P002,W02,2026-06-16,38,35
P002,W02,2026-06-17,38,35
P002,W02,2026-06-18,40,35
P002,W02,2026-06-19,33,35
P002,W02,2026-06-20,36,35
P002,W02,2026-06-21,39,35
P002,W02,2026-06-22,35,35
P002,W02,2026-06-23,35,35
P002,W02,2026-06-24,31,35
P002,W02,2026-06-25,37,35
P002,W02,2026-06-26,36,35
P002,W02,2026-06-27,31,35
P002,W02,2026-06-28,35,35
P002,W02,2026-06-29,33,35
P002,W02,2026-06-30,32,35
P002,W02,2026-07-01,31,35
P002,W02,2026-07-02,38,35
P002,W02,2026-07-03,40,35
P002,W02,2026-07-04,33,35
P002,W02,2026-07-05,35,35
P002,W02,2026-07-06,35,35
P002,W02,2026-07-07,43,35
P002,W02,2026-07-08,36,35
P002,W02,2026-07-09,39,35
P002,W02,2026-07-10,31,35
P002,W02,2026-07-11,42,35
P002,W02,2026-07-12,30,35
P002,W02,2026-07-13,34,35
P002,W02,2026-07-14,38,35
P002,W02,2026-07-15,33,35
P002,W02,2026-07-16,34,35
P002,W02,2026-07-17,33,35
P002,W02,2026-07-18,39,35
P002,W02,2026-07-19,36,35
P002,W02,2026-07-20,31,35
P002,W02,2026-07-21,41,35
P002,W02,2026-07-22,35,35
P002,W02,2026-07-23,28,35
P002,W02,2026-07-24,33,35
P002,W02,2026-07-25,29,35
P002,W02,2026-07-26,31,35
P002,W02,2026-07-27,31,35
P002,W02,2026-07-28,31,35
P002,W02,2026-07-29,31,35
P002,W02,2026-07-30,35,35
P002,W02,2026-07-31,39,35
P002,W02,2026-08-01,30,36
P002,W02,2026-08-02,38,36
P002,W02,2026-08-03,33,36
P002,W02,2026-08-04,32,36
P002,W02,2026-08-05,39,36
P002,W02,2026-08-06,37,36
P002,W02,2026-08-07,30,36
P002,W02,2026-08-08,28,36
P002,W02,2026-08-09,39,36
P002,W02,2026-08-10,,36
P002,W02,2026-08-11,,36
P002,W02,2026-08-12,,36
P002,W02,2026-08-13,,36
P002,W02,2026-08-14,,36
P002,W02,2026-08-15,,36
P002,W02,2026-08-16,,36
P002,W02,2026-08-17,,36
P002,W02,2026-08-18,,36
P002,W02,2026-08-19,,36
P002,W02,2026-08-20,,36
P002,W02,2026-08-21,,36
P002,W02,2026-08-22,,36
P002,W02,2026-08-23,,36
P002,W02,2026-08-24,,36
P002,W02,2026-08-25,,36
P002,W02,2026-08-26,,36
P002,W02,2026-08-27,,36
P002,W02,2026-08-28,,36
P002,W02,2026-08-29,,36
P002,W02,2026-08-30,,36
P002,W02,2026-08-31,,36
P002,W02,2026-09-01,,36
P002,W02,2026-09-02,,36
P002,W02,2026-09-03,,36
P002,W02,2026-09-04,,36
P002,W02,2026-09-05,,36
P002,W02,2026-09-06,,36
P002,W02,2026-09-07,,36
P001,W01,2026-05-12,154,173
P001,W01,2026-05-13,174,173
P001,W01,2026-05-14,165,173
P001,W01,2026-05-15,154,173
P001,W01,2026-05-16,202,173
P001,W01,2026-05-17,154,173
P001,W01,2026-05-18,172,173
P001,W01,2026-05-19,184,173
P001,W01,2026-05-20,149,173
P001,W01,2026-05-21,172,173
P001,W01,2026-05-22,181,173
P001,W01,2026-05-23,202,173
P001,W01,2026-05-24,174,173
P001,W01,2026-05-25,162,173
P001,W01,2026-05-26,202,173
P001,W01,2026-05-27,140,173
P001,W01,2026-05-28,188,173
P001,W01,2026-05-29,173,173
P001,W01,2026-05-30,161,173
P001,W01,2026-05-31,169,173
P001,W01,2026-06-01,157,160
P001,W01,2026-06-02,160,160
P001,W01,2026-06-03,188,160
P001,W01,2026-06-04,197,160
P001,W01,2026-06-05,155,160
P001,W01,2026-06-06,163,160
P001,W01,2026-06-07,154,160
P001,W01,2026-06-08,170,160
P001,W01,2026-06-09,183,160
P001,W01,2026-06-10,129,160
P001,W01,2026-06-11,125,160
P001,W01,2026-06-12,165,160
P001,W01,2026-06-13,197,160
P001,W01,2026-06-14,188,160
P001,W01,2026-06-15,176,160
P001,W01,2026-06-16,182,160
P001,W01,2026-06-17,172,160
P001,W01,2026-06-18,178,160
P001,W01,2026-06-19,143,160
P001,W01,2026-06-20,167,160
P001,W01,2026-06-21,187,160
P001,W01,2026-06-22,171,160
P001,W01,2026-06-23,171,160
P001,W01,2026-06-24,162,160
P001,W01,2026-06-25,159,160
P001,W01,2026-06-26,159,160
P001,W01,2026-06-27,167,160
P001,W01,2026-06-28,168,160
P001,W01,2026-06-29,176,160
P001,W01,2026-06-30,176,160
P001,W01,2026-07-01,152,162
P001,W01,2026-07-02,152,162
P001,W01,2026-07-03,144,162
P001,W01,2026-07-04,179,162
P001,W01,2026-07-05,193,162
P001,W01,2026-07-06,148,162
P001,W01,2026-07-07,173,162
P001,W01,2026-07-08,167,162
P001,W01,2026-07-09,151,162
P001,W01,2026-07-10,167,162
P001,W01,2026-07-11,151,162
P001,W01,2026-07-12,170,162
P001,W01,2026-07-13,152,162
P001,W01,2026-07-14,147,162
P001,W01,2026-07-15,159,162
P001,W01,2026-07-16,196,162
P001,W01,2026-07-17,164,162
P001,W01,2026-07-18,200,162
P001,W01,2026-07-19,143,162
P001,W01,2026-07-20,153,162
P001,W01,2026-07-21,156,162
P001,W01,2026-07-22,188,162
P001,W01,2026-07-23,168,162
P001,W01,2026-07-24,188,162
P001,W01,2026-07-25,160,162
P001,W01,2026-07-26,167,162
P001,W01,2026-07-27,146,162
P001,W01,2026-07-28,148,162
P001,W01,2026-07-29,143,162
P001,W01,2026-07-30,154,162
P001,W01,2026-07-31,152,162
P001,W01,2026-08-01,186,165
P001,W01,2026-08-02,174,165
P001,W01,2026-08-03,157,165
P001,W01,2026-08-04,151,165
P001,W01,2026-08-05,159,165
P001,W01,2026-08-06,181,165
P001,W01,2026-08-07,194,165
P001,W01,2026-08-08,165,165
P001,W01,2026-08-09,155,165
P001,W01,2026-08-10,,194
P001,W01,2026-08-11,,194
P001,W01,2026-08-12,,194
P001,W01,2026-08-13,,194
P001,W01,2026-08-14,,194
P001,W01,2026-08-15,,194
P001,W01,2026-08-16,,194
P001,W01,2026-08-17,,194
P001,W01,2026-08-18,,194
P001,W01,2026-08-19,,194
P001,W01,2026-08-20,,194
P001,W01,2026-08-21,,194
P001,W01,2026-08-22,,194
P001,W01,2026-08-23,,194
P001,W01,2026-08-24,,194
P001,W01,2026-08-25,,194
P001,W01,2026-08-26,,194
P001,W01,2026-08-27,,194
P001,W01,2026-08-28,,194
P001,W01,2026-08-29,,194
P001,W01,2026-08-30,,194
P001,W01,2026-08-31,,194
P001,W01,2026-09-01,,198
P001,W01,2026-09-02,,198
P001,W01,2026-09-03,,198
P001,W01,2026-09-04,,198
P001,W01,2026-09-05,,198
P001,W01,2026-09-06,,198
P001,W01,2026-09-07,,198
P017,W05,2026-05-12,113,128
P017,W05,2026-05-13,100,128
P017,W05,2026-05-14,139,128
P017,W05,2026-05-15,120,128
P017,W05,2026-05-16,113,128
P017,W05,2026-05-17,147,128
P017,W05,2026-05-18,114,128
P017,W05,2026-05-19,133,128
P017,W05,2026-05-20,144,128
P017,W05,2026-05-21,146,128
P017,W05,2026-05-22,149,128
P017,W05,2026-05-23,112,128
P017,W05,2026-05-24,136,128
P017,W05,2026-05-25,133,128
P017,W05,2026-05-26,134,128
P017,W05,2026-05-27,125,128
P017,W05,2026-05-28,145,128
P017,W05,2026-05-29,121,128
P017,W05,2026-05-30,117,128
P017,W05,2026-05-31,140,128
P017,W05,2026-06-01,119,119
P017,W05,2026-06-02,120,119
P017,W05,2026-06-03,128,119
P017,W05,2026-06-04,96,119
P017,W05,2026-06-05,125,119
P017,W05,2026-06-06,121,119
P017,W05,2026-06-07,110,119
P017,W05,2026-06-08,132,119
P017,W05,2026-06-09,135,119
P017,W05,2026-06-10,113,119
P017,W05,2026-06-11,138,119
P017,W05,2026-06-12,126,119
P017,W05,2026-06-13,121,119
P017,W05,2026-06-14,101,119
P017,W05,2026-06-15,93,119
P017,W05,2026-06-16,108,119
P017,W05,2026-06-17,117,119
P017,W05,2026-06-18,113,119
P017,W05,2026-06-19,117,119
P017,W05,2026-06-20,134,119
P017,W05,2026-06-21,132,119
P017,W05,2026-06-22,111,119
P017,W05,2026-06-23,133,119
P017,W05,2026-06-24,126,119
P017,W05,2026-06-25,106,119
P017,W05,2026-06-26,126,119
P017,W05,2026-06-27,130,119
P017,W05,2026-06-28,110,119
P017,W05,2026-06-29,125,119
P017,W05,2026-06-30,119,119
P017,W05,2026-07-01,118,120
P017,W05,2026-07-02,129,120
P017,W05,2026-07-03,107,120
P017,W05,2026-07-04,128,120
P017,W05,2026-07-05,128,120
P017,W05,2026-07-06,125,120
P017,W05,2026-07-07,122,120
P017,W05,2026-07-08,111,120
P017,W05,2026-07-09,121,120
P017,W05,2026-07-10,131,120
P017,W05,2026-07-11,124,120
P017,W05,2026-07-12,116,120
P017,W05,2026-07-13,120,120
P017,W05,2026-07-14,133,120
P017,W05,2026-07-15,110,120
P017,W05,2026-07-16,125,120
P017,W05,2026-07-17,118,120
P017,W05,2026-07-18,131,120
P017,W05,2026-07-19,127,120
P017,W05,2026-07-20,128,120
P017,W05,2026-07-21,123,120
P017,W05,2026-07-22,134,120
P017,W05,2026-07-23,134,120
P017,W05,2026-07-24,111,120
P017,W05,2026-07-25,124,120
P017,W05,2026-07-26,132,120
P017,W05,2026-07-27,103,120
P017,W05,2026-07-28,105,120
P017,W05,2026-07-29,140,120
P017,W05,2026-07-30,134,120
P017,W05,2026-07-31,96,120
P017,W05,2026-08-01,114,122
P017,W05,2026-08-02,97,122
P017,W05,2026-08-03,97,122
P017,W05,2026-08-04,121,122
P017,W05,2026-08-05,129,122
P017,W05,2026-08-06,125,122
P017,W05,2026-08-07,133,122
P017,W05,2026-08-08,133,122
P017,W05,2026-08-09,119,122
P017,W05,2026-08-10,,122
P017,W05,2026-08-11,,122
P017,W05,2026-08-12,,122
P017,W05,2026-08-13,,122
P017,W05,2026-08-14,,122
P017,W05,2026-08-15,,122
P017,W05,2026-08-16,,122
P017,W05,2026-08-17,,122
P017,W05,2026-08-18,,122
P017,W05,2026-08-19,,122
P017,W05,2026-08-20,,122
P017,W05,2026-08-21,,122
P017,W05,2026-08-22,,122
P017,W05,2026-08-23,,122
P017,W05,2026-08-24,,122
P017,W05,2026-08-25,,122
P017,W05,2026-08-26,,122
P017,W05,2026-08-27,,122
P017,W05,2026-08-28,,122
P017,W05,2026-08-29,,122
P017,W05,2026-08-30,,122
P017,W05,2026-08-31,,122
P017,W05,2026-09-01,,124
P017,W05,2026-09-02,,124
P017,W05,2026-09-03,,124
P017,W05,2026-09-04,,124
P017,W05,2026-09-05,,124
P017,W05,2026-09-06,,124
P017,W05,2026-09-07,,124
P024,W05,2026-05-12,102,92
P024,W05,2026-05-13,84,92
P024,W05,2026-05-14,81,92
P024,W05,2026-05-15,85,92
P024,W05,2026-05-16,101,92
P024,W05,2026-05-17,90,92
P024,W05,2026-05-18,101,92
P024,W05,2026-05-19,80,92
P024,W05,2026-05-20,101,92
P024,W05,2026-05-21,91,92
P024,W05,2026-05-22,84,92
P024,W05,2026-05-23,104,92
P024,W05,2026-05-24,79,92
P024,W05,2026-05-25,95,92
P024,W05,2026-05-26,103,92
P024,W05,2026-05-27,77,92
P024,W05,2026-05-28,78,92
P024,W05,2026-05-29,95,92
P024,W05,2026-05-30,82,92
P024,W05,2026-05-31,94,92
P024,W05,2026-06-01,93,85
P024,W05,2026-06-02,90,85
P024,W05,2026-06-03,87,85
P024,W05,2026-06-04,94,85
P024,W05,2026-06-05,99,85
P024,W05,2026-06-06,91,85
P024,W05,2026-06-07,88,85
P024,W05,2026-06-08,71,85
P024,W05,2026-06-09,90,85
P024,W05,2026-06-10,73,85
P024,W05,2026-06-11,86,85
P024,W05,2026-06-12,68,85
P024,W05,2026-06-13,87,85
P024,W05,2026-06-14,96,85
P024,W05,2026-06-15,71,85
P024,W05,2026-06-16,83,85
P024,W05,2026-06-17,85,85
P024,W05,2026-06-18,86,85
P024,W05,2026-06-19,77,85
P024,W05,2026-06-20,93,85
P024,W05,2026-06-21,90,85
P024,W05,2026-06-22,88,85
P024,W05,2026-06-23,103,85
P024,W05,2026-06-24,68,85
P024,W05,2026-06-25,85,85
P024,W05,2026-06-26,83,85
P024,W05,2026-06-27,95,85
P024,W05,2026-06-28,82,85
P024,W05,2026-06-29,87,85
P024,W05,2026-06-30,74,85
P024,W05,2026-07-01,100,86
P024,W05,2026-07-02,70,86
P024,W05,2026-07-03,75,86
P024,W05,2026-07-04,78,86
P024,W05,2026-07-05,87,86
P024,W05,2026-07-06,70,86
P024,W05,2026-07-07,85,86
P024,W05,2026-07-08,80,86
P024,W05,2026-07-09,92,86
P024,W05,2026-07-10,87,86
P024,W05,2026-07-11,84,86
P024,W05,2026-07-12,83,86
P024,W05,2026-07-13,78,86
P024,W05,2026-07-14,95,86
P024,W05,2026-07-15,90,86
P024,W05,2026-07-16,87,86
P024,W05,2026-07-17,95,86
P024,W05,2026-07-18,83,86
P024,W05,2026-07-19,69,86
P024,W05,2026-07-20,82,86
P024,W05,2026-07-21,81,86
P024,W05,2026-07-22,89,86
P024,W05,2026-07-23,68,86
P024,W05,2026-07-24,84,86
P024,W05,2026-07-25,88,86
P024,W05,2026-07-26,89,86
P024,W05,2026-07-27,80,86
P024,W05,2026-07-28,92,86
P024,W05,2026-07-29,98,86
P024,W05,2026-07-30,76,86
P024,W05,2026-07-31,82,86
P024,W05,2026-08-01,94,87
P024,W05,2026-08-02,103,87
P024,W05,2026-08-03,102,87
P024,W05,2026-08-04,91,87
P024,W05,2026-08-05,77,87
P024,W05,2026-08-06,84,87
P024,W05,2026-08-07,95,87
P024,W05,2026-08-08,96,87
P024,W05,2026-08-09,86,87
P024,W05,2026-08-10,,87
P024,W05,2026-08-11,,87
P024,W05,2026-08-12,,87
P024,W05,2026-08-13,,87
P024,W05,2026-08-14,,87
P024,W05,2026-08-15,,87
P024,W05,2026-08-16,,87
P024,W05,2026-08-17,,87
P024,W05,2026-08-18,,87
P024,W05,2026-08-19,,87
P024,W05,2026-08-20,,87
P024,W05,2026-08-21,,87
P024,W05,2026-08-22,,87
P024,W05,2026-08-23,,87
P024,W05,2026-08-24,,87
P024,W05,2026-08-25,,87
P024,W05,2026-08-26,,87
P024,W05,2026-08-27,,87
P024,W05,2026-08-28,,87
P024,W05,2026-08-29,,87
P024,W05,2026-08-30,,87
P024,W05,2026-08-31,,87
P024,W05,2026-09-01,,89
P024,W05,2026-09-02,,89
P024,W05,2026-09-03,,89
P024,W05,2026-09-04,,89
P024,W05,2026-09-05,,89
P024,W05,2026-09-06,,89
P024,W05,2026-09-07,,89
P016,W08,2026-05-12,160,169
P016,W08,2026-05-13,183,169
P016,W08,2026-05-14,162,169
P016,W08,2026-05-15,165,169
P016,W08,2026-05-16,196,169
P016,W08,2026-05-17,136,169
P016,W08,2026-05-18,179,169
P016,W08,2026-05-19,195,169
P016,W08,2026-05-20,145,169
P016,W08,2026-05-21,191,169
P016,W08,2026-05-22,146,169
P016,W08,2026-05-23,202,169
P016,W08,2026-05-24,187,169
P016,W08,2026-05-25,171,169
P016,W08,2026-05-26,189,169
P016,W08,2026-05-27,191,169
P016,W08,2026-05-28,186,169
P016,W08,2026-05-29,197,169
P016,W08,2026-05-30,166,169
P016,W08,2026-05-31,184,169
P016,W08,2026-06-01,135,156
P016,W08,2026-06-02,152,156
P016,W08,2026-06-03,141,156
P016,W08,2026-06-04,135,156
P016,W08,2026-06-05,155,156
P016,W08,2026-06-06,147,156
P016,W08,2026-06-07,196,156
P016,W08,2026-06-08,170,156
P016,W08,2026-06-09,122,156
P016,W08,2026-06-10,184,156
P016,W08,2026-06-11,150,156
P016,W08,2026-06-12,131,156
P016,W08,2026-06-13,153,156
P016,W08,2026-06-14,156,156
P016,W08,2026-06-15,157,156
P016,W08,2026-06-16,146,156
P016,W08,2026-06-17,193,156
P016,W08,2026-06-18,131,156
P016,W08,2026-06-19,150,156
P016,W08,2026-06-20,179,156
P016,W08,2026-06-21,138,156
P016,W08,2026-06-22,159,156
P016,W08,2026-06-23,157,156
P016,W08,2026-06-24,164,156
P016,W08,2026-06-25,163,156
P016,W08,2026-06-26,162,156
P016,W08,2026-06-27,174,156
P016,W08,2026-06-28,142,156
P016,W08,2026-06-29,150,156
P016,W08,2026-06-30,178,156
P016,W08,2026-07-01,179,159
P016,W08,2026-07-02,133,159
P016,W08,2026-07-03,184,159
P016,W08,2026-07-04,166,159
P016,W08,2026-07-05,172,159
P016,W08,2026-07-06,151,159
P016,W08,2026-07-07,150,159
P016,W08,2026-07-08,161,159
P016,W08,2026-07-09,152,159
P016,W08,2026-07-10,149,159
P016,W08,2026-07-11,162,159
P016,W08,2026-07-12,141,159
P016,W08,2026-07-13,193,159
P016,W08,2026-07-14,170,159
P016,W08,2026-07-15,139,159
P016,W08,2026-07-16,158,159
P016,W08,2026-07-17,168,159
P016,W08,2026-07-18,137,159
P016,W08,2026-07-19,152,159
P016,W08,2026-07-20,157,159
P016,W08,2026-07-21,166,159
P016,W08,2026-07-22,144,159
P016,W08,2026-07-23,163,159
P016,W08,2026-07-24,147,159
P016,W08,2026-07-25,146,159
P016,W08,2026-07-26,159,159
P016,W08,2026-07-27,152,159
P016,W08,2026-07-28,175,159
P016,W08,2026-07-29,156,159
P016,W08,2026-07-30,154,159
P016,W08,2026-07-31,127,159
P016,W08,2026-08-01,166,161
P016,W08,2026-08-02,151,161
P016,W08,2026-08-03,137,161
P016,W08,2026-08-04,167,161
P016,W08,2026-08-05,135,161
P016,W08,2026-08-06,188,161
P016,W08,2026-08-07,167,161
P016,W08,2026-08-08,151,161
P016,W08,2026-08-09,187,161
P016,W08,2026-08-10,,161
P016,W08,2026-08-11,,161
P016,W08,2026-08-12,,161
P016,W08,2026-08-13,,161
P016,W08,2026-08-14,,161
P016,W08,2026-08-15,,161
P016,W08,2026-08-16,,161
P016,W08,2026-08-17,,161
P016,W08,2026-08-18,,161
P016,W08,2026-08-19,,161
P016,W08,2026-08-20,,161
P016,W08,2026-08-21,,161
P016,W08,2026-08-22,,161
P016,W08,2026-08-23,,161
P016,W08,2026-08-24,,161
P016,W08,2026-08-25,,161
P016,W08,2026-08-26,,161
P016,W08,2026-08-27,,161
P016,W08,2026-08-28,,161
P016,W08,2026-08-29,,161
P016,W08,2026-08-30,,161
P016,W08,2026-08-31,,161
P016,W08,2026-09-01,,164
P016,W08,2026-09-02,,164
P016,W08,2026-09-03,,164
P016,W08,2026-09-04,,164
P016,W08,2026-09-05,,164
P016,W08,2026-09-06,,164
P016,W08,2026-09-07,,164
P017,W03,2026-05-12,41,44
P017,W03,2026-05-13,46,44
P017,W03,2026-05-14,43,44
P017,W03,2026-05-15,42,44
P017,W03,2026-05-16,49,44
P017,W03,2026-05-17,35,44
P017,W03,2026-05-18,45,44
P017,W03,2026-05-19,48,44
P017,W03,2026-05-20,45,44
P017,W03,2026-05-21,45,44
P017,W03,2026-05-22,49,44
P017,W03,2026-05-23,40,44
P017,W03,2026-05-24,52,44
P017,W03,2026-05-25,47,44
P017,W03,2026-05-26,41,44
P017,W03,2026-05-27,37,44
P017,W03,2026-05-28,49,44
P017,W03,2026-05-29,38,44
P017,W03,2026-05-30,43,44
P017,W03,2026-05-31,46,44
P017,W03,2026-06-01,36,41
P017,W03,2026-06-02,41,41
P017,W03,2026-06-03,43,41
P017,W03,2026-06-04,39,41
P017,W03,2026-06-05,37,41
P017,W03,2026-06-06,51,41
P017,W03,2026-06-07,38,41
P017,W03,2026-06-08,46,41
P017,W03,2026-06-09,49,41
P017,W03,2026-06-10,34,41
P017,W03,2026-06-11,42,41
P017,W03,2026-06-12,37,41
P017,W03,2026-06-13,40,41
P017,W03,2026-06-14,38,41
P017,W03,2026-06-15,43,41
P017,W03,2026-06-16,42,41
P017,W03,2026-06-17,40,41
P017,W03,2026-06-18,50,41
P017,W03,2026-06-19,43,41
P017,W03,2026-06-20,41,41
P017,W03,2026-06-21,45,41
P017,W03,2026-06-22,40,41
P017,W03,2026-06-23,33,41
P017,W03,2026-06-24,36,41
P017,W03,2026-06-25,33,41
P017,W03,2026-06-26,38,41
P017,W03,2026-06-27,35,41
P017,W03,2026-06-28,33,41
P017,W03,2026-06-29,41,41
P017,W03,2026-06-30,40,41
P017,W03,2026-07-01,44,41
P017,W03,2026-07-02,50,41
P017,W03,2026-07-03,41,41
P017,W03,2026-07-04,41,41
P017,W03,2026-07-05,40,41
P017,W03,2026-07-06,39,41
P017,W03,2026-07-07,42,41
P017,W03,2026-07-08,41,41
P017,W03,2026-07-09,34,41
P017,W03,2026-07-10,38,41
P017,W03,2026-07-11,41,41
P017,W03,2026-07-12,41,41
P017,W03,2026-07-13,42,41
P017,W03,2026-07-14,49,41
P017,W03,2026-07-15,38,41
P017,W03,2026-07-16,40,41
P017,W03,2026-07-17,42,41
P017,W03,2026-07-18,36,41
P017,W03,2026-07-19,41,41
P017,W03,2026-07-20,39,41
P017,W03,2026-07-21,48,41
P017,W03,2026-07-22,47,41
P017,W03,2026-07-23,38,41
P017,W03,2026-07-24,39,41
P017,W03,2026-07-25,41,41
P017,W03,2026-07-26,43,41
P017,W03,2026-07-27,41,41
P017,W03,2026-07-28,43,41
P017,W03,2026-07-29,43,41
P017,W03,2026-07-30,37,41
P017,W03,2026-07-31,36,41
P017,W03,2026-08-01,40,42
P017,W03,2026-08-02,41,42
P017,W03,2026-08-03,39,42
P017,W03,2026-08-04,44,42
P017,W03,2026-08-05,47,42
P017,W03,2026-08-06,43,42
P017,W03,2026-08-07,40,42
P017,W03,2026-08-08,43,42
P017,W03,2026-08-09,37,42
P017,W03,2026-08-10,,42
P017,W03,2026-08-11,,42
P017,W03,2026-08-12,,42
P017,W03,2026-08-13,,42
P017,W03,2026-08-14,,42
P017,W03,2026-08-15,,42
P017,W03,2026-08-16,,42
P017,W03,2026-08-17,,42
P017,W03,2026-08-18,,42
P017,W03,2026-08-19,,42
P017,W03,2026-08-20,,42
P017,W03,2026-08-21,,42
P017,W03,2026-08-22,,42
P017,W03,2026-08-23,,42
P017,W03,2026-08-24,,42
P017,W03,2026-08-25,,42
P017,W03,2026-08-26,,42
P017,W03,2026-08-27,,42
P017,W03,2026-08-28,,42
P017,W03,2026-08-29,,42
P017,W03,2026-08-30,,42
P017,W03,2026-08-31,,42
P017,W03,2026-09-01,,43
P017,W03,2026-09-02,,43
P017,W03,2026-09-03,,43
P017,W03,2026-09-04,,43
P017,W03,2026-09-05,,43
P017,W03,2026-09-06,,43
P017,W03,2026-09-07,,43
P030,W08,2026-05-12,139,153
P030,W08,2026-05-13,171,153
P030,W08,2026-05-14,148,153
P030,W08,2026-05-15,158,153
P030,W08,2026-05-16,150,153
P030,W08,2026-05-17,136,153
P030,W08,2026-05-18,171,153
P030,W08,2026-05-19,135,153
P030,W08,2026-05-20,169,153
P030,W08,2026-05-21,139,153
P030,W08,2026-05-22,152,153
P030,W08,2026-05-23,176,153
P030,W08,2026-05-24,182,153
P030,W08,2026-05-25,138,153
P030,W08,2026-05-26,165,153
P030,W08,2026-05-27,124,153
P030,W08,2026-05-28,147,153
P030,W08,2026-05-29,131,153
P030,W08,2026-05-30,163,153
P030,W08,2026-05-31,184,153
P030,W08,2026-06-01,143,141
P030,W08,2026-06-02,127,141
P030,W08,2026-06-03,149,141
P030,W08,2026-06-04,143,141
P030,W08,2026-06-05,167,141
P030,W08,2026-06-06,161,141
P030,W08,2026-06-07,142,141
P030,W08,2026-06-08,148,141
P030,W08,2026-06-09,154,141
P030,W08,2026-06-10,117,141
P030,W08,2026-06-11,117,141
P030,W08,2026-06-12,125,141
P030,W08,2026-06-13,164,141
P030,W08,2026-06-14,135,141
P030,W08,2026-06-15,129,141
P030,W08,2026-06-16,120,141
P030,W08,2026-06-17,166,141
P030,W08,2026-06-18,160,141
P030,W08,2026-06-19,131,141
P030,W08,2026-06-20,131,141
P030,W08,2026-06-21,133,141
P030,W08,2026-06-22,153,141
P030,W08,2026-06-23,158,141
P030,W08,2026-06-24,137,141
P030,W08,2026-06-25,146,141
P030,W08,2026-06-26,119,141
P030,W08,2026-06-27,150,141
P030,W08,2026-06-28,135,141
P030,W08,2026-06-29,131,141
P030,W08,2026-06-30,152,141
P030,W08,2026-07-01,141,143
P030,W08,2026-07-02,122,143
P030,W08,2026-07-03,175,143
P030,W08,2026-07-04,141,143
P030,W08,2026-07-05,153,143
P030,W08,2026-07-06,118,143
P030,W08,2026-07-07,144,143
P030,W08,2026-07-08,142,143
P030,W08,2026-07-09,139,143
P030,W08,2026-07-10,144,143
P030,W08,2026-07-11,150,143
P030,W08,2026-07-12,160,143
P030,W08,2026-07-13,150,143
P030,W08,2026-07-14,135,143
P030,W08,2026-07-15,147,143
P030,W08,2026-07-16,131,143
P030,W08,2026-07-17,151,143
P030,W08,2026-07-18,143,143
P030,W08,2026-07-19,154,143
P030,W08,2026-07-20,156,143
P030,W08,2026-07-21,166,143
P030,W08,2026-07-22,122,143
P030,W08,2026-07-23,122,143
P030,W08,2026-07-24,125,143
P030,W08,2026-07-25,116,143
P030,W08,2026-07-26,120,143
P030,W08,2026-07-27,123,143
P030,W08,2026-07-28,116,143
P030,W08,2026-07-29,129,143
P030,W08,2026-07-30,126,143
P030,W08,2026-07-31,158,143
P030,W08,2026-08-01,138,146
P030,W08,2026-08-02,166,146
P030,W08,2026-08-03,164,146
P030,W08,2026-08-04,169,146
P030,W08,2026-08-05,169,146
P030,W08,2026-08-06,152,146
P030,W08,2026-08-07,163,146
P030,W08,2026-08-08,151,146
P030,W08,2026-08-09,136,146
P030,W08,2026-08-10,,146
P030,W08,2026-08-11,,146
P030,W08,2026-08-12,,146
P030,W08,2026-08-13,,146
P030,W08,2026-08-14,,146
P030,W08,2026-08-15,,146
P030,W08,2026-08-16,,146
P030,W08,2026-08-17,,146
P030,W08,2026-08-18,,146
P030,W08,2026-08-19,,146
P030,W08,2026-08-20,,146
P030,W08,2026-08-21,,146
P030,W08,2026-08-22,,146
P030,W08,2026-08-23,,146
P030,W08,2026-08-24,,146
P030,W08,2026-08-25,,146
P030,W08,2026-08-26,,146
P030,W08,2026-08-27,,146
P030,W08,2026-08-28,,146
P030,W08,2026-08-29,,146
P030,W08,2026-08-30,,146
P030,W08,2026-08-31,,146
P030,W08,2026-09-01,,148
P030,W08,2026-09-02,,148
P030,W08,2026-09-03,,148
P030,W08,2026-09-04,,148
P030,W08,2026-09-05,,148
P030,W08,2026-09-06,,148
P030,W08,2026-09-07,,148
P020,W07,2026-05-12,160,149
P020,W07,2026-05-13,149,149
P020,W07,2026-05-14,123,149
P020,W07,2026-05-15,160,149
P020,W07,2026-05-16,136,149
P020,W07,2026-05-17,139,149
P020,W07,2026-05-18,137,149
P020,W07,2026-05-19,143,149
P020,W07,2026-05-20,131,149
P020,W07,2026-05-21,145,149
P020,W07,2026-05-22,153,149
P020,W07,2026-05-23,143,149
P020,W07,2026-05-24,153,149
P020,W07,2026-05-25,136,149
P020,W07,2026-05-26,183,149
P020,W07,2026-05-27,161,149
P020,W07,2026-05-28,155,149
P020,W07,2026-05-29,176,149
P020,W07,2026-05-30,121,149
P020,W07,2026-05-31,161,149
P020,W07,2026-06-01,131,138
P020,W07,2026-06-02,120,138
P020,W07,2026-06-03,120,138
P020,W07,2026-06-04,137,138
P020,W07,2026-06-05,127,138
P020,W07,2026-06-06,154,138
P020,W07,2026-06-07,130,138
P020,W07,2026-06-08,152,138
P020,W07,2026-06-09,128,138
P020,W07,2026-06-10,123,138
P020,W07,2026-06-11,130,138
P020,W07,2026-06-12,115,138
P020,W07,2026-06-13,128,138
P020,W07,2026-06-14,163,138
P020,W07,2026-06-15,124,138
P020,W07,2026-06-16,133,138
P020,W07,2026-06-17,147,138
P020,W07,2026-06-18,135,138
P020,W07,2026-06-19,144,138
P020,W07,2026-06-20,159,138
P020,W07,2026-06-21,139,138
P020,W07,2026-06-22,153,138
P020,W07,2026-06-23,159,138
P020,W07,2026-06-24,128,138
P020,W07,2026-06-25,153,138
P020,W07,2026-06-26,152,138
P020,W07,2026-06-27,136,138
P020,W07,2026-06-28,158,138
P020,W07,2026-06-29,144,138
P020,W07,2026-06-30,120,138
P020,W07,2026-07-01,129,140
P020,W07,2026-07-02,154,140
P020,W07,2026-07-03,149,140
P020,W07,2026-07-04,167,140
P020,W07,2026-07-05,166,140
P020,W07,2026-07-06,137,140
P020,W07,2026-07-07,115,140
P020,W07,2026-07-08,132,140
P020,W07,2026-07-09,122,140
P020,W07,2026-07-10,139,140
P020,W07,2026-07-11,135,140
P020,W07,2026-07-12,139,140
P020,W07,2026-07-13,123,140
P020,W07,2026-07-14,154,140
P020,W07,2026-07-15,148,140
P020,W07,2026-07-16,116,140
P020,W07,2026-07-17,144,140
P020,W07,2026-07-18,114,140
P020,W07,2026-07-19,144,140
P020,W07,2026-07-20,133,140
P020,W07,2026-07-21,127,140
P020,W07,2026-07-22,113,140
P020,W07,2026-07-23,140,140
P020,W07,2026-07-24,142,140
P020,W07,2026-07-25,126,140
P020,W07,2026-07-26,141,140
P020,W07,2026-07-27,130,140
P020,W07,2026-07-28,131,140
P020,W07,2026-07-29,144,140
P020,W07,2026-07-30,154,140
P020,W07,2026-07-31,144,140
P020,W07,2026-08-01,166,142
P020,W07,2026-08-02,130,142
P020,W07,2026-08-03,143,142
P020,W07,2026-08-04,154,142
P020,W07,2026-08-05,144,142
P020,W07,2026-08-06,125,142
P020,W07,2026-08-07,131,142
P020,W07,2026-08-08,168,142
P020,W07,2026-08-09,171,142
P020,W07,2026-08-10,,142
P020,W07,2026-08-11,,142
P020,W07,2026-08-12,,142
P020,W07,2026-08-13,,142
P020,W07,2026-08-14,,142
P020,W07,2026-08-15,,142
P020,W07,2026-08-16,,142
P020,W07,2026-08-17,,142
P020,W07,2026-08-18,,142
P020,W07,2026-08-19,,142
P020,W07,2026-08-20,,142
P020,W07,2026-08-21,,142
P020,W07,2026-08-22,,142
P020,W07,2026-08-23,,142
P020,W07,2026-08-24,,142
P020,W07,2026-08-25,,142
P020,W07,2026-08-26,,142
P020,W07,2026-08-27,,142
P020,W07,2026-08-28,,142
P020,W07,2026-08-29,,142
P020,W07,2026-08-30,,142
P020,W07,2026-08-31,,142
P020,W07,2026-09-01,,144
P020,W07,2026-09-02,,144
P020,W07,2026-09-03,,144
P020,W07,2026-09-04,,144
P020,W07,2026-09-05,,144
P020,W07,2026-09-06,,144
P020,W07,2026-09-07,,144
P003,W01,2026-05-12,43,47
P003,W01,2026-05-13,49,47
P003,W01,2026-05-14,52,47
P003,W01,2026-05-15,38,47
P003,W01,2026-05-16,49,47
P003,W01,2026-05-17,49,47
P003,W01,2026-05-18,45,47
P003,W01,2026-05-19,40,47
P003,W01,2026-05-20,45,47
P003,W01,2026-05-21,42,47
P003,W01,2026-05-22,40,47
P003,W01,2026-05-23,57,47
P003,W01,2026-05-24,48,47
P003,W01,2026-05-25,50,47
P003,W01,2026-05-26,48,47
P003,W01,2026-05-27,54,47
P003,W01,2026-05-28,50,47
P003,W01,2026-05-29,51,47
P003,W01,2026-05-30,50,47
P003,W01,2026-05-31,45,47
P003,W01,2026-06-01,41,43
P003,W01,2026-06-02,42,43
P003,W01,2026-06-03,42,43
P003,W01,2026-06-04,43,43
P003,W01,2026-06-05,34,43
P003,W01,2026-06-06,43,43
P003,W01,2026-06-07,41,43
P003,W01,2026-06-08,46,43
P003,W01,2026-06-09,38,43
P003,W01,2026-06-10,38,43
P003,W01,2026-06-11,37,43
P003,W01,2026-06-12,43,43
P003,W01,2026-06-13,46,43
P003,W01,2026-06-14,43,43
P003,W01,2026-06-15,50,43
P003,W01,2026-06-16,38,43
P003,W01,2026-06-17,38,43
P003,W01,2026-06-18,43,43
P003,W01,2026-06-19,38,43
P003,W01,2026-06-20,51,43
P003,W01,2026-06-21,41,43
P003,W01,2026-06-22,43,43
P003,W01,2026-06-23,50,43
P003,W01,2026-06-24,40,43
P003,W01,2026-06-25,45,43
P003,W01,2026-06-26,37,43
P003,W01,2026-06-27,43,43
P003,W01,2026-06-28,40,43
P003,W01,2026-06-29,45,43
P003,W01,2026-06-30,46,43
P003,W01,2026-07-01,43,44
P003,W01,2026-07-02,45,44
P003,W01,2026-07-03,50,44
P003,W01,2026-07-04,46,44
P003,W01,2026-07-05,41,44
P003,W01,2026-07-06,41,44
P003,W01,2026-07-07,48,44
P003,W01,2026-07-08,35,44
P003,W01,2026-07-09,41,44
P003,W01,2026-07-10,47,44
P003,W01,2026-07-11,43,44
P003,W01,2026-07-12,46,44
P003,W01,2026-07-13,46,44
P003,W01,2026-07-14,38,44
P003,W01,2026-07-15,46,44
P003,W01,2026-07-16,38,44
P003,W01,2026-07-17,44,44
P003,W01,2026-07-18,40,44
P003,W01,2026-07-19,43,44
P003,W01,2026-07-20,54,44
P003,W01,2026-07-21,35,44
P003,W01,2026-07-22,50,44
P003,W01,2026-07-23,41,44
P003,W01,2026-07-24,46,44
P003,W01,2026-07-25,49,44
P003,W01,2026-07-26,44,44
P003,W01,2026-07-27,48,44
P003,W01,2026-07-28,41,44
P003,W01,2026-07-29,42,44
P003,W01,2026-07-30,40,44
P003,W01,2026-07-31,43,44
P003,W01,2026-08-01,44,45
P003,W01,2026-08-02,42,45
P003,W01,2026-08-03,43,45
P003,W01,2026-08-04,44,45
P003,W01,2026-08-05,43,45
P003,W01,2026-08-06,45,45
P003,W01,2026-08-07,44,45
P003,W01,2026-08-08,40,45
P003,W01,2026-08-09,46,45
P003,W01,2026-08-10,,45
P003,W01,2026-08-11,,45
P003,W01,2026-08-12,,45
P003,W01,2026-08-13,,45
P003,W01,2026-08-14,,45
P003,W01,2026-08-15,,45
P003,W01,2026-08-16,,45
P003,W01,2026-08-17,,45
P003,W01,2026-08-18,,45
P003,W01,2026-08-19,,45
P003,W01,2026-08-20,,45
P003,W01,2026-08-21,,45
P003,W01,2026-08-22,,45
P003,W01,2026-08-23,,45
P003,W01,2026-08-24,,45
P003,W01,2026-08-25,,45
P003,W01,2026-08-26,,45
P003,W01,2026-08-27,,45
P003,W01,2026-08-28,,45
P003,W01,2026-08-29,,45
P003,W01,2026-08-30,,45
P003,W01,2026-08-31,,45
P003,W01,2026-09-01,,45
P003,W01,2026-09-02,,45
P003,W01,2026-09-03,,45
P003,W01,2026-09-04,,45
P003,W01,2026-09-05,,45
P003,W01,2026-09-06,,45
P003,W01,2026-09-07,,45
P024,W04,2026-05-12,115,108
P024,W04,2026-05-13,90,108
P024,W04,2026-05-14,115,108
P024,W04,2026-05-15,101,108
P024,W04,2026-05-16,116,108
P024,W04,2026-05-17,106,108
P024,W04,2026-05-18,101,108
P024,W04,2026-05-19,101,108
P024,W04,2026-05-20,108,108
P024,W04,2026-05-21,103,108
P024,W04,2026-05-22,92,108
P024,W04,2026-05-23,98,108
P024,W04,2026-05-24,119,108
P024,W04,2026-05-25,96,108
P024,W04,2026-05-26,114,108
P024,W04,2026-05-27,103,108
P024,W04,2026-05-28,119,108
P024,W04,2026-05-29,112,108
P024,W04,2026-05-30,116,108
P024,W04,2026-05-31,91,108
P024,W04,2026-06-01,101,100
P024,W04,2026-06-02,106,100
P024,W04,2026-06-03,83,100
P024,W04,2026-06-04,87,100
P024,W04,2026-06-05,104,100
P024,W04,2026-06-06,100,100
P024,W04,2026-06-07,109,100
P024,W04,2026-06-08,109,100
P024,W04,2026-06-09,99,100
P024,W04,2026-06-10,83,100
P024,W04,2026-06-11,91,100
P024,W04,2026-06-12,85,100
P024,W04,2026-06-13,94,100
P024,W04,2026-06-14,108,100
P024,W04,2026-06-15,100,100
P024,W04,2026-06-16,94,100
P024,W04,2026-06-17,114,100
P024,W04,2026-06-18,97,100
P024,W04,2026-06-19,106,100
P024,W04,2026-06-20,113,100
P024,W04,2026-06-21,89,100
P024,W04,2026-06-22,102,100
P024,W04,2026-06-23,93,100
P024,W04,2026-06-24,105,100
P024,W04,2026-06-25,101,100
P024,W04,2026-06-26,110,100
P024,W04,2026-06-27,92,100
P024,W04,2026-06-28,95,100
P024,W04,2026-06-29,102,100
P024,W04,2026-06-30,112,100
P024,W04,2026-07-01,110,101
P024,W04,2026-07-02,111,101
P024,W04,2026-07-03,91,101
P024,W04,2026-07-04,115,101
P024,W04,2026-07-05,96,101
P024,W04,2026-07-06,121,101
P024,W04,2026-07-07,104,101
P024,W04,2026-07-08,91,101
P024,W04,2026-07-09,88,101
P024,W04,2026-07-10,100,101
P024,W04,2026-07-11,89,101
P024,W04,2026-07-12,80,101
P024,W04,2026-07-13,110,101
P024,W04,2026-07-14,105,101
P024,W04,2026-07-15,106,101
P024,W04,2026-07-16,96,101
P024,W04,2026-07-17,99,101
P024,W04,2026-07-18,94,101
P024,W04,2026-07-19,105,101
P024,W04,2026-07-20,93,101
P024,W04,2026-07-21,107,101
P024,W04,2026-07-22,108,101
P024,W04,2026-07-23,108,101
P024,W04,2026-07-24,98,101
P024,W04,2026-07-25,102,101
P024,W04,2026-07-26,92,101
P024,W04,2026-07-27,104,101
P024,W04,2026-07-28,108,101
P024,W04,2026-07-29,100,101
P024,W04,2026-07-30,93,101
P024,W04,2026-07-31,98,101
P024,W04,2026-08-01,98,103
P024,W04,2026-08-02,119,103
P024,W04,2026-08-03,117,103
P024,W04,2026-08-04,95,103
P024,W04,2026-08-05,102,103
P024,W04,2026-08-06,108,103
P024,W04,2026-08-07,89,103
P024,W04,2026-08-08,95,103
P024,W04,2026-08-09,106,103
P024,W04,2026-08-10,,103
P024,W04,2026-08-11,,103
P024,W04,2026-08-12,,103
P024,W04,2026-08-13,,103
P024,W04,2026-08-14,,103
P024,W04,2026-08-15,,103
P024,W04,2026-08-16,,103
P024,W04,2026-08-17,,103
P024,W04,2026-08-18,,103
P024,W04,2026-08-19,,103
P024,W04,2026-08-20,,103
P024,W04,2026-08-21,,103
P024,W04,2026-08-22,,103
P024,W04,2026-08-23,,103
P024,W04,2026-08-24,,103
P024,W04,2026-08-25,,103
P024,W04,2026-08-26,,103
P024,W04,2026-08-27,,103
P024,W04,2026-08-28,,103
P024,W04,2026-08-29,,103
P024,W04,2026-08-30,,103
P024,W04,2026-08-31,,103
P024,W04,2026-09-01,,105
P024,W04,2026-09-02,,105
P024,W04,2026-09-03,,105
P024,W04,2026-09-04,,105
P024,W04,2026-09-05,,105
P024,W04,2026-09-06,,105
P024,W04,2026-09-07,,105
P016,W07,2026-05-12,102,110
P016,W07,2026-05-13,108,110
P016,W07,2026-05-14,103,110
P016,W07,2026-05-15,101,110
P016,W07,2026-05-16,103,110
P016,W07,2026-05-17,120,110
P016,W07,2026-05-18,126,110
P016,W07,2026-05-19,107,110
P016,W07,2026-05-20,127,110
P016,W07,2026-05-21,111,110
P016,W07,2026-05-22,93,110
P016,W07,2026-05-23,103,110
P016,W07,2026-05-24,117,110
P016,W07,2026-05-25,122,110
P016,W07,2026-05-26,120,110
P016,W07,2026-05-27,121,110
P016,W07,2026-05-28,94,110
P016,W07,2026-05-29,113,110
P016,W07,2026-05-30,120,110
P016,W07,2026-05-31,119,110
P016,W07,2026-06-01,107,102
P016,W07,2026-06-02,94,102
P016,W07,2026-06-03,88,102
P016,W07,2026-06-04,94,102
P016,W07,2026-06-05,110,102
P016,W07,2026-06-06,109,102
P016,W07,2026-06-07,120,102
P016,W07,2026-06-08,112,102
P016,W07,2026-06-09,108,102
P016,W07,2026-06-10,94,102
P016,W07,2026-06-11,94,102
P016,W07,2026-06-12,117,102
P016,W07,2026-06-13,101,102
P016,W07,2026-06-14,117,102
P016,W07,2026-06-15,110,102
P016,W07,2026-06-16,107,102
P016,W07,2026-06-17,85,102
P016,W07,2026-06-18,86,102
P016,W07,2026-06-19,96,102
P016,W07,2026-06-20,85,102
P016,W07,2026-06-21,95,102
P016,W07,2026-06-22,98,102
P016,W07,2026-06-23,111,102
P016,W07,2026-06-24,95,102
P016,W07,2026-06-25,119,102
P016,W07,2026-06-26,120,102
P016,W07,2026-06-27,97,102
P016,W07,2026-06-28,118,102
P016,W07,2026-06-29,95,102
P016,W07,2026-06-30,98,102
P016,W07,2026-07-01,99,104
P016,W07,2026-07-02,97,104
P016,W07,2026-07-03,121,104
P016,W07,2026-07-04,106,104
P016,W07,2026-07-05,100,104
P016,W07,2026-07-06,112,104
P016,W07,2026-07-07,112,104
P016,W07,2026-07-08,91,104
P016,W07,2026-07-09,107,104
P016,W07,2026-07-10,81,104
P016,W07,2026-07-11,110,104
P016,W07,2026-07-12,108,104
P016,W07,2026-07-13,94,104
P016,W07,2026-07-14,105,104
P016,W07,2026-07-15,94,104
P016,W07,2026-07-16,107,104
P016,W07,2026-07-17,101,104
P016,W07,2026-07-18,117,104
P016,W07,2026-07-19,116,104
P016,W07,2026-07-20,108,104
P016,W07,2026-07-21,93,104
P016,W07,2026-07-22,88,104
P016,W07,2026-07-23,102,104
P016,W07,2026-07-24,112,104
P016,W07,2026-07-25,113,104
P016,W07,2026-07-26,96,104
P016,W07,2026-07-27,109,104
P016,W07,2026-07-28,95,104
P016,W07,2026-07-29,99,104
P016,W07,2026-07-30,91,104
P016,W07,2026-07-31,114,104
P016,W07,2026-08-01,94,105
P016,W07,2026-08-02,108,105
P016,W07,2026-08-03,91,105
P016,W07,2026-08-04,108,105
P016,W07,2026-08-05,117,105
P016,W07,2026-08-06,107,105
P016,W07,2026-08-07,110,105
P016,W07,2026-08-08,95,105
P016,W07,2026-08-09,109,105
P016,W07,2026-08-10,,105
P016,W07,2026-08-11,,105
P016,W07,2026-08-12,,105
P016,W07,2026-08-13,,105
P016,W07,2026-08-14,,105
P016,W07,2026-08-15,,105
P016,W07,2026-08-16,,105
P016,W07,2026-08-17,,105
P016,W07,2026-08-18,,105
P016,W07,2026-08-19,,105
P016,W07,2026-08-20,,105
P016,W07,2026-08-21,,105
P016,W07,2026-08-22,,105
P016,W07,2026-08-23,,105
P016,W07,2026-08-24,,105
P016,W07,2026-08-25,,105
P016,W07,2026-08-26,,105
P016,W07,2026-08-27,,105
P016,W07,2026-08-28,,105
P016,W07,2026-08-29,,105
P016,W07,2026-08-30,,105
P016,W07,2026-08-31,,105
P016,W07,2026-09-01,,107
P016,W07,2026-09-02,,107
P016,W07,2026-09-03,,107
P016,W07,2026-09-04,,107
P016,W07,2026-09-05,,107
P016,W07,2026-09-06,,107
P016,W07,2026-09-07,,107
P030,W07,2026-05-12,102,119
P030,W07,2026-05-13,134,119
P030,W07,2026-05-14,117,119
P030,W07,2026-05-15,94,119
P030,W07,2026-05-16,122,119
P030,W07,2026-05-17,118,119
P030,W07,2026-05-18,107,119
P030,W07,2026-05-19,111,119
P030,W07,2026-05-20,112,119
P030,W07,2026-05-21,107,119
P030,W07,2026-05-22,126,119
P030,W07,2026-05-23,106,119
P030,W07,2026-05-24,117,119
P030,W07,2026-05-25,122,119
P030,W07,2026-05-26,116,119
P030,W07,2026-05-27,145,119
P030,W07,2026-05-28,106,119
P030,W07,2026-05-29,130,119
P030,W07,2026-05-30,124,119
P030,W07,2026-05-31,107,119
P030,W07,2026-06-01,102,110
P030,W07,2026-06-02,96,110
P030,W07,2026-06-03,113,110
P030,W07,2026-06-04,104,110
P030,W07,2026-06-05,121,110
P030,W07,2026-06-06,129,110
P030,W07,2026-06-07,118,110
P030,W07,2026-06-08,115,110
P030,W07,2026-06-09,112,110
P030,W07,2026-06-10,108,110
P030,W07,2026-06-11,85,110
P030,W07,2026-06-12,117,110
P030,W07,2026-06-13,112,110
P030,W07,2026-06-14,129,110
P030,W07,2026-06-15,121,110
P030,W07,2026-06-16,120,110
P030,W07,2026-06-17,130,110
P030,W07,2026-06-18,101,110
P030,W07,2026-06-19,101,110
P030,W07,2026-06-20,91,110
P030,W07,2026-06-21,115,110
P030,W07,2026-06-22,98,110
P030,W07,2026-06-23,95,110
P030,W07,2026-06-24,103,110
P030,W07,2026-06-25,120,110
P030,W07,2026-06-26,107,110
P030,W07,2026-06-27,113,110
P030,W07,2026-06-28,104,110
P030,W07,2026-06-29,102,110
P030,W07,2026-06-30,97,110
P030,W07,2026-07-01,114,112
P030,W07,2026-07-02,125,112
P030,W07,2026-07-03,112,112
P030,W07,2026-07-04,126,112
P030,W07,2026-07-05,93,112
P030,W07,2026-07-06,115,112
P030,W07,2026-07-07,95,112
P030,W07,2026-07-08,91,112
P030,W07,2026-07-09,112,112
P030,W07,2026-07-10,105,112
P030,W07,2026-07-11,126,112
P030,W07,2026-07-12,131,112
P030,W07,2026-07-13,95,112
P030,W07,2026-07-14,107,112
P030,W07,2026-07-15,116,112
P030,W07,2026-07-16,116,112
P030,W07,2026-07-17,119,112
P030,W07,2026-07-18,114,112
P030,W07,2026-07-19,112,112
P030,W07,2026-07-20,111,112
P030,W07,2026-07-21,94,112
P030,W07,2026-07-22,120,112
P030,W07,2026-07-23,101,112
P030,W07,2026-07-24,99,112
P030,W07,2026-07-25,111,112
P030,W07,2026-07-26,119,112
P030,W07,2026-07-27,112,112
P030,W07,2026-07-28,114,112
P030,W07,2026-07-29,106,112
P030,W07,2026-07-30,112,112
P030,W07,2026-07-31,120,112
P030,W07,2026-08-01,93,114
P030,W07,2026-08-02,137,114
P030,W07,2026-08-03,101,114
P030,W07,2026-08-04,116,114
P030,W07,2026-08-05,128,114
P030,W07,2026-08-06,88,114
P030,W07,2026-08-07,127,114
P030,W07,2026-08-08,109,114
P030,W07,2026-08-09,104,114
P030,W07,2026-08-10,,114
P030,W07,2026-08-11,,114
P030,W07,2026-08-12,,114
P030,W07,2026-08-13,,114
P030,W07,2026-08-14,,114
P030,W07,2026-08-15,,114
P030,W07,2026-08-16,,114
P030,W07,2026-08-17,,114
P030,W07,2026-08-18,,114
P030,W07,2026-08-19,,114
P030,W07,2026-08-20,,114
P030,W07,2026-08-21,,114
P030,W07,2026-08-22,,114
P030,W07,2026-08-23,,114
P030,W07,2026-08-24,,114
P030,W07,2026-08-25,,114
P030,W07,2026-08-26,,114
P030,W07,2026-08-27,,114
P030,W07,2026-08-28,,114
P030,W07,2026-08-29,,114
P030,W07,2026-08-30,,114
P030,W07,2026-08-31,,114
P030,W07,2026-09-01,,115
P030,W07,2026-09-02,,115
P030,W07,2026-09-03,,115
P030,W07,2026-09-04,,115
P030,W07,2026-09-05,,115
P030,W07,2026-09-06,,115
P030,W07,2026-09-07,,115
P030,W02,2026-05-12,147,123
P030,W02,2026-05-13,98,123
P030,W02,2026-05-14,128,123
P030,W02,2026-05-15,121,123
P030,W02,2026-05-16,133,123
P030,W02,2026-05-17,108,123
P030,W02,2026-05-18,113,123
P030,W02,2026-05-19,139,123
P030,W02,2026-05-20,127,123
P030,W02,2026-05-21,129,123
P030,W02,2026-05-22,142,123
P030,W02,2026-05-23,133,123
P030,W02,2026-05-24,134,123
P030,W02,2026-05-25,121,123
P030,W02,2026-05-26,125,123
P030,W02,2026-05-27,115,123
P030,W02,2026-05-28,120,123
P030,W02,2026-05-29,130,123
P030,W02,2026-05-30,131,123
P030,W02,2026-05-31,110,123
P030,W02,2026-06-01,113,113
P030,W02,2026-06-02,120,113
P030,W02,2026-06-03,108,113
P030,W02,2026-06-04,103,113
P030,W02,2026-06-05,103,113
P030,W02,2026-06-06,135,113
P030,W02,2026-06-07,104,113
P030,W02,2026-06-08,123,113
P030,W02,2026-06-09,97,113
P030,W02,2026-06-10,113,113
P030,W02,2026-06-11,106,113
P030,W02,2026-06-12,115,113
P030,W02,2026-06-13,112,113
P030,W02,2026-06-14,133,113
P030,W02,2026-06-15,91,113
P030,W02,2026-06-16,98,113
P030,W02,2026-06-17,114,113
P030,W02,2026-06-18,115,113
P030,W02,2026-06-19,97,113
P030,W02,2026-06-20,106,113
P030,W02,2026-06-21,109,113
P030,W02,2026-06-22,110,113
P030,W02,2026-06-23,117,113
P030,W02,2026-06-24,100,113
P030,W02,2026-06-25,104,113
P030,W02,2026-06-26,132,113
P030,W02,2026-06-27,89,113
P030,W02,2026-06-28,93,113
P030,W02,2026-06-29,115,113
P030,W02,2026-06-30,119,113
P030,W02,2026-07-01,124,115
P030,W02,2026-07-02,125,115
P030,W02,2026-07-03,102,115
P030,W02,2026-07-04,130,115
P030,W02,2026-07-05,109,115
P030,W02,2026-07-06,107,115
P030,W02,2026-07-07,114,115
P030,W02,2026-07-08,111,115
P030,W02,2026-07-09,99,115
P030,W02,2026-07-10,117,115
P030,W02,2026-07-11,102,115
P030,W02,2026-07-12,101,115
P030,W02,2026-07-13,116,115
P030,W02,2026-07-14,132,115
P030,W02,2026-07-15,106,115
P030,W02,2026-07-16,102,115
P030,W02,2026-07-17,91,115
P030,W02,2026-07-18,123,115
P030,W02,2026-07-19,131,115
P030,W02,2026-07-20,125,115
P030,W02,2026-07-21,108,115
P030,W02,2026-07-22,112,115
P030,W02,2026-07-23,130,115
P030,W02,2026-07-24,107,115
P030,W02,2026-07-25,118,115
P030,W02,2026-07-26,127,115
P030,W02,2026-07-27,98,115
P030,W02,2026-07-28,104,115
P030,W02,2026-07-29,112,115
P030,W02,2026-07-30,124,115
P030,W02,2026-07-31,113,115
P030,W02,2026-08-01,110,117
P030,W02,2026-08-02,115,117
P030,W02,2026-08-03,109,117
P030,W02,2026-08-04,110,117
P030,W02,2026-08-05,117,117
P030,W02,2026-08-06,125,117
P030,W02,2026-08-07,125,117
P030,W02,2026-08-08,129,117
P030,W02,2026-08-09,109,117
P030,W02,2026-08-10,,117
P030,W02,2026-08-11,,117
P030,W02,2026-08-12,,117
P030,W02,2026-08-13,,117
P030,W02,2026-08-14,,117
P030,W02,2026-08-15,,117
P030,W02,2026-08-16,,117
P030,W02,2026-08-17,,117
P030,W02,2026-08-18,,117
P030,W02,2026-08-19,,117
P030,W02,2026-08-20,,117
P030,W02,2026-08-21,,117
P030,W02,2026-08-22,,117
P030,W02,2026-08-23,,117
P030,W02,2026-08-24,,117
P030,W02,2026-08-25,,117
P030,W02,2026-08-26,,117
P030,W02,2026-08-27,,117
P030,W02,2026-08-28,,117
P030,W02,2026-08-29,,117
P030,W02,2026-08-30,,117
P030,W02,2026-08-31,,117
P030,W02,2026-09-01,,119
P030,W02,2026-09-02,,119
P030,W02,2026-09-03,,119
P030,W02,2026-09-04,,119
P030,W02,2026-09-05,,119
P030,W02,2026-09-06,,119
P030,W02,2026-09-07,,119
P027,W07,2026-05-12,196,181
P027,W07,2026-05-13,157,181
P027,W07,2026-05-14,206,181
P027,W07,2026-05-15,154,181
P027,W07,2026-05-16,174,181
P027,W07,2026-05-17,185,181
P027,W07,2026-05-18,195,181
P027,W07,2026-05-19,188,181
P027,W07,2026-05-20,178,181
P027,W07,2026-05-21,183,181
P027,W07,2026-05-22,202,181
P027,W07,2026-05-23,184,181
P027,W07,2026-05-24,161,181
P027,W07,2026-05-25,196,181
P027,W07,2026-05-26,147,181
P027,W07,2026-05-27,169,181
P027,W07,2026-05-28,147,181
P027,W07,2026-05-29,149,181
P027,W07,2026-05-30,191,181
P027,W07,2026-05-31,188,181
P027,W07,2026-06-01,161,167
P027,W07,2026-06-02,166,167
P027,W07,2026-06-03,134,167
P027,W07,2026-06-04,170,167
P027,W07,2026-06-05,177,167
P027,W07,2026-06-06,163,167
P027,W07,2026-06-07,158,167
P027,W07,2026-06-08,167,167
P027,W07,2026-06-09,172,167
P027,W07,2026-06-10,189,167
P027,W07,2026-06-11,204,167
P027,W07,2026-06-12,163,167
P027,W07,2026-06-13,150,167
P027,W07,2026-06-14,131,167
P027,W07,2026-06-15,178,167
P027,W07,2026-06-16,178,167
P027,W07,2026-06-17,198,167
P027,W07,2026-06-18,193,167
P027,W07,2026-06-19,152,167
P027,W07,2026-06-20,158,167
P027,W07,2026-06-21,168,167
P027,W07,2026-06-22,161,167
P027,W07,2026-06-23,186,167
P027,W07,2026-06-24,173,167
P027,W07,2026-06-25,160,167
P027,W07,2026-06-26,163,167
P027,W07,2026-06-27,181,167
P027,W07,2026-06-28,131,167
P027,W07,2026-06-29,151,167
P027,W07,2026-06-30,176,167
P027,W07,2026-07-01,165,170
P027,W07,2026-07-02,174,170
P027,W07,2026-07-03,155,170
P027,W07,2026-07-04,134,170
P027,W07,2026-07-05,166,170
P027,W07,2026-07-06,193,170
P027,W07,2026-07-07,193,170
P027,W07,2026-07-08,154,170
P027,W07,2026-07-09,156,170
P027,W07,2026-07-10,156,170
P027,W07,2026-07-11,158,170
P027,W07,2026-07-12,193,170
P027,W07,2026-07-13,183,170
P027,W07,2026-07-14,161,170
P027,W07,2026-07-15,160,170
P027,W07,2026-07-16,169,170
P027,W07,2026-07-17,150,170
P027,W07,2026-07-18,150,170
P027,W07,2026-07-19,163,170
P027,W07,2026-07-20,186,170
P027,W07,2026-07-21,159,170
P027,W07,2026-07-22,163,170
P027,W07,2026-07-23,175,170
P027,W07,2026-07-24,165,170
P027,W07,2026-07-25,162,170
P027,W07,2026-07-26,199,170
P027,W07,2026-07-27,175,170
P027,W07,2026-07-28,166,170
P027,W07,2026-07-29,167,170
P027,W07,2026-07-30,148,170
P027,W07,2026-07-31,175,170
P027,W07,2026-08-01,170,173
P027,W07,2026-08-02,204,173
P027,W07,2026-08-03,165,173
P027,W07,2026-08-04,184,173
P027,W07,2026-08-05,173,173
P027,W07,2026-08-06,170,173
P027,W07,2026-08-07,178,173
P027,W07,2026-08-08,179,173
P027,W07,2026-08-09,210,173
P027,W07,2026-08-10,,173
P027,W07,2026-08-11,,173
P027,W07,2026-08-12,,173
P027,W07,2026-08-13,,173
P027,W07,2026-08-14,,173
P027,W07,2026-08-15,,173
P027,W07,2026-08-16,,173
P027,W07,2026-08-17,,173
P027,W07,2026-08-18,,173
P027,W07,2026-08-19,,173
P027,W07,2026-08-20,,173
P027,W07,2026-08-21,,173
P027,W07,2026-08-22,,173
P027,W07,2026-08-23,,173
P027,W07,2026-08-24,,173
P027,W07,2026-08-25,,173
P027,W07,2026-08-26,,173
P027,W07,2026-08-27,,173
P027,W07,2026-08-28,,173
P027,W07,2026-08-29,,173
P027,W07,2026-08-30,,173
P027,W07,2026-08-31,,173
P027,W07,2026-09-01,,176
P027,W07,2026-09-02,,176
P027,W07,2026-09-03,,176
P027,W07,2026-09-04,,176
P027,W07,2026-09-05,,176
P027,W07,2026-09-06,,176
P027,W07,2026-09-07,,176
P003,W06,2026-05-12,118,107
P003,W06,2026-05-13,103,107
P003,W06,2026-05-14,92,107
P003,W06,2026-05-15,105,107
P003,W06,2026-05-16,89,107
P003,W06,2026-05-17,106,107
P003,W06,2026-05-18,107,107
P003,W06,2026-05-19,113,107
P003,W06,2026-05-20,104,107
P003,W06,2026-05-21,125,107
P003,W06,2026-05-22,109,107
P003,W06,2026-05-23,123,107
P003,W06,2026-05-24,111,107
P003,W06,2026-05-25,102,107
P003,W06,2026-05-26,121,107
P003,W06,2026-05-27,106,107
P003,W06,2026-05-28,82,107
P003,W06,2026-05-29,95,107
P003,W06,2026-05-30,100,107
P003,W06,2026-05-31,104,107
P003,W06,2026-06-01,97,98
P003,W06,2026-06-02,88,98
P003,W06,2026-06-03,93,98
P003,W06,2026-06-04,100,98
P003,W06,2026-06-05,89,98
P003,W06,2026-06-06,91,98
P003,W06,2026-06-07,86,98
P003,W06,2026-06-08,99,98
P003,W06,2026-06-09,106,98
P003,W06,2026-06-10,90,98
P003,W06,2026-06-11,108,98
P003,W06,2026-06-12,83,98
P003,W06,2026-06-13,84,98
P003,W06,2026-06-14,96,98
P003,W06,2026-06-15,94,98
P003,W06,2026-06-16,95,98
P003,W06,2026-06-17,105,98
P003,W06,2026-06-18,102,98
P003,W06,2026-06-19,92,98
P003,W06,2026-06-20,97,98
P003,W06,2026-06-21,89,98
P003,W06,2026-06-22,105,98
P003,W06,2026-06-23,105,98
P003,W06,2026-06-24,111,98
P003,W06,2026-06-25,108,98
P003,W06,2026-06-26,80,98
P003,W06,2026-06-27,96,98
P003,W06,2026-06-28,109,98
P003,W06,2026-06-29,104,98
P003,W06,2026-06-30,85,98
P003,W06,2026-07-01,85,100
P003,W06,2026-07-02,120,100
P003,W06,2026-07-03,109,100
P003,W06,2026-07-04,83,100
P003,W06,2026-07-05,97,100
P003,W06,2026-07-06,95,100
P003,W06,2026-07-07,84,100
P003,W06,2026-07-08,110,100
P003,W06,2026-07-09,103,100
P003,W06,2026-07-10,100,100
P003,W06,2026-07-11,91,100
P003,W06,2026-07-12,97,100
P003,W06,2026-07-13,114,100
P003,W06,2026-07-14,95,100
P003,W06,2026-07-15,89,100
P003,W06,2026-07-16,97,100
P003,W06,2026-07-17,95,100
P003,W06,2026-07-18,91,100
P003,W06,2026-07-19,87,100
P003,W06,2026-07-20,95,100
P003,W06,2026-07-21,96,100
P003,W06,2026-07-22,106,100
P003,W06,2026-07-23,93,100
P003,W06,2026-07-24,91,100
P003,W06,2026-07-25,107,100
P003,W06,2026-07-26,94,100
P003,W06,2026-07-27,96,100
P003,W06,2026-07-28,107,100
P003,W06,2026-07-29,101,100
P003,W06,2026-07-30,97,100
P003,W06,2026-07-31,79,100
P003,W06,2026-08-01,97,102
P003,W06,2026-08-02,115,102
P003,W06,2026-08-03,85,102
P003,W06,2026-08-04,109,102
P003,W06,2026-08-05,107,102
P003,W06,2026-08-06,91,102
P003,W06,2026-08-07,95,102
P003,W06,2026-08-08,110,102
P003,W06,2026-08-09,90,102
P003,W06,2026-08-10,,102
P003,W06,2026-08-11,,102
P003,W06,2026-08-12,,102
P003,W06,2026-08-13,,102
P003,W06,2026-08-14,,102
P003,W06,2026-08-15,,102
P003,W06,2026-08-16,,102
P003,W06,2026-08-17,,102
P003,W06,2026-08-18,,102
P003,W06,2026-08-19,,102
P003,W06,2026-08-20,,102
P003,W06,2026-08-21,,102
P003,W06,2026-08-22,,102
P003,W06,2026-08-23,,102
P003,W06,2026-08-24,,102
P003,W06,2026-08-25,,102
P003,W06,2026-08-26,,102
P003,W06,2026-08-27,,102
P003,W06,2026-08-28,,102
P003,W06,2026-08-29,,102
P003,W06,2026-08-30,,102
P003,W06,2026-08-31,,102
P003,W06,2026-09-01,,103
P003,W06,2026-09-02,,103
P003,W06,2026-09-03,,103
P003,W06,2026-09-04,,103
P003,W06,2026-09-05,,103
P003,W06,2026-09-06,,103
P003,W06,2026-09-07,,103
P018,W06,2026-05-12,78,70
P018,W06,2026-05-13,59,70
P018,W06,2026-05-14,70,70
P018,W06,2026-05-15,72,70
P018,W06,2026-05-16,64,70
P018,W06,2026-05-17,69,70
P018,W06,2026-05-18,72,70
P018,W06,2026-05-19,70,70
P018,W06,2026-05-20,71,70
P018,W06,2026-05-21,68,70
P018,W06,2026-05-22,59,70
P018,W06,2026-05-23,59,70
P018,W06,2026-05-24,60,70
P018,W06,2026-05-25,72,70
P018,W06,2026-05-26,66,70
P018,W06,2026-05-27,78,70
P018,W06,2026-05-28,60,70
P018,W06,2026-05-29,83,70
P018,W06,2026-05-30,56,70
P018,W06,2026-05-31,80,70
P018,W06,2026-06-01,57,65
P018,W06,2026-06-02,77,65
P018,W06,2026-06-03,72,65
P018,W06,2026-06-04,75,65
P018,W06,2026-06-05,65,65
P018,W06,2026-06-06,67,65
P018,W06,2026-06-07,55,65
P018,W06,2026-06-08,67,65
P018,W06,2026-06-09,57,65
P018,W06,2026-06-10,67,65
P018,W06,2026-06-11,67,65
P018,W06,2026-06-12,73,65
P018,W06,2026-06-13,58,65
P018,W06,2026-06-14,62,65
P018,W06,2026-06-15,73,65
P018,W06,2026-06-16,64,65
P018,W06,2026-06-17,64,65
P018,W06,2026-06-18,80,65
P018,W06,2026-06-19,67,65
P018,W06,2026-06-20,67,65
P018,W06,2026-06-21,58,65
P018,W06,2026-06-22,64,65
P018,W06,2026-06-23,63,65
P018,W06,2026-06-24,63,65
P018,W06,2026-06-25,74,65
P018,W06,2026-06-26,66,65
P018,W06,2026-06-27,68,65
P018,W06,2026-06-28,61,65
P018,W06,2026-06-29,64,65
P018,W06,2026-06-30,72,65
P018,W06,2026-07-01,61,66
P018,W06,2026-07-02,64,66
P018,W06,2026-07-03,70,66
P018,W06,2026-07-04,63,66
P018,W06,2026-07-05,67,66
P018,W06,2026-07-06,77,66
P018,W06,2026-07-07,68,66
P018,W06,2026-07-08,64,66
P018,W06,2026-07-09,67,66
P018,W06,2026-07-10,64,66
P018,W06,2026-07-11,74,66
P018,W06,2026-07-12,72,66
P018,W06,2026-07-13,56,66
P018,W06,2026-07-14,68,66
P018,W06,2026-07-15,53,66
P018,W06,2026-07-16,66,66
P018,W06,2026-07-17,67,66
P018,W06,2026-07-18,58,66
P018,W06,2026-07-19,69,66
P018,W06,2026-07-20,63,66
P018,W06,2026-07-21,69,66
P018,W06,2026-07-22,61,66
P018,W06,2026-07-23,68,66
P018,W06,2026-07-24,52,66
P018,W06,2026-07-25,67,66
P018,W06,2026-07-26,55,66
P018,W06,2026-07-27,78,66
P018,W06,2026-07-28,67,66
P018,W06,2026-07-29,59,66
P018,W06,2026-07-30,64,66
P018,W06,2026-07-31,58,66
P018,W06,2026-08-01,78,67
P018,W06,2026-08-02,58,67
P018,W06,2026-08-03,65,67
P018,W06,2026-08-04,62,67
P018,W06,2026-08-05,54,67
P018,W06,2026-08-06,75,67
P018,W06,2026-08-07,57,67
P018,W06,2026-08-08,72,67
P018,W06,2026-08-09,70,67
P018,W06,2026-08-10,,67
P018,W06,2026-08-11,,67
P018,W06,2026-08-12,,67
P018,W06,2026-08-13,,67
P018,W06,2026-08-14,,67
P018,W06,2026-08-15,,67
P018,W06,2026-08-16,,67
P018,W06,2026-08-17,,67
P018,W06,2026-08-18,,67
P018,W06,2026-08-19,,67
P018,W06,2026-08-20,,67
P018,W06,2026-08-21,,67
P018,W06,2026-08-22,,67
P018,W06,2026-08-23,,67
P018,W06,2026-08-24,,67
P018,W06,2026-08-25,,67
P018,W06,2026-08-26,,67
P018,W06,2026-08-27,,67
P018,W06,2026-08-28,,67
P018,W06,2026-08-29,,67
P018,W06,2026-08-30,,67
P018,W06,2026-08-31,,67
P018,W06,2026-09-01,,68
P018,W06,2026-09-02,,68
P018,W06,2026-09-03,,68
P018,W06,2026-09-04,,68
P018,W06,2026-09-05,,68
P018,W06,2026-09-06,,68
P018,W06,2026-09-07,,68
P020,W06,2026-05-12,221,178
P020,W06,2026-05-13,157,178
P020,W06,2026-05-14,195,178
P020,W06,2026-05-15,177,178
P020,W06,2026-05-16,197,178
P020,W06,2026-05-17,195,178
P020,W06,2026-05-18,190,178
P020,W06,2026-05-19,155,178
P020,W06,2026-05-20,158,178
P020,W06,2026-05-21,163,178
P020,W06,2026-05-22,206,178
P020,W06,2026-05-23,150,178
P020,W06,2026-05-24,169,178
P020,W06,2026-05-25,158,178
P020,W06,2026-05-26,150,178
P020,W06,2026-05-27,166,178
P020,W06,2026-05-28,172,178
P020,W06,2026-05-29,182,178
P020,W06,2026-05-30,179,178
P020,W06,2026-05-31,196,178
P020,W06,2026-06-01,164,164
P020,W06,2026-06-02,147,164
P020,W06,2026-06-03,154,164
P020,W06,2026-06-04,167,164
P020,W06,2026-06-05,164,164
P020,W06,2026-06-06,135,164
P020,W06,2026-06-07,176,164
P020,W06,2026-06-08,164,164
P020,W06,2026-06-09,170,164
P020,W06,2026-06-10,130,164
P020,W06,2026-06-11,160,164
P020,W06,2026-06-12,188,164
P020,W06,2026-06-13,173,164
P020,W06,2026-06-14,153,164
P020,W06,2026-06-15,143,164
P020,W06,2026-06-16,145,164
P020,W06,2026-06-17,192,164
P020,W06,2026-06-18,133,164
P020,W06,2026-06-19,163,164
P020,W06,2026-06-20,186,164
P020,W06,2026-06-21,163,164
P020,W06,2026-06-22,173,164
P020,W06,2026-06-23,164,164
P020,W06,2026-06-24,154,164
P020,W06,2026-06-25,178,164
P020,W06,2026-06-26,166,164
P020,W06,2026-06-27,197,164
P020,W06,2026-06-28,147,164
P020,W06,2026-06-29,143,164
P020,W06,2026-06-30,168,164
P020,W06,2026-07-01,161,167
P020,W06,2026-07-02,178,167
P020,W06,2026-07-03,158,167
P020,W06,2026-07-04,152,167
P020,W06,2026-07-05,140,167
P020,W06,2026-07-06,168,167
P020,W06,2026-07-07,181,167
P020,W06,2026-07-08,192,167
P020,W06,2026-07-09,165,167
P020,W06,2026-07-10,195,167
P020,W06,2026-07-11,180,167
P020,W06,2026-07-12,148,167
P020,W06,2026-07-13,166,167
P020,W06,2026-07-14,168,167
P020,W06,2026-07-15,171,167
P020,W06,2026-07-16,162,167
P020,W06,2026-07-17,155,167
P020,W06,2026-07-18,187,167
P020,W06,2026-07-19,144,167
P020,W06,2026-07-20,172,167
P020,W06,2026-07-21,172,167
P020,W06,2026-07-22,193,167
P020,W06,2026-07-23,182,167
P020,W06,2026-07-24,160,167
P020,W06,2026-07-25,175,167
P020,W06,2026-07-26,196,167
P020,W06,2026-07-27,135,167
P020,W06,2026-07-28,153,167
P020,W06,2026-07-29,166,167
P020,W06,2026-07-30,154,167
P020,W06,2026-07-31,184,167
P020,W06,2026-08-01,209,169
P020,W06,2026-08-02,156,169
P020,W06,2026-08-03,175,169
P020,W06,2026-08-04,163,169
P020,W06,2026-08-05,149,169
P020,W06,2026-08-06,136,169
P020,W06,2026-08-07,146,169
P020,W06,2026-08-08,200,169
P020,W06,2026-08-09,162,169
P020,W06,2026-08-10,,169
P020,W06,2026-08-11,,169
P020,W06,2026-08-12,,169
P020,W06,2026-08-13,,169
P020,W06,2026-08-14,,169
P020,W06,2026-08-15,,169
P020,W06,2026-08-16,,169
P020,W06,2026-08-17,,169
P020,W06,2026-08-18,,169
P020,W06,2026-08-19,,169
P020,W06,2026-08-20,,169
P020,W06,2026-08-21,,169
P020,W06,2026-08-22,,169
P020,W06,2026-08-23,,169
P020,W06,2026-08-24,,169
P020,W06,2026-08-25,,169
P020,W06,2026-08-26,,169
P020,W06,2026-08-27,,169
P020,W06,2026-08-28,,169
P020,W06,2026-08-29,,169
P020,W06,2026-08-30,,169
P020,W06,2026-08-31,,169
P020,W06,2026-09-01,,172
P020,W06,2026-09-02,,172
P020,W06,2026-09-03,,172
P020,W06,2026-09-04,,172
P020,W06,2026-09-05,,172
P020,W06,2026-09-06,,172
P020,W06,2026-09-07,,172
P013,W05,2026-05-12,86,110
P013,W05,2026-05-13,100,110
P013,W05,2026-05-14,123,110
P013,W05,2026-05-15,115,110
P013,W05,2026-05-16,132,110
P013,W05,2026-05-17,105,110
P013,W05,2026-05-18,115,110
P013,W05,2026-05-19,117,110
P013,W05,2026-05-20,103,110
P013,W05,2026-05-21,96,110
P013,W05,2026-05-22,105,110
P013,W05,2026-05-23,105,110
P013,W05,2026-05-24,104,110
P013,W05,2026-05-25,96,110
P013,W05,2026-05-26,91,110
P013,W05,2026-05-27,109,110
P013,W05,2026-05-28,92,110
P013,W05,2026-05-29,101,110
P013,W05,2026-05-30,111,110
P013,W05,2026-05-31,98,110
P013,W05,2026-06-01,100,102
P013,W05,2026-06-02,103,102
P013,W05,2026-06-03,118,102
P013,W05,2026-06-04,104,102
P013,W05,2026-06-05,110,102
P013,W05,2026-06-06,104,102
P013,W05,2026-06-07,109,102
P013,W05,2026-06-08,98,102
P013,W05,2026-06-09,92,102
P013,W05,2026-06-10,97,102
P013,W05,2026-06-11,116,102
P013,W05,2026-06-12,99,102
P013,W05,2026-06-13,115,102
P013,W05,2026-06-14,111,102
P013,W05,2026-06-15,112,102
P013,W05,2026-06-16,83,102
P013,W05,2026-06-17,100,102
P013,W05,2026-06-18,110,102
P013,W05,2026-06-19,118,102
P013,W05,2026-06-20,100,102
P013,W05,2026-06-21,96,102
P013,W05,2026-06-22,106,102
P013,W05,2026-06-23,94,102
P013,W05,2026-06-24,104,102
P013,W05,2026-06-25,94,102
P013,W05,2026-06-26,89,102
P013,W05,2026-06-27,93,102
P013,W05,2026-06-28,112,102
P013,W05,2026-06-29,114,102
P013,W05,2026-06-30,90,102
P013,W05,2026-07-01,117,103
P013,W05,2026-07-02,96,103
P013,W05,2026-07-03,113,103
P013,W05,2026-07-04,116,103
P013,W05,2026-07-05,85,103
P013,W05,2026-07-06,98,103
P013,W05,2026-07-07,102,103
P013,W05,2026-07-08,118,103
P013,W05,2026-07-09,101,103
P013,W05,2026-07-10,105,103
P013,W05,2026-07-11,92,103
P013,W05,2026-07-12,88,103
P013,W05,2026-07-13,108,103
P013,W05,2026-07-14,82,103
P013,W05,2026-07-15,110,103
P013,W05,2026-07-16,108,103
P013,W05,2026-07-17,94,103
P013,W05,2026-07-18,93,103
P013,W05,2026-07-19,99,103
P013,W05,2026-07-20,119,103
P013,W05,2026-07-21,89,103
P013,W05,2026-07-22,101,103
P013,W05,2026-07-23,101,103
P013,W05,2026-07-24,102,103
P013,W05,2026-07-25,115,103
P013,W05,2026-07-26,98,103
P013,W05,2026-07-27,96,103
P013,W05,2026-07-28,86,103
P013,W05,2026-07-29,103,103
P013,W05,2026-07-30,102,103
P013,W05,2026-07-31,85,103
P013,W05,2026-08-01,115,105
P013,W05,2026-08-02,92,105
P013,W05,2026-08-03,93,105
P013,W05,2026-08-04,128,105
P013,W05,2026-08-05,98,105
P013,W05,2026-08-06,106,105
P013,W05,2026-08-07,107,105
P013,W05,2026-08-08,119,105
P013,W05,2026-08-09,111,105
P013,W05,2026-08-10,,105
P013,W05,2026-08-11,,105
P013,W05,2026-08-12,,105
P013,W05,2026-08-13,,105
P013,W05,2026-08-14,,105
P013,W05,2026-08-15,,105
P013,W05,2026-08-16,,105
P013,W05,2026-08-17,,105
P013,W05,2026-08-18,,105
P013,W05,2026-08-19,,105
P013,W05,2026-08-20,,105
P013,W05,2026-08-21,,105
P013,W05,2026-08-22,,105
P013,W05,2026-08-23,,105
P013,W05,2026-08-24,,105
P013,W05,2026-08-25,,105
P013,W05,2026-08-26,,105
P013,W05,2026-08-27,,105
P013,W05,2026-08-28,,105
P013,W05,2026-08-29,,105
P013,W05,2026-08-30,,105
P013,W05,2026-08-31,,105
P013,W05,2026-09-01,,107
P013,W05,2026-09-02,,107
P013,W05,2026-09-03,,107
P013,W05,2026-09-04,,107
P013,W05,2026-09-05,,107
P013,W05,2026-09-06,,107
P013,W05,2026-09-07,,107
P005,W03,2026-05-12,45,40
P005,W03,2026-05-13,32,40
P005,W03,2026-05-14,39,40
P005,W03,2026-05-15,39,40
P005,W03,2026-05-16,43,40
P005,W03,2026-05-17,33,40
P005,W03,2026-05-18,32,40
P005,W03,2026-05-19,43,40
P005,W03,2026-05-20,39,40
P005,W03,2026-05-21,47,40
P005,W03,2026-05-22,35,40
P005,W03,2026-05-23,38,40
P005,W03,2026-05-24,40,40
P005,W03,2026-05-25,45,40
P005,W03,2026-05-26,34,40
P005,W03,2026-05-27,45,40
P005,W03,2026-05-28,42,40
P005,W03,2026-05-29,32,40
P005,W03,2026-05-30,40,40
P005,W03,2026-05-31,37,40
P005,W03,2026-06-01,29,37
P005,W03,2026-06-02,31,37
P005,W03,2026-06-03,35,37
P005,W03,2026-06-04,42,37
P005,W03,2026-06-05,42,37
P005,W03,2026-06-06,38,37
P005,W03,2026-06-07,30,37
P005,W03,2026-06-08,36,37
P005,W03,2026-06-09,35,37
P005,W03,2026-06-10,34,37
P005,W03,2026-06-11,41,37
P005,W03,2026-06-12,36,37
P005,W03,2026-06-13,36,37
P005,W03,2026-06-14,31,37
P005,W03,2026-06-15,35,37
P005,W03,2026-06-16,31,37
P005,W03,2026-06-17,35,37
P005,W03,2026-06-18,39,37
P005,W03,2026-06-19,36,37
P005,W03,2026-06-20,31,37
P005,W03,2026-06-21,40,37
P005,W03,2026-06-22,38,37
P005,W03,2026-06-23,40,37
P005,W03,2026-06-24,28,37
P005,W03,2026-06-25,40,37
P005,W03,2026-06-26,34,37
P005,W03,2026-06-27,39,37
P005,W03,2026-06-28,35,37
P005,W03,2026-06-29,35,37
P005,W03,2026-06-30,34,37
P005,W03,2026-07-01,32,37
P005,W03,2026-07-02,40,37
P005,W03,2026-07-03,37,37
P005,W03,2026-07-04,39,37
P005,W03,2026-07-05,41,37
P005,W03,2026-07-06,33,37
P005,W03,2026-07-07,33,37
P005,W03,2026-07-08,30,37
P005,W03,2026-07-09,38,37
P005,W03,2026-07-10,42,37
P005,W03,2026-07-11,33,37
P005,W03,2026-07-12,34,37
P005,W03,2026-07-13,42,37
P005,W03,2026-07-14,34,37
P005,W03,2026-07-15,29,37
P005,W03,2026-07-16,46,37
P005,W03,2026-07-17,41,37
P005,W03,2026-07-18,31,37
P005,W03,2026-07-19,33,37
P005,W03,2026-07-20,41,37
P005,W03,2026-07-21,39,37
P005,W03,2026-07-22,34,37
P005,W03,2026-07-23,38,37
P005,W03,2026-07-24,36,37
P005,W03,2026-07-25,40,37
P005,W03,2026-07-26,45,37
P005,W03,2026-07-27,36,37
P005,W03,2026-07-28,35,37
P005,W03,2026-07-29,41,37
P005,W03,2026-07-30,36,37
P005,W03,2026-07-31,43,37
P005,W03,2026-08-01,42,38
P005,W03,2026-08-02,34,38
P005,W03,2026-08-03,33,38
P005,W03,2026-08-04,31,38
P005,W03,2026-08-05,33,38
P005,W03,2026-08-06,33,38
P005,W03,2026-08-07,41,38
P005,W03,2026-08-08,37,38
P005,W03,2026-08-09,32,38
P005,W03,2026-08-10,,38
P005,W03,2026-08-11,,38
P005,W03,2026-08-12,,38
P005,W03,2026-08-13,,38
P005,W03,2026-08-14,,38
P005,W03,2026-08-15,,38
P005,W03,2026-08-16,,38
P005,W03,2026-08-17,,38
P005,W03,2026-08-18,,38
P005,W03,2026-08-19,,38
P005,W03,2026-08-20,,38
P005,W03,2026-08-21,,38
P005,W03,2026-08-22,,38
P005,W03,2026-08-23,,38
P005,W03,2026-08-24,,38
P005,W03,2026-08-25,,38
P005,W03,2026-08-26,,38
P005,W03,2026-08-27,,38
P005,W03,2026-08-28,,38
P005,W03,2026-08-29,,38
P005,W03,2026-08-30,,38
P005,W03,2026-08-31,,38
P005,W03,2026-09-01,,38
P005,W03,2026-09-02,,38
P005,W03,2026-09-03,,38
P005,W03,2026-09-04,,38
P005,W03,2026-09-05,,38
P005,W03,2026-09-06,,38
P005,W03,2026-09-07,,38
P001,W04,2026-05-12,231,235
P001,W04,2026-05-13,219,235
P001,W04,2026-05-14,236,235
P001,W04,2026-05-15,227,235
P001,W04,2026-05-16,244,235
P001,W04,2026-05-17,260,235
P001,W04,2026-05-18,255,235
P001,W04,2026-05-19,214,235
P001,W04,2026-05-20,245,235
P001,W04,2026-05-21,241,235
P001,W04,2026-05-22,264,235
P001,W04,2026-05-23,259,235
P001,W04,2026-05-24,270,235
P001,W04,2026-05-25,240,235
P001,W04,2026-05-26,230,235
P001,W04,2026-05-27,227,235
P001,W04,2026-05-28,258,235
P001,W04,2026-05-29,238,235
P001,W04,2026-05-30,231,235
P001,W04,2026-05-31,198,235
P001,W04,2026-06-01,193,217
P001,W04,2026-06-02,212,217
P001,W04,2026-06-03,249,217
P001,W04,2026-06-04,191,217
P001,W04,2026-06-05,193,217
P001,W04,2026-06-06,204,217
P001,W04,2026-06-07,247,217
P001,W04,2026-06-08,202,217
P001,W04,2026-06-09,181,217
P001,W04,2026-06-10,208,217
P001,W04,2026-06-11,173,217
P001,W04,2026-06-12,212,217
P001,W04,2026-06-13,226,217
P001,W04,2026-06-14,241,217
P001,W04,2026-06-15,246,217
P001,W04,2026-06-16,174,217
P001,W04,2026-06-17,201,217
P001,W04,2026-06-18,184,217
P001,W04,2026-06-19,239,217
P001,W04,2026-06-20,268,217
P001,W04,2026-06-21,256,217
P001,W04,2026-06-22,181,217
P001,W04,2026-06-23,187,217
P001,W04,2026-06-24,202,217
P001,W04,2026-06-25,199,217
P001,W04,2026-06-26,238,217
P001,W04,2026-06-27,195,217
P001,W04,2026-06-28,265,217
P001,W04,2026-06-29,186,217
P001,W04,2026-06-30,181,217
P001,W04,2026-07-01,176,221
P001,W04,2026-07-02,241,221
P001,W04,2026-07-03,267,221
P001,W04,2026-07-04,212,221
P001,W04,2026-07-05,221,221
P001,W04,2026-07-06,188,221
P001,W04,2026-07-07,235,221
P001,W04,2026-07-08,200,221
P001,W04,2026-07-09,225,221
P001,W04,2026-07-10,185,221
P001,W04,2026-07-11,206,221
P001,W04,2026-07-12,254,221
P001,W04,2026-07-13,224,221
P001,W04,2026-07-14,215,221
P001,W04,2026-07-15,221,221
P001,W04,2026-07-16,202,221
P001,W04,2026-07-17,219,221
P001,W04,2026-07-18,209,221
P001,W04,2026-07-19,224,221
P001,W04,2026-07-20,193,221
P001,W04,2026-07-21,251,221
P001,W04,2026-07-22,223,221
P001,W04,2026-07-23,260,221
P001,W04,2026-07-24,222,221
P001,W04,2026-07-25,209,221
P001,W04,2026-07-26,250,221
P001,W04,2026-07-27,208,221
P001,W04,2026-07-28,246,221
P001,W04,2026-07-29,224,221
P001,W04,2026-07-30,228,221
P001,W04,2026-07-31,222,221
P001,W04,2026-08-01,219,224
P001,W04,2026-08-02,206,224
P001,W04,2026-08-03,224,224
P001,W04,2026-08-04,244,224
P001,W04,2026-08-05,244,224
P001,W04,2026-08-06,201,224
P001,W04,2026-08-07,238,224
P001,W04,2026-08-08,203,224
P001,W04,2026-08-09,210,224
P001,W04,2026-08-10,,224
P001,W04,2026-08-11,,224
P001,W04,2026-08-12,,224
P001,W04,2026-08-13,,224
P001,W04,2026-08-14,,224
P001,W04,2026-08-15,,224
P001,W04,2026-08-16,,224
P001,W04,2026-08-17,,224
P001,W04,2026-08-18,,224
P001,W04,2026-08-19,,224
P001,W04,2026-08-20,,224
P001,W04,2026-08-21,,224
P001,W04,2026-08-22,,224
P001,W04,2026-08-23,,224
P001,W04,2026-08-24,,224
P001,W04,2026-08-25,,224
P001,W04,2026-08-26,,224
P001,W04,2026-08-27,,224
P001,W04,2026-08-28,,224
P001,W04,2026-08-29,,224
P001,W04,2026-08-30,,224
P001,W04,2026-08-31,,224
P001,W04,2026-09-01,,228
P001,W04,2026-09-02,,228
P001,W04,2026-09-03,,228
P001,W04,2026-09-04,,228
P001,W04,2026-09-05,,228
P001,W04,2026-09-06,,228
P001,W04,2026-09-07,,228
P016,W01,2026-05-12,122,122
P016,W01,2026-05-13,104,122
P016,W01,2026-05-14,114,122
P016,W01,2026-05-15,118,122
P016,W01,2026-05-16,108,122
P016,W01,2026-05-17,135,122
P016,W01,2026-05-18,121,122
P016,W01,2026-05-19,108,122
P016,W01,2026-05-20,131,122
P016,W01,2026-05-21,132,122
P016,W01,2026-05-22,138,122
P016,W01,2026-05-23,111,122
P016,W01,2026-05-24,132,122
P016,W01,2026-05-25,135,122
P016,W01,2026-05-26,124,122
P016,W01,2026-05-27,141,122
P016,W01,2026-05-28,126,122
P016,W01,2026-05-29,148,122
P016,W01,2026-05-30,122,122
P016,W01,2026-05-31,113,122
P016,W01,2026-06-01,100,112
P016,W01,2026-06-02,114,112
P016,W01,2026-06-03,109,112
P016,W01,2026-06-04,93,112
P016,W01,2026-06-05,134,112
P016,W01,2026-06-06,101,112
P016,W01,2026-06-07,113,112
P016,W01,2026-06-08,100,112
P016,W01,2026-06-09,100,112
P016,W01,2026-06-10,121,112
P016,W01,2026-06-11,107,112
P016,W01,2026-06-12,126,112
P016,W01,2026-06-13,111,112
P016,W01,2026-06-14,120,112
P016,W01,2026-06-15,91,112
P016,W01,2026-06-16,101,112
P016,W01,2026-06-17,122,112
P016,W01,2026-06-18,102,112
P016,W01,2026-06-19,105,112
P016,W01,2026-06-20,109,112
P016,W01,2026-06-21,108,112
P016,W01,2026-06-22,105,112
P016,W01,2026-06-23,109,112
P016,W01,2026-06-24,112,112
P016,W01,2026-06-25,130,112
P016,W01,2026-06-26,107,112
P016,W01,2026-06-27,97,112
P016,W01,2026-06-28,126,112
P016,W01,2026-06-29,107,112
P016,W01,2026-06-30,123,112
P016,W01,2026-07-01,129,114
P016,W01,2026-07-02,99,114
P016,W01,2026-07-03,111,114
P016,W01,2026-07-04,112,114
P016,W01,2026-07-05,104,114
P016,W01,2026-07-06,116,114
P016,W01,2026-07-07,110,114
P016,W01,2026-07-08,116,114
P016,W01,2026-07-09,101,114
P016,W01,2026-07-10,111,114
P016,W01,2026-07-11,120,114
P016,W01,2026-07-12,95,114
P016,W01,2026-07-13,116,114
P016,W01,2026-07-14,136,114
P016,W01,2026-07-15,108,114
P016,W01,2026-07-16,119,114
P016,W01,2026-07-17,134,114
P016,W01,2026-07-18,121,114
P016,W01,2026-07-19,105,114
P016,W01,2026-07-20,111,114
P016,W01,2026-07-21,121,114
P016,W01,2026-07-22,128,114
P016,W01,2026-07-23,135,114
P016,W01,2026-07-24,131,114
P016,W01,2026-07-25,103,114
P016,W01,2026-07-26,108,114
P016,W01,2026-07-27,110,114
P016,W01,2026-07-28,118,114
P016,W01,2026-07-29,133,114
P016,W01,2026-07-30,106,114
P016,W01,2026-07-31,101,114
P016,W01,2026-08-01,117,116
P016,W01,2026-08-02,108,116
P016,W01,2026-08-03,129,116
P016,W01,2026-08-04,135,116
P016,W01,2026-08-05,94,116
P016,W01,2026-08-06,120,116
P016,W01,2026-08-07,104,116
P016,W01,2026-08-08,111,116
P016,W01,2026-08-09,116,116
P016,W01,2026-08-10,,116
P016,W01,2026-08-11,,116
P016,W01,2026-08-12,,116
P016,W01,2026-08-13,,116
P016,W01,2026-08-14,,116
P016,W01,2026-08-15,,116
P016,W01,2026-08-16,,116
P016,W01,2026-08-17,,116
P016,W01,2026-08-18,,116
P016,W01,2026-08-19,,116
P016,W01,2026-08-20,,116
P016,W01,2026-08-21,,116
P016,W01,2026-08-22,,116
P016,W01,2026-08-23,,116
P016,W01,2026-08-24,,116
P016,W01,2026-08-25,,116
P016,W01,2026-08-26,,116
P016,W01,2026-08-27,,116
P016,W01,2026-08-28,,116
P016,W01,2026-08-29,,116
P016,W01,2026-08-30,,116
P016,W01,2026-08-31,,116
P016,W01,2026-09-01,,118
P016,W01,2026-09-02,,118
P016,W01,2026-09-03,,118
P016,W01,2026-09-04,,118
P016,W01,2026-09-05,,118
P016,W01,2026-09-06,,118
P016,W01,2026-09-07,,118
P007,W06,2026-05-12,58,59
P007,W06,2026-05-13,52,59
P007,W06,2026-05-14,59,59
P007,W06,2026-05-15,57,59
P007,W06,2026-05-16,53,59
P007,W06,2026-05-17,54,59
P007,W06,2026-05-18,47,59
P007,W06,2026-05-19,66,59
P007,W06,2026-05-20,68,59
P007,W06,2026-05-21,52,59
P007,W06,2026-05-22,61,59
P007,W06,2026-05-23,58,59
P007,W06,2026-05-24,51,59
P007,W06,2026-05-25,58,59
P007,W06,2026-05-26,62,59
P007,W06,2026-05-27,54,59
P007,W06,2026-05-28,58,59
P007,W06,2026-05-29,55,59
P007,W06,2026-05-30,57,59
P007,W06,2026-05-31,61,59
P007,W06,2026-06-01,48,55
P007,W06,2026-06-02,63,55
P007,W06,2026-06-03,58,55
P007,W06,2026-06-04,45,55
P007,W06,2026-06-05,50,55
P007,W06,2026-06-06,50,55
P007,W06,2026-06-07,66,55
P007,W06,2026-06-08,51,55
P007,W06,2026-06-09,55,55
P007,W06,2026-06-10,56,55
P007,W06,2026-06-11,47,55
P007,W06,2026-06-12,61,55
P007,W06,2026-06-13,63,55
P007,W06,2026-06-14,54,55
P007,W06,2026-06-15,58,55
P007,W06,2026-06-16,63,55
P007,W06,2026-06-17,53,55
P007,W06,2026-06-18,54,55
P007,W06,2026-06-19,60,55
P007,W06,2026-06-20,61,55
P007,W06,2026-06-21,58,55
P007,W06,2026-06-22,47,55
P007,W06,2026-06-23,57,55
P007,W06,2026-06-24,59,55
P007,W06,2026-06-25,60,55
P007,W06,2026-06-26,57,55
P007,W06,2026-06-27,61,55
P007,W06,2026-06-28,57,55
P007,W06,2026-06-29,48,55
P007,W06,2026-06-30,57,55
P007,W06,2026-07-01,54,55
P007,W06,2026-07-02,56,55
P007,W06,2026-07-03,61,55
P007,W06,2026-07-04,60,55
P007,W06,2026-07-05,57,55
P007,W06,2026-07-06,52,55
P007,W06,2026-07-07,52,55
P007,W06,2026-07-08,48,55
P007,W06,2026-07-09,50,55
P007,W06,2026-07-10,56,55
P007,W06,2026-07-11,52,55
P007,W06,2026-07-12,51,55
P007,W06,2026-07-13,52,55
P007,W06,2026-07-14,51,55
P007,W06,2026-07-15,63,55
P007,W06,2026-07-16,57,55
P007,W06,2026-07-17,58,55
P007,W06,2026-07-18,47,55
P007,W06,2026-07-19,64,55
P007,W06,2026-07-20,47,55
P007,W06,2026-07-21,47,55
P007,W06,2026-07-22,50,55
P007,W06,2026-07-23,61,55
P007,W06,2026-07-24,52,55
P007,W06,2026-07-25,43,55
P007,W06,2026-07-26,50,55
P007,W06,2026-07-27,58,55
P007,W06,2026-07-28,51,55
P007,W06,2026-07-29,50,55
P007,W06,2026-07-30,58,55
P007,W06,2026-07-31,50,55
P007,W06,2026-08-01,61,56
P007,W06,2026-08-02,55,56
P007,W06,2026-08-03,55,56
P007,W06,2026-08-04,62,56
P007,W06,2026-08-05,53,56
P007,W06,2026-08-06,63,56
P007,W06,2026-08-07,55,56
P007,W06,2026-08-08,49,56
P007,W06,2026-08-09,60,56
P007,W06,2026-08-10,,56
P007,W06,2026-08-11,,56
P007,W06,2026-08-12,,56
P007,W06,2026-08-13,,56
P007,W06,2026-08-14,,56
P007,W06,2026-08-15,,56
P007,W06,2026-08-16,,56
P007,W06,2026-08-17,,56
P007,W06,2026-08-18,,56
P007,W06,2026-08-19,,56
P007,W06,2026-08-20,,56
P007,W06,2026-08-21,,56
P007,W06,2026-08-22,,56
P007,W06,2026-08-23,,56
P007,W06,2026-08-24,,56
P007,W06,2026-08-25,,56
P007,W06,2026-08-26,,56
P007,W06,2026-08-27,,56
P007,W06,2026-08-28,,56
P007,W06,2026-08-29,,56
P007,W06,2026-08-30,,56
P007,W06,2026-08-31,,56
P007,W06,2026-09-01,,57
P007,W06,2026-09-02,,57
P007,W06,2026-09-03,,57
P007,W06,2026-09-04,,57
P007,W06,2026-09-05,,57
P007,W06,2026-09-06,,57
P007,W06,2026-09-07,,57
P003,W04,2026-05-12,107,103
P003,W04,2026-05-13,94,103
P003,W04,2026-05-14,110,103
P003,W04,2026-05-15,116,103
P003,W04,2026-05-16,105,103
P003,W04,2026-05-17,96,103
P003,W04,2026-05-18,108,103
P003,W04,2026-05-19,121,103
P003,W04,2026-05-20,83,103
P003,W04,2026-05-21,98,103
P003,W04,2026-05-22,83,103
P003,W04,2026-05-23,92,103
P003,W04,2026-05-24,116,103
P003,W04,2026-05-25,114,103
P003,W04,2026-05-26,113,103
P003,W04,2026-05-27,101,103
P003,W04,2026-05-28,100,103
P003,W04,2026-05-29,99,103
P003,W04,2026-05-30,118,103
P003,W04,2026-05-31,119,103
P003,W04,2026-06-01,110,95
P003,W04,2026-06-02,89,95
P003,W04,2026-06-03,114,95
P003,W04,2026-06-04,89,95
P003,W04,2026-06-05,86,95
P003,W04,2026-06-06,76,95
P003,W04,2026-06-07,96,95
P003,W04,2026-06-08,86,95
P003,W04,2026-06-09,107,95
P003,W04,2026-06-10,94,95
P003,W04,2026-06-11,73,95
P003,W04,2026-06-12,97,95
P003,W04,2026-06-13,78,95
P003,W04,2026-06-14,93,95
P003,W04,2026-06-15,87,95
P003,W04,2026-06-16,91,95
P003,W04,2026-06-17,79,95
P003,W04,2026-06-18,107,95
P003,W04,2026-06-19,86,95
P003,W04,2026-06-20,79,95
P003,W04,2026-06-21,97,95
P003,W04,2026-06-22,89,95
P003,W04,2026-06-23,94,95
P003,W04,2026-06-24,86,95
P003,W04,2026-06-25,97,95
P003,W04,2026-06-26,96,95
P003,W04,2026-06-27,81,95
P003,W04,2026-06-28,92,95
P003,W04,2026-06-29,93,95
P003,W04,2026-06-30,94,95
P003,W04,2026-07-01,98,97
P003,W04,2026-07-02,93,97
P003,W04,2026-07-03,100,97
P003,W04,2026-07-04,117,97
P003,W04,2026-07-05,101,97
P003,W04,2026-07-06,89,97
P003,W04,2026-07-07,106,97
P003,W04,2026-07-08,87,97
P003,W04,2026-07-09,96,97
P003,W04,2026-07-10,119,97
P003,W04,2026-07-11,96,97
P003,W04,2026-07-12,84,97
P003,W04,2026-07-13,92,97
P003,W04,2026-07-14,111,97
P003,W04,2026-07-15,118,97
P003,W04,2026-07-16,100,97
P003,W04,2026-07-17,106,97
P003,W04,2026-07-18,88,97
P003,W04,2026-07-19,99,97
P003,W04,2026-07-20,98,97
P003,W04,2026-07-21,88,97
P003,W04,2026-07-22,110,97
P003,W04,2026-07-23,88,97
P003,W04,2026-07-24,97,97
P003,W04,2026-07-25,94,97
P003,W04,2026-07-26,103,97
P003,W04,2026-07-27,89,97
P003,W04,2026-07-28,109,97
P003,W04,2026-07-29,105,97
P003,W04,2026-07-30,109,97
P003,W04,2026-07-31,102,97
P003,W04,2026-08-01,92,98
P003,W04,2026-08-02,107,98
P003,W04,2026-08-03,108,98
P003,W04,2026-08-04,119,98
P003,W04,2026-08-05,89,98
P003,W04,2026-08-06,89,98
P003,W04,2026-08-07,100,98
P003,W04,2026-08-08,86,98
P003,W04,2026-08-09,107,98
P003,W04,2026-08-10,,98
P003,W04,2026-08-11,,98
P003,W04,2026-08-12,,98
P003,W04,2026-08-13,,98
P003,W04,2026-08-14,,98
P003,W04,2026-08-15,,98
P003,W04,2026-08-16,,98
P003,W04,2026-08-17,,98
P003,W04,2026-08-18,,98
P003,W04,2026-08-19,,98
P003,W04,2026-08-20,,98
P003,W04,2026-08-21,,98
P003,W04,2026-08-22,,98
P003,W04,2026-08-23,,98
P003,W04,2026-08-24,,98
P003,W04,2026-08-25,,98
P003,W04,2026-08-26,,98
P003,W04,2026-08-27,,98
P003,W04,2026-08-28,,98
P003,W04,2026-08-29,,98
P003,W04,2026-08-30,,98
P003,W04,2026-08-31,,98
P003,W04,2026-09-01,,100
P003,W04,2026-09-02,,100
P003,W04,2026-09-03,,100
P003,W04,2026-09-04,,100
P003,W04,2026-09-05,,100
P003,W04,2026-09-06,,100
P003,W04,2026-09-07,,100
P007,W02,2026-05-12,128,145
P007,W02,2026-05-13,139,145
P007,W02,2026-05-14,141,145
P007,W02,2026-05-15,177,145
P007,W02,2026-05-16,161,145
P007,W02,2026-05-17,146,145
P007,W02,2026-05-18,137,145
P007,W02,2026-05-19,163,145
P007,W02,2026-05-20,139,145
P007,W02,2026-05-21,155,145
P007,W02,2026-05-22,133,145
P007,W02,2026-05-23,136,145
P007,W02,2026-05-24,137,145
P007,W02,2026-05-25,150,145
P007,W02,2026-05-26,158,145
P007,W02,2026-05-27,121,145
P007,W02,2026-05-28,127,145
P007,W02,2026-05-29,146,145
P007,W02,2026-05-30,174,145
P007,W02,2026-05-31,144,145
P007,W02,2026-06-01,155,134
P007,W02,2026-06-02,150,134
P007,W02,2026-06-03,122,134
P007,W02,2026-06-04,162,134
P007,W02,2026-06-05,144,134
P007,W02,2026-06-06,145,134
P007,W02,2026-06-07,134,134
P007,W02,2026-06-08,130,134
P007,W02,2026-06-09,116,134
P007,W02,2026-06-10,148,134
P007,W02,2026-06-11,144,134
P007,W02,2026-06-12,135,134
P007,W02,2026-06-13,137,134
P007,W02,2026-06-14,125,134
P007,W02,2026-06-15,127,134
P007,W02,2026-06-16,133,134
P007,W02,2026-06-17,158,134
P007,W02,2026-06-18,135,134
P007,W02,2026-06-19,136,134
P007,W02,2026-06-20,160,134
P007,W02,2026-06-21,115,134
P007,W02,2026-06-22,125,134
P007,W02,2026-06-23,117,134
P007,W02,2026-06-24,137,134
P007,W02,2026-06-25,132,134
P007,W02,2026-06-26,123,134
P007,W02,2026-06-27,136,134
P007,W02,2026-06-28,104,134
P007,W02,2026-06-29,123,134
P007,W02,2026-06-30,134,134
P007,W02,2026-07-01,135,136
P007,W02,2026-07-02,122,136
P007,W02,2026-07-03,139,136
P007,W02,2026-07-04,144,136
P007,W02,2026-07-05,126,136
P007,W02,2026-07-06,123,136
P007,W02,2026-07-07,142,136
P007,W02,2026-07-08,109,136
P007,W02,2026-07-09,124,136
P007,W02,2026-07-10,132,136
P007,W02,2026-07-11,130,136
P007,W02,2026-07-12,149,136
P007,W02,2026-07-13,129,136
P007,W02,2026-07-14,146,136
P007,W02,2026-07-15,163,136
P007,W02,2026-07-16,119,136
P007,W02,2026-07-17,169,136
P007,W02,2026-07-18,136,136
P007,W02,2026-07-19,112,136
P007,W02,2026-07-20,142,136
P007,W02,2026-07-21,154,136
P007,W02,2026-07-22,161,136
P007,W02,2026-07-23,140,136
P007,W02,2026-07-24,124,136
P007,W02,2026-07-25,124,136
P007,W02,2026-07-26,127,136
P007,W02,2026-07-27,143,136
P007,W02,2026-07-28,126,136
P007,W02,2026-07-29,112,136
P007,W02,2026-07-30,147,136
P007,W02,2026-07-31,143,136
P007,W02,2026-08-01,115,138
P007,W02,2026-08-02,143,138
P007,W02,2026-08-03,133,138
P007,W02,2026-08-04,138,138
P007,W02,2026-08-05,124,138
P007,W02,2026-08-06,138,138
P007,W02,2026-08-07,150,138
P007,W02,2026-08-08,151,138
P007,W02,2026-08-09,121,138
P007,W02,2026-08-10,,138
P007,W02,2026-08-11,,138
P007,W02,2026-08-12,,138
P007,W02,2026-08-13,,138
P007,W02,2026-08-14,,138
P007,W02,2026-08-15,,138
P007,W02,2026-08-16,,138
P007,W02,2026-08-17,,138
P007,W02,2026-08-18,,138
P007,W02,2026-08-19,,138
P007,W02,2026-08-20,,138
P007,W02,2026-08-21,,138
P007,W02,2026-08-22,,138
P007,W02,2026-08-23,,138
P007,W02,2026-08-24,,138
P007,W02,2026-08-25,,138
P007,W02,2026-08-26,,138
P007,W02,2026-08-27,,138
P007,W02,2026-08-28,,138
P007,W02,2026-08-29,,138
P007,W02,2026-08-30,,138
P007,W02,2026-08-31,,138
P007,W02,2026-09-01,,140
P007,W02,2026-09-02,,140
P007,W02,2026-09-03,,140
P007,W02,2026-09-04,,140
P007,W02,2026-09-05,,140
P007,W02,2026-09-06,,140
P007,W02,2026-09-07,,140
P010,W04,2026-05-12,81,80
P010,W04,2026-05-13,78,80
P010,W04,2026-05-14,83,80
P010,W04,2026-05-15,83,80
P010,W04,2026-05-16,100,80
P010,W04,2026-05-17,75,80
P010,W04,2026-05-18,70,80
P010,W04,2026-05-19,79,80
P010,W04,2026-05-20,84,80
P010,W04,2026-05-21,83,80
P010,W04,2026-05-22,75,80
P010,W04,2026-05-23,87,80
P010,W04,2026-05-24,64,80
P010,W04,2026-05-25,70,80
P010,W04,2026-05-26,88,80
P010,W04,2026-05-27,66,80
P010,W04,2026-05-28,79,80
P010,W04,2026-05-29,79,80
P010,W04,2026-05-30,91,80
P010,W04,2026-05-31,81,80
P010,W04,2026-06-01,79,74
P010,W04,2026-06-02,60,74
P010,W04,2026-06-03,80,74
P010,W04,2026-06-04,65,74
P010,W04,2026-06-05,63,74
P010,W04,2026-06-06,90,74
P010,W04,2026-06-07,81,74
P010,W04,2026-06-08,68,74
P010,W04,2026-06-09,73,74
P010,W04,2026-06-10,78,74
P010,W04,2026-06-11,81,74
P010,W04,2026-06-12,69,74
P010,W04,2026-06-13,65,74
P010,W04,2026-06-14,81,74
P010,W04,2026-06-15,82,74
P010,W04,2026-06-16,77,74
P010,W04,2026-06-17,68,74
P010,W04,2026-06-18,70,74
P010,W04,2026-06-19,62,74
P010,W04,2026-06-20,82,74
P010,W04,2026-06-21,79,74
P010,W04,2026-06-22,78,74
P010,W04,2026-06-23,73,74
P010,W04,2026-06-24,84,74
P010,W04,2026-06-25,86,74
P010,W04,2026-06-26,76,74
P010,W04,2026-06-27,72,74
P010,W04,2026-06-28,76,74
P010,W04,2026-06-29,69,74
P010,W04,2026-06-30,79,74
P010,W04,2026-07-01,89,75
P010,W04,2026-07-02,78,75
P010,W04,2026-07-03,67,75
P010,W04,2026-07-04,70,75
P010,W04,2026-07-05,68,75
P010,W04,2026-07-06,87,75
P010,W04,2026-07-07,70,75
P010,W04,2026-07-08,73,75
P010,W04,2026-07-09,73,75
P010,W04,2026-07-10,66,75
P010,W04,2026-07-11,74,75
P010,W04,2026-07-12,65,75
P010,W04,2026-07-13,78,75
P010,W04,2026-07-14,64,75
P010,W04,2026-07-15,78,75
P010,W04,2026-07-16,60,75
P010,W04,2026-07-17,77,75
P010,W04,2026-07-18,69,75
P010,W04,2026-07-19,80,75
P010,W04,2026-07-20,83,75
P010,W04,2026-07-21,69,75
P010,W04,2026-07-22,84,75
P010,W04,2026-07-23,80,75
P010,W04,2026-07-24,73,75
P010,W04,2026-07-25,69,75
P010,W04,2026-07-26,66,75
P010,W04,2026-07-27,68,75
P010,W04,2026-07-28,77,75
P010,W04,2026-07-29,67,75
P010,W04,2026-07-30,70,75
P010,W04,2026-07-31,67,75
P010,W04,2026-08-01,74,76
P010,W04,2026-08-02,89,76
P010,W04,2026-08-03,77,76
P010,W04,2026-08-04,73,76
P010,W04,2026-08-05,84,76
P010,W04,2026-08-06,80,76
P010,W04,2026-08-07,71,76
P010,W04,2026-08-08,75,76
P010,W04,2026-08-09,88,76
P010,W04,2026-08-10,,76
P010,W04,2026-08-11,,76
P010,W04,2026-08-12,,76
P010,W04,2026-08-13,,76
P010,W04,2026-08-14,,76
P010,W04,2026-08-15,,76
P010,W04,2026-08-16,,76
P010,W04,2026-08-17,,76
P010,W04,2026-08-18,,76
P010,W04,2026-08-19,,76
P010,W04,2026-08-20,,76
P010,W04,2026-08-21,,76
P010,W04,2026-08-22,,76
P010,W04,2026-08-23,,76
P010,W04,2026-08-24,,76
P010,W04,2026-08-25,,76
P010,W04,2026-08-26,,76
P010,W04,2026-08-27,,76
P010,W04,2026-08-28,,76
P010,W04,2026-08-29,,76
P010,W04,2026-08-30,,76
P010,W04,2026-08-31,,76
P010,W04,2026-09-01,,77
P010,W04,2026-09-02,,77
P010,W04,2026-09-03,,77
P010,W04,2026-09-04,,77
P010,W04,2026-09-05,,77
P010,W04,2026-09-06,,77
P010,W04,2026-09-07,,77
P029,W04,2026-05-12,133,149
P029,W04,2026-05-13,151,149
P029,W04,2026-05-14,161,149
P029,W04,2026-05-15,138,149
P029,W04,2026-05-16,133,149
P029,W04,2026-05-17,131,149
P029,W04,2026-05-18,184,149
P029,W04,2026-05-19,155,149
P029,W04,2026-05-20,148,149
P029,W04,2026-05-21,159,149
P029,W04,2026-05-22,149,149
P029,W04,2026-05-23,139,149
P029,W04,2026-05-24,149,149
P029,W04,2026-05-25,139,149
P029,W04,2026-05-26,136,149
P029,W04,2026-05-27,168,149
P029,W04,2026-05-28,144,149
P029,W04,2026-05-29,163,149
P029,W04,2026-05-30,152,149
P029,W04,2026-05-31,148,149
P029,W04,2026-06-01,140,138
P029,W04,2026-06-02,131,138
P029,W04,2026-06-03,147,138
P029,W04,2026-06-04,129,138
P029,W04,2026-06-05,125,138
P029,W04,2026-06-06,136,138
P029,W04,2026-06-07,144,138
P029,W04,2026-06-08,147,138
P029,W04,2026-06-09,133,138
P029,W04,2026-06-10,151,138
P029,W04,2026-06-11,115,138
P029,W04,2026-06-12,121,138
P029,W04,2026-06-13,120,138
P029,W04,2026-06-14,140,138
P029,W04,2026-06-15,154,138
P029,W04,2026-06-16,123,138
P029,W04,2026-06-17,135,138
P029,W04,2026-06-18,115,138
P029,W04,2026-06-19,144,138
P029,W04,2026-06-20,113,138
P029,W04,2026-06-21,140,138
P029,W04,2026-06-22,138,138
P029,W04,2026-06-23,137,138
P029,W04,2026-06-24,158,138
P029,W04,2026-06-25,119,138
P029,W04,2026-06-26,135,138
P029,W04,2026-06-27,116,138
P029,W04,2026-06-28,153,138
P029,W04,2026-06-29,131,138
P029,W04,2026-06-30,121,138
P029,W04,2026-07-01,138,140
P029,W04,2026-07-02,144,140
P029,W04,2026-07-03,160,140
P029,W04,2026-07-04,135,140
P029,W04,2026-07-05,130,140
P029,W04,2026-07-06,147,140
P029,W04,2026-07-07,164,140
P029,W04,2026-07-08,153,140
P029,W04,2026-07-09,122,140
P029,W04,2026-07-10,144,140
P029,W04,2026-07-11,157,140
P029,W04,2026-07-12,134,140
P029,W04,2026-07-13,121,140
P029,W04,2026-07-14,127,140
P029,W04,2026-07-15,124,140
P029,W04,2026-07-16,129,140
P029,W04,2026-07-17,155,140
P029,W04,2026-07-18,147,140
P029,W04,2026-07-19,140,140
P029,W04,2026-07-20,117,140
P029,W04,2026-07-21,137,140
P029,W04,2026-07-22,144,140
P029,W04,2026-07-23,136,140
P029,W04,2026-07-24,140,140
P029,W04,2026-07-25,152,140
P029,W04,2026-07-26,123,140
P029,W04,2026-07-27,125,140
P029,W04,2026-07-28,138,140
P029,W04,2026-07-29,143,140
P029,W04,2026-07-30,155,140
P029,W04,2026-07-31,122,140
P029,W04,2026-08-01,150,142
P029,W04,2026-08-02,144,142
P029,W04,2026-08-03,140,142
P029,W04,2026-08-04,150,142
P029,W04,2026-08-05,123,142
P029,W04,2026-08-06,121,142
P029,W04,2026-08-07,149,142
P029,W04,2026-08-08,130,142
P029,W04,2026-08-09,120,142
P029,W04,2026-08-10,,142
P029,W04,2026-08-11,,142
P029,W04,2026-08-12,,142
P029,W04,2026-08-13,,142
P029,W04,2026-08-14,,142
P029,W04,2026-08-15,,142
P029,W04,2026-08-16,,142
P029,W04,2026-08-17,,142
P029,W04,2026-08-18,,142
P029,W04,2026-08-19,,142
P029,W04,2026-08-20,,142
P029,W04,2026-08-21,,142
P029,W04,2026-08-22,,142
P029,W04,2026-08-23,,142
P029,W04,2026-08-24,,142
P029,W04,2026-08-25,,142
P029,W04,2026-08-26,,142
P029,W04,2026-08-27,,142
P029,W04,2026-08-28,,142
P029,W04,2026-08-29,,142
P029,W04,2026-08-30,,142
P029,W04,2026-08-31,,142
P029,W04,2026-09-01,,144
P029,W04,2026-09-02,,144
P029,W04,2026-09-03,,144
P029,W04,2026-09-04,,144
P029,W04,2026-09-05,,144
P029,W04,2026-09-06,,144
P029,W04,2026-09-07,,144
P019,W05,2026-05-12,130,140
P019,W05,2026-05-13,130,140
P019,W05,2026-05-14,151,140
P019,W05,2026-05-15,138,140
P019,W05,2026-05-16,151,140
P019,W05,2026-05-17,118,140
P019,W05,2026-05-18,144,140
P019,W05,2026-05-19,154,140
P019,W05,2026-05-20,116,140
P019,W05,2026-05-21,156,140
P019,W05,2026-05-22,132,140
P019,W05,2026-05-23,128,140
P019,W05,2026-05-24,144,140
P019,W05,2026-05-25,144,140
P019,W05,2026-05-26,149,140
P019,W05,2026-05-27,130,140
P019,W05,2026-05-28,117,140
P019,W05,2026-05-29,149,140
P019,W05,2026-05-30,136,140
P019,W05,2026-05-31,138,140
P019,W05,2026-06-01,105,129
P019,W05,2026-06-02,147,129
P019,W05,2026-06-03,116,129
P019,W05,2026-06-04,117,129
P019,W05,2026-06-05,119,129
P019,W05,2026-06-06,130,129
P019,W05,2026-06-07,108,129
P019,W05,2026-06-08,134,129
P019,W05,2026-06-09,148,129
P019,W05,2026-06-10,137,129
P019,W05,2026-06-11,150,129
P019,W05,2026-06-12,134,129
P019,W05,2026-06-13,117,129
P019,W05,2026-06-14,138,129
P019,W05,2026-06-15,133,129
P019,W05,2026-06-16,136,129
P019,W05,2026-06-17,117,129
P019,W05,2026-06-18,104,129
P019,W05,2026-06-19,123,129
P019,W05,2026-06-20,132,129
P019,W05,2026-06-21,132,129
P019,W05,2026-06-22,139,129
P019,W05,2026-06-23,140,129
P019,W05,2026-06-24,132,129
P019,W05,2026-06-25,129,129
P019,W05,2026-06-26,126,129
P019,W05,2026-06-27,152,129
P019,W05,2026-06-28,114,129
P019,W05,2026-06-29,114,129
P019,W05,2026-06-30,112,129
P019,W05,2026-07-01,147,131
P019,W05,2026-07-02,106,131
P019,W05,2026-07-03,122,131
P019,W05,2026-07-04,116,131
P019,W05,2026-07-05,108,131
P019,W05,2026-07-06,131,131
P019,W05,2026-07-07,139,131
P019,W05,2026-07-08,108,131
P019,W05,2026-07-09,125,131
P019,W05,2026-07-10,156,131
P019,W05,2026-07-11,127,131
P019,W05,2026-07-12,116,131
P019,W05,2026-07-13,103,131
P019,W05,2026-07-14,128,131
P019,W05,2026-07-15,127,131
P019,W05,2026-07-16,135,131
P019,W05,2026-07-17,108,131
P019,W05,2026-07-18,134,131
P019,W05,2026-07-19,108,131
P019,W05,2026-07-20,118,131
P019,W05,2026-07-21,141,131
P019,W05,2026-07-22,129,131
P019,W05,2026-07-23,105,131
P019,W05,2026-07-24,153,131
P019,W05,2026-07-25,125,131
P019,W05,2026-07-26,106,131
P019,W05,2026-07-27,148,131
P019,W05,2026-07-28,117,131
P019,W05,2026-07-29,120,131
P019,W05,2026-07-30,153,131
P019,W05,2026-07-31,125,131
P019,W05,2026-08-01,164,133
P019,W05,2026-08-02,142,133
P019,W05,2026-08-03,136,133
P019,W05,2026-08-04,129,133
P019,W05,2026-08-05,133,133
P019,W05,2026-08-06,127,133
P019,W05,2026-08-07,112,133
P019,W05,2026-08-08,126,133
P019,W05,2026-08-09,141,133
P019,W05,2026-08-10,,133
P019,W05,2026-08-11,,133
P019,W05,2026-08-12,,133
P019,W05,2026-08-13,,133
P019,W05,2026-08-14,,133
P019,W05,2026-08-15,,133
P019,W05,2026-08-16,,133
P019,W05,2026-08-17,,133
P019,W05,2026-08-18,,133
P019,W05,2026-08-19,,133
P019,W05,2026-08-20,,133
P019,W05,2026-08-21,,133
P019,W05,2026-08-22,,133
P019,W05,2026-08-23,,133
P019,W05,2026-08-24,,133
P019,W05,2026-08-25,,133
P019,W05,2026-08-26,,133
P019,W05,2026-08-27,,133
P019,W05,2026-08-28,,133
P019,W05,2026-08-29,,133
P019,W05,2026-08-30,,133
P019,W05,2026-08-31,,133
P019,W05,2026-09-01,,136
P019,W05,2026-09-02,,136
P019,W05,2026-09-03,,136
P019,W05,2026-09-04,,136
P019,W05,2026-09-05,,136
P019,W05,2026-09-06,,136
P019,W05,2026-09-07,,136
P026,W05,2026-05-12,196,187
P026,W05,2026-05-13,180,187
P026,W05,2026-05-14,176,187
P026,W05,2026-05-15,218,187
P026,W05,2026-05-16,174,187
P026,W05,2026-05-17,164,187
P026,W05,2026-05-18,210,187
P026,W05,2026-05-19,159,187
P026,W05,2026-05-20,178,187
P026,W05,2026-05-21,173,187
P026,W05,2026-05-22,158,187
P026,W05,2026-05-23,207,187
P026,W05,2026-05-24,184,187
P026,W05,2026-05-25,180,187
P026,W05,2026-05-26,163,187
P026,W05,2026-05-27,189,187
P026,W05,2026-05-28,171,187
P026,W05,2026-05-29,192,187
P026,W05,2026-05-30,178,187
P026,W05,2026-05-31,173,187
P026,W05,2026-06-01,208,172
P026,W05,2026-06-02,206,172
P026,W05,2026-06-03,189,172
P026,W05,2026-06-04,172,172
P026,W05,2026-06-05,158,172
P026,W05,2026-06-06,181,172
P026,W05,2026-06-07,135,172
P026,W05,2026-06-08,192,172
P026,W05,2026-06-09,171,172
P026,W05,2026-06-10,189,172
P026,W05,2026-06-11,184,172
P026,W05,2026-06-12,184,172
P026,W05,2026-06-13,168,172
P026,W05,2026-06-14,175,172
P026,W05,2026-06-15,180,172
P026,W05,2026-06-16,136,172
P026,W05,2026-06-17,179,172
P026,W05,2026-06-18,144,172
P026,W05,2026-06-19,175,172
P026,W05,2026-06-20,159,172
P026,W05,2026-06-21,168,172
P026,W05,2026-06-22,164,172
P026,W05,2026-06-23,173,172
P026,W05,2026-06-24,187,172
P026,W05,2026-06-25,178,172
P026,W05,2026-06-26,141,172
P026,W05,2026-06-27,202,172
P026,W05,2026-06-28,146,172
P026,W05,2026-06-29,173,172
P026,W05,2026-06-30,209,172
P026,W05,2026-07-01,185,175
P026,W05,2026-07-02,165,175
P026,W05,2026-07-03,164,175
P026,W05,2026-07-04,186,175
P026,W05,2026-07-05,197,175
P026,W05,2026-07-06,184,175
P026,W05,2026-07-07,180,175
P026,W05,2026-07-08,207,175
P026,W05,2026-07-09,163,175
P026,W05,2026-07-10,173,175
P026,W05,2026-07-11,198,175
P026,W05,2026-07-12,188,175
P026,W05,2026-07-13,167,175
P026,W05,2026-07-14,180,175
P026,W05,2026-07-15,150,175
P026,W05,2026-07-16,162,175
P026,W05,2026-07-17,158,175
P026,W05,2026-07-18,148,175
P026,W05,2026-07-19,140,175
P026,W05,2026-07-20,157,175
P026,W05,2026-07-21,191,175
P026,W05,2026-07-22,198,175
P026,W05,2026-07-23,194,175
P026,W05,2026-07-24,159,175
P026,W05,2026-07-25,185,175
P026,W05,2026-07-26,175,175
P026,W05,2026-07-27,192,175
P026,W05,2026-07-28,183,175
P026,W05,2026-07-29,167,175
P026,W05,2026-07-30,180,175
P026,W05,2026-07-31,154,175
P026,W05,2026-08-01,208,178
P026,W05,2026-08-02,192,178
P026,W05,2026-08-03,174,178
P026,W05,2026-08-04,179,178
P026,W05,2026-08-05,171,178
P026,W05,2026-08-06,168,178
P026,W05,2026-08-07,190,178
P026,W05,2026-08-08,149,178
P026,W05,2026-08-09,148,178
P026,W05,2026-08-10,,178
P026,W05,2026-08-11,,178
P026,W05,2026-08-12,,178
P026,W05,2026-08-13,,178
P026,W05,2026-08-14,,178
P026,W05,2026-08-15,,178
P026,W05,2026-08-16,,178
P026,W05,2026-08-17,,178
P026,W05,2026-08-18,,178
P026,W05,2026-08-19,,178
P026,W05,2026-08-20,,178
P026,W05,2026-08-21,,178
P026,W05,2026-08-22,,178
P026,W05,2026-08-23,,178
P026,W05,2026-08-24,,178
P026,W05,2026-08-25,,178
P026,W05,2026-08-26,,178
P026,W05,2026-08-27,,178
P026,W05,2026-08-28,,178
P026,W05,2026-08-29,,178
P026,W05,2026-08-30,,178
P026,W05,2026-08-31,,178
P026,W05,2026-09-01,,181
P026,W05,2026-09-02,,181
P026,W05,2026-09-03,,181
P026,W05,2026-09-04,,181
P026,W05,2026-09-05,,181
P026,W05,2026-09-06,,181
P026,W05,2026-09-07,,181
P016,W04,2026-05-12,101,95
P016,W04,2026-05-13,90,95
P016,W04,2026-05-14,95,95
P016,W04,2026-05-15,104,95
P016,W04,2026-05-16,86,95
P016,W04,2026-05-17,79,95
P016,W04,2026-05-18,88,95
P016,W04,2026-05-19,84,95
P016,W04,2026-05-20,77,95
P016,W04,2026-05-21,97,95
P016,W04,2026-05-22,97,95
P016,W04,2026-05-23,100,95
P016,W04,2026-05-24,89,95
P016,W04,2026-05-25,104,95
P016,W04,2026-05-26,118,95
P016,W04,2026-05-27,88,95
P016,W04,2026-05-28,95,95
P016,W04,2026-05-29,109,95
P016,W04,2026-05-30,81,95
P016,W04,2026-05-31,79,95
P016,W04,2026-06-01,94,88
P016,W04,2026-06-02,98,88
P016,W04,2026-06-03,86,88
P016,W04,2026-06-04,92,88
P016,W04,2026-06-05,90,88
P016,W04,2026-06-06,81,88
P016,W04,2026-06-07,81,88
P016,W04,2026-06-08,88,88
P016,W04,2026-06-09,96,88
P016,W04,2026-06-10,84,88
P016,W04,2026-06-11,105,88
P016,W04,2026-06-12,90,88
P016,W04,2026-06-13,94,88
P016,W04,2026-06-14,69,88
P016,W04,2026-06-15,100,88
P016,W04,2026-06-16,89,88
P016,W04,2026-06-17,77,88
P016,W04,2026-06-18,98,88
P016,W04,2026-06-19,97,88
P016,W04,2026-06-20,93,88
P016,W04,2026-06-21,77,88
P016,W04,2026-06-22,81,88
P016,W04,2026-06-23,90,88
P016,W04,2026-06-24,87,88
P016,W04,2026-06-25,78,88
P016,W04,2026-06-26,90,88
P016,W04,2026-06-27,95,88
P016,W04,2026-06-28,84,88
P016,W04,2026-06-29,81,88
P016,W04,2026-06-30,87,88
P016,W04,2026-07-01,107,90
P016,W04,2026-07-02,82,90
P016,W04,2026-07-03,89,90
P016,W04,2026-07-04,88,90
P016,W04,2026-07-05,93,90
P016,W04,2026-07-06,80,90
P016,W04,2026-07-07,95,90
P016,W04,2026-07-08,83,90
P016,W04,2026-07-09,87,90
P016,W04,2026-07-10,82,90
P016,W04,2026-07-11,97,90
P016,W04,2026-07-12,89,90
P016,W04,2026-07-13,106,90
P016,W04,2026-07-14,79,90
P016,W04,2026-07-15,82,90
P016,W04,2026-07-16,86,90
P016,W04,2026-07-17,92,90
P016,W04,2026-07-18,98,90
P016,W04,2026-07-19,85,90
P016,W04,2026-07-20,78,90
P016,W04,2026-07-21,96,90
P016,W04,2026-07-22,76,90
P016,W04,2026-07-23,102,90
P016,W04,2026-07-24,92,90
P016,W04,2026-07-25,75,90
P016,W04,2026-07-26,82,90
P016,W04,2026-07-27,81,90
P016,W04,2026-07-28,86,90
P016,W04,2026-07-29,92,90
P016,W04,2026-07-30,85,90
P016,W04,2026-07-31,80,90
P016,W04,2026-08-01,75,91
P016,W04,2026-08-02,105,91
P016,W04,2026-08-03,93,91
P016,W04,2026-08-04,89,91
P016,W04,2026-08-05,83,91
P016,W04,2026-08-06,79,91
P016,W04,2026-08-07,87,91
P016,W04,2026-08-08,86,91
P016,W04,2026-08-09,97,91
P016,W04,2026-08-10,,91
P016,W04,2026-08-11,,91
P016,W04,2026-08-12,,91
P016,W04,2026-08-13,,91
P016,W04,2026-08-14,,91
P016,W04,2026-08-15,,91
P016,W04,2026-08-16,,91
P016,W04,2026-08-17,,91
P016,W04,2026-08-18,,91
P016,W04,2026-08-19,,91
P016,W04,2026-08-20,,91
P016,W04,2026-08-21,,91
P016,W04,2026-08-22,,91
P016,W04,2026-08-23,,91
P016,W04,2026-08-24,,91
P016,W04,2026-08-25,,91
P016,W04,2026-08-26,,91
P016,W04,2026-08-27,,91
P016,W04,2026-08-28,,91
P016,W04,2026-08-29,,91
P016,W04,2026-08-30,,91
P016,W04,2026-08-31,,91
P016,W04,2026-09-01,,92
P016,W04,2026-09-02,,92
P016,W04,2026-09-03,,92
P016,W04,2026-09-04,,92
P016,W04,2026-09-05,,92
P016,W04,2026-09-06,,92
P016,W04,2026-09-07,,92
P023,W08,2026-05-12,131,126
P023,W08,2026-05-13,127,126
P023,W08,2026-05-14,128,126
P023,W08,2026-05-15,128,126
P023,W08,2026-05-16,111,126
P023,W08,2026-05-17,121,126
P023,W08,2026-05-18,139,126
P023,W08,2026-05-19,137,126
P023,W08,2026-05-20,144,126
P023,W08,2026-05-21,118,126
P023,W08,2026-05-22,104,126
P023,W08,2026-05-23,138,126
P023,W08,2026-05-24,145,126
P023,W08,2026-05-25,141,126
P023,W08,2026-05-26,122,126
P023,W08,2026-05-27,129,126
P023,W08,2026-05-28,101,126
P023,W08,2026-05-29,149,126
P023,W08,2026-05-30,121,126
P023,W08,2026-05-31,139,126
P023,W08,2026-06-01,130,117
P023,W08,2026-06-02,139,117
P023,W08,2026-06-03,138,117
P023,W08,2026-06-04,125,117
P023,W08,2026-06-05,137,117
P023,W08,2026-06-06,112,117
P023,W08,2026-06-07,93,117
P023,W08,2026-06-08,126,117
P023,W08,2026-06-09,108,117
P023,W08,2026-06-10,142,117
P023,W08,2026-06-11,91,117
P023,W08,2026-06-12,123,117
P023,W08,2026-06-13,99,117
P023,W08,2026-06-14,104,117
P023,W08,2026-06-15,114,117
P023,W08,2026-06-16,130,117
P023,W08,2026-06-17,113,117
P023,W08,2026-06-18,115,117
P023,W08,2026-06-19,135,117
P023,W08,2026-06-20,114,117
P023,W08,2026-06-21,144,117
P023,W08,2026-06-22,95,117
P023,W08,2026-06-23,118,117
P023,W08,2026-06-24,108,117
P023,W08,2026-06-25,96,117
P023,W08,2026-06-26,108,117
P023,W08,2026-06-27,96,117
P023,W08,2026-06-28,133,117
P023,W08,2026-06-29,128,117
P023,W08,2026-06-30,132,117
P023,W08,2026-07-01,128,118
P023,W08,2026-07-02,110,118
P023,W08,2026-07-03,137,118
P023,W08,2026-07-04,109,118
P023,W08,2026-07-05,132,118
P023,W08,2026-07-06,117,118
P023,W08,2026-07-07,119,118
P023,W08,2026-07-08,128,118
P023,W08,2026-07-09,123,118
P023,W08,2026-07-10,128,118
P023,W08,2026-07-11,130,118
P023,W08,2026-07-12,128,118
P023,W08,2026-07-13,129,118
P023,W08,2026-07-14,134,118
P023,W08,2026-07-15,123,118
P023,W08,2026-07-16,135,118
P023,W08,2026-07-17,105,118
P023,W08,2026-07-18,126,118
P023,W08,2026-07-19,132,118
P023,W08,2026-07-20,140,118
P023,W08,2026-07-21,92,118
P023,W08,2026-07-22,123,118
P023,W08,2026-07-23,120,118
P023,W08,2026-07-24,118,118
P023,W08,2026-07-25,118,118
P023,W08,2026-07-26,101,118
P023,W08,2026-07-27,132,118
P023,W08,2026-07-28,120,118
P023,W08,2026-07-29,132,118
P023,W08,2026-07-30,133,118
P023,W08,2026-07-31,117,118
P023,W08,2026-08-01,133,120
P023,W08,2026-08-02,116,120
P023,W08,2026-08-03,111,120
P023,W08,2026-08-04,149,120
P023,W08,2026-08-05,115,120
P023,W08,2026-08-06,133,120
P023,W08,2026-08-07,109,120
P023,W08,2026-08-08,110,120
P023,W08,2026-08-09,129,120
P023,W08,2026-08-10,,120
P023,W08,2026-08-11,,120
P023,W08,2026-08-12,,120
P023,W08,2026-08-13,,120
P023,W08,2026-08-14,,120
P023,W08,2026-08-15,,120
P023,W08,2026-08-16,,120
P023,W08,2026-08-17,,120
P023,W08,2026-08-18,,120
P023,W08,2026-08-19,,120
P023,W08,2026-08-20,,120
P023,W08,2026-08-21,,120
P023,W08,2026-08-22,,120
P023,W08,2026-08-23,,120
P023,W08,2026-08-24,,120
P023,W08,2026-08-25,,120
P023,W08,2026-08-26,,120
P023,W08,2026-08-27,,120
P023,W08,2026-08-28,,120
P023,W08,2026-08-29,,120
P023,W08,2026-08-30,,120
P023,W08,2026-08-31,,120
P023,W08,2026-09-01,,122
P023,W08,2026-09-02,,122
P023,W08,2026-09-03,,122
P023,W08,2026-09-04,,122
P023,W08,2026-09-05,,122
P023,W08,2026-09-06,,122
P023,W08,2026-09-07,,122
P004,W08,2026-05-12,101,109
P004,W08,2026-05-13,121,109
P004,W08,2026-05-14,102,109
P004,W08,2026-05-15,115,109
P004,W08,2026-05-16,116,109
P004,W08,2026-05-17,122,109
P004,W08,2026-05-18,105,109
P004,W08,2026-05-19,100,109
P004,W08,2026-05-20,98,109
P004,W08,2026-05-21,101,109
P004,W08,2026-05-22,101,109
P004,W08,2026-05-23,110,109
P004,W08,2026-05-24,121,109
P004,W08,2026-05-25,130,109
P004,W08,2026-05-26,102,109
P004,W08,2026-05-27,125,109
P004,W08,2026-05-28,116,109
P004,W08,2026-05-29,121,109
P004,W08,2026-05-30,122,109
P004,W08,2026-05-31,89,109
P004,W08,2026-06-01,92,101
P004,W08,2026-06-02,88,101
P004,W08,2026-06-03,94,101
P004,W08,2026-06-04,123,101
P004,W08,2026-06-05,88,101
P004,W08,2026-06-06,96,101
P004,W08,2026-06-07,118,101
P004,W08,2026-06-08,92,101
P004,W08,2026-06-09,86,101
P004,W08,2026-06-10,99,101
P004,W08,2026-06-11,101,101
P004,W08,2026-06-12,94,101
P004,W08,2026-06-13,99,101
P004,W08,2026-06-14,90,101
P004,W08,2026-06-15,82,101
P004,W08,2026-06-16,87,101
P004,W08,2026-06-17,102,101
P004,W08,2026-06-18,122,101
P004,W08,2026-06-19,103,101
P004,W08,2026-06-20,87,101
P004,W08,2026-06-21,114,101
P004,W08,2026-06-22,86,101
P004,W08,2026-06-23,105,101
P004,W08,2026-06-24,89,101
P004,W08,2026-06-25,102,101
P004,W08,2026-06-26,93,101
P004,W08,2026-06-27,94,101
P004,W08,2026-06-28,103,101
P004,W08,2026-06-29,102,101
P004,W08,2026-06-30,107,101
P004,W08,2026-07-01,86,102
P004,W08,2026-07-02,95,102
P004,W08,2026-07-03,86,102
P004,W08,2026-07-04,94,102
P004,W08,2026-07-05,101,102
P004,W08,2026-07-06,110,102
P004,W08,2026-07-07,96,102
P004,W08,2026-07-08,90,102
P004,W08,2026-07-09,116,102
P004,W08,2026-07-10,98,102
P004,W08,2026-07-11,90,102
P004,W08,2026-07-12,92,102
P004,W08,2026-07-13,117,102
P004,W08,2026-07-14,96,102
P004,W08,2026-07-15,113,102
P004,W08,2026-07-16,102,102
P004,W08,2026-07-17,87,102
P004,W08,2026-07-18,109,102
P004,W08,2026-07-19,116,102
P004,W08,2026-07-20,88,102
P004,W08,2026-07-21,107,102
P004,W08,2026-07-22,105,102
P004,W08,2026-07-23,85,102
P004,W08,2026-07-24,83,102
P004,W08,2026-07-25,93,102
P004,W08,2026-07-26,108,102
P004,W08,2026-07-27,88,102
P004,W08,2026-07-28,98,102
P004,W08,2026-07-29,95,102
P004,W08,2026-07-30,101,102
P004,W08,2026-07-31,106,102
P004,W08,2026-08-01,90,104
P004,W08,2026-08-02,92,104
P004,W08,2026-08-03,101,104
P004,W08,2026-08-04,96,104
P004,W08,2026-08-05,118,104
P004,W08,2026-08-06,120,104
P004,W08,2026-08-07,101,104
P004,W08,2026-08-08,109,104
P004,W08,2026-08-09,86,104
P004,W08,2026-08-10,,104
P004,W08,2026-08-11,,104
P004,W08,2026-08-12,,104
P004,W08,2026-08-13,,104
P004,W08,2026-08-14,,104
P004,W08,2026-08-15,,104
P004,W08,2026-08-16,,104
P004,W08,2026-08-17,,104
P004,W08,2026-08-18,,104
P004,W08,2026-08-19,,104
P004,W08,2026-08-20,,104
P004,W08,2026-08-21,,104
P004,W08,2026-08-22,,104
P004,W08,2026-08-23,,104
P004,W08,2026-08-24,,104
P004,W08,2026-08-25,,104
P004,W08,2026-08-26,,104
P004,W08,2026-08-27,,104
P004,W08,2026-08-28,,104
P004,W08,2026-08-29,,104
P004,W08,2026-08-30,,104
P004,W08,2026-08-31,,104
P004,W08,2026-09-01,,106
P004,W08,2026-09-02,,106
P004,W08,2026-09-03,,106
P004,W08,2026-09-04,,106
P004,W08,2026-09-05,,106
P004,W08,2026-09-06,,106
P004,W08,2026-09-07,,106
P027,W01,2026-05-12,158,170
P027,W01,2026-05-13,176,170
P027,W01,2026-05-14,182,170
P027,W01,2026-05-15,137,170
P027,W01,2026-05-16,199,170
P027,W01,2026-05-17,194,170
P027,W01,2026-05-18,183,170
P027,W01,2026-05-19,168,170
P027,W01,2026-05-20,161,170
P027,W01,2026-05-21,181,170
P027,W01,2026-05-22,167,170
P027,W01,2026-05-23,155,170
P027,W01,2026-05-24,137,170
P027,W01,2026-05-25,179,170
P027,W01,2026-05-26,167,170
P027,W01,2026-05-27,159,170
P027,W01,2026-05-28,151,170
P027,W01,2026-05-29,150,170
P027,W01,2026-05-30,198,170
P027,W01,2026-05-31,174,170
P027,W01,2026-06-01,131,157
P027,W01,2026-06-02,128,157
P027,W01,2026-06-03,165,157
P027,W01,2026-06-04,136,157
P027,W01,2026-06-05,184,157
P027,W01,2026-06-06,130,157
P027,W01,2026-06-07,145,157
P027,W01,2026-06-08,153,157
P027,W01,2026-06-09,179,157
P027,W01,2026-06-10,136,157
P027,W01,2026-06-11,169,157
P027,W01,2026-06-12,149,157
P027,W01,2026-06-13,152,157
P027,W01,2026-06-14,147,157
P027,W01,2026-06-15,159,157
P027,W01,2026-06-16,144,157
P027,W01,2026-06-17,180,157
P027,W01,2026-06-18,177,157
P027,W01,2026-06-19,148,157
P027,W01,2026-06-20,189,157
P027,W01,2026-06-21,150,157
P027,W01,2026-06-22,158,157
P027,W01,2026-06-23,157,157
P027,W01,2026-06-24,184,157
P027,W01,2026-06-25,132,157
P027,W01,2026-06-26,134,157
P027,W01,2026-06-27,172,157
P027,W01,2026-06-28,161,157
P027,W01,2026-06-29,139,157
P027,W01,2026-06-30,156,157
P027,W01,2026-07-01,162,160
P027,W01,2026-07-02,178,160
P027,W01,2026-07-03,153,160
P027,W01,2026-07-04,125,160
P027,W01,2026-07-05,166,160
P027,W01,2026-07-06,138,160
P027,W01,2026-07-07,147,160
P027,W01,2026-07-08,141,160
P027,W01,2026-07-09,149,160
P027,W01,2026-07-10,151,160
P027,W01,2026-07-11,146,160
P027,W01,2026-07-12,160,160
P027,W01,2026-07-13,146,160
P027,W01,2026-07-14,134,160
P027,W01,2026-07-15,160,160
P027,W01,2026-07-16,151,160
P027,W01,2026-07-17,136,160
P027,W01,2026-07-18,153,160
P027,W01,2026-07-19,125,160
P027,W01,2026-07-20,182,160
P027,W01,2026-07-21,155,160
P027,W01,2026-07-22,149,160
P027,W01,2026-07-23,156,160
P027,W01,2026-07-24,160,160
P027,W01,2026-07-25,182,160
P027,W01,2026-07-26,197,160
P027,W01,2026-07-27,153,160
P027,W01,2026-07-28,152,160
P027,W01,2026-07-29,135,160
P027,W01,2026-07-30,153,160
P027,W01,2026-07-31,134,160
P027,W01,2026-08-01,173,162
P027,W01,2026-08-02,127,162
P027,W01,2026-08-03,171,162
P027,W01,2026-08-04,155,162
P027,W01,2026-08-05,173,162
P027,W01,2026-08-06,141,162
P027,W01,2026-08-07,171,162
P027,W01,2026-08-08,190,162
P027,W01,2026-08-09,152,162
P027,W01,2026-08-10,,162
P027,W01,2026-08-11,,162
P027,W01,2026-08-12,,162
P027,W01,2026-08-13,,162
P027,W01,2026-08-14,,162
P027,W01,2026-08-15,,162
P027,W01,2026-08-16,,162
P027,W01,2026-08-17,,162
P027,W01,2026-08-18,,162
P027,W01,2026-08-19,,162
P027,W01,2026-08-20,,162
P027,W01,2026-08-21,,162
P027,W01,2026-08-22,,162
P027,W01,2026-08-23,,162
P027,W01,2026-08-24,,162
P027,W01,2026-08-25,,162
P027,W01,2026-08-26,,162
P027,W01,2026-08-27,,162
P027,W01,2026-08-28,,162
P027,W01,2026-08-29,,162
P027,W01,2026-08-30,,162
P027,W01,2026-08-31,,162
P027,W01,2026-09-01,,165
P027,W01,2026-09-02,,165
P027,W01,2026-09-03,,165
P027,W01,2026-09-04,,165
P027,W01,2026-09-05,,165
P027,W01,2026-09-06,,165
P027,W01,2026-09-07,,165
P019,W08,2026-05-12,98,103
P019,W08,2026-05-13,102,103
P019,W08,2026-05-14,100,103
P019,W08,2026-05-15,99,103
P019,W08,2026-05-16,121,103
P019,W08,2026-05-17,98,103
P019,W08,2026-05-18,102,103
P019,W08,2026-05-19,105,103
P019,W08,2026-05-20,94,103
P019,W08,2026-05-21,94,103
P019,W08,2026-05-22,105,103
P019,W08,2026-05-23,94,103
P019,W08,2026-05-24,102,103
P019,W08,2026-05-25,91,103
P019,W08,2026-05-26,90,103
P019,W08,2026-05-27,96,103
P019,W08,2026-05-28,99,103
P019,W08,2026-05-29,88,103
P019,W08,2026-05-30,92,103
P019,W08,2026-05-31,108,103
P019,W08,2026-06-01,103,95
P019,W08,2026-06-02,92,95
P019,W08,2026-06-03,100,95
P019,W08,2026-06-04,100,95
P019,W08,2026-06-05,96,95
P019,W08,2026-06-06,101,95
P019,W08,2026-06-07,76,95
P019,W08,2026-06-08,97,95
P019,W08,2026-06-09,102,95
P019,W08,2026-06-10,93,95
P019,W08,2026-06-11,113,95
P019,W08,2026-06-12,80,95
P019,W08,2026-06-13,106,95
P019,W08,2026-06-14,100,95
P019,W08,2026-06-15,101,95
P019,W08,2026-06-16,103,95
P019,W08,2026-06-17,90,95
P019,W08,2026-06-18,94,95
P019,W08,2026-06-19,93,95
P019,W08,2026-06-20,95,95
P019,W08,2026-06-21,115,95
P019,W08,2026-06-22,88,95
P019,W08,2026-06-23,93,95
P019,W08,2026-06-24,88,95
P019,W08,2026-06-25,104,95
P019,W08,2026-06-26,102,95
P019,W08,2026-06-27,94,95
P019,W08,2026-06-28,89,95
P019,W08,2026-06-29,94,95
P019,W08,2026-06-30,87,95
P019,W08,2026-07-01,87,97
P019,W08,2026-07-02,95,97
P019,W08,2026-07-03,97,97
P019,W08,2026-07-04,104,97
P019,W08,2026-07-05,81,97
P019,W08,2026-07-06,105,97
P019,W08,2026-07-07,94,97
P019,W08,2026-07-08,102,97
P019,W08,2026-07-09,90,97
P019,W08,2026-07-10,106,97
P019,W08,2026-07-11,90,97
P019,W08,2026-07-12,96,97
P019,W08,2026-07-13,112,97
P019,W08,2026-07-14,106,97
P019,W08,2026-07-15,87,97
P019,W08,2026-07-16,97,97
P019,W08,2026-07-17,91,97
P019,W08,2026-07-18,86,97
P019,W08,2026-07-19,101,97
P019,W08,2026-07-20,103,97
P019,W08,2026-07-21,88,97
P019,W08,2026-07-22,97,97
P019,W08,2026-07-23,96,97
P019,W08,2026-07-24,95,97
P019,W08,2026-07-25,112,97
P019,W08,2026-07-26,101,97
P019,W08,2026-07-27,111,97
P019,W08,2026-07-28,84,97
P019,W08,2026-07-29,81,97
P019,W08,2026-07-30,94,97
P019,W08,2026-07-31,78,97
P019,W08,2026-08-01,97,99
P019,W08,2026-08-02,102,99
P019,W08,2026-08-03,101,99
P019,W08,2026-08-04,89,99
P019,W08,2026-08-05,76,99
P019,W08,2026-08-06,82,99
P019,W08,2026-08-07,103,99
P019,W08,2026-08-08,106,99
P019,W08,2026-08-09,100,99
P019,W08,2026-08-10,,99
P019,W08,2026-08-11,,99
P019,W08,2026-08-12,,99
P019,W08,2026-08-13,,99
P019,W08,2026-08-14,,99
P019,W08,2026-08-15,,99
P019,W08,2026-08-16,,99
P019,W08,2026-08-17,,99
P019,W08,2026-08-18,,99
P019,W08,2026-08-19,,99
P019,W08,2026-08-20,,99
P019,W08,2026-08-21,,99
P019,W08,2026-08-22,,99
P019,W08,2026-08-23,,99
P019,W08,2026-08-24,,99
P019,W08,2026-08-25,,99
P019,W08,2026-08-26,,99
P019,W08,2026-08-27,,99
P019,W08,2026-08-28,,99
P019,W08,2026-08-29,,99
P019,W08,2026-08-30,,99
P019,W08,2026-08-31,,99
P019,W08,2026-09-01,,100
P019,W08,2026-09-02,,100
P019,W08,2026-09-03,,100
P019,W08,2026-09-04,,100
P019,W08,2026-09-05,,100
P019,W08,2026-09-06,,100
P019,W08,2026-09-07,,100
P029,W07,2026-05-12,100,107
P029,W07,2026-05-13,119,107
P029,W07,2026-05-14,114,107
P029,W07,2026-05-15,105,107
P029,W07,2026-05-16,107,107
P029,W07,2026-05-17,101,107
P029,W07,2026-05-18,98,107
P029,W07,2026-05-19,105,107
P029,W07,2026-05-20,126,107
P029,W07,2026-05-21,113,107
P029,W07,2026-05-22,94,107
P029,W07,2026-05-23,106,107
P029,W07,2026-05-24,96,107
P029,W07,2026-05-25,121,107
P029,W07,2026-05-26,91,107
P029,W07,2026-05-27,98,107
P029,W07,2026-05-28,94,107
P029,W07,2026-05-29,115,107
P029,W07,2026-05-30,101,107
P029,W07,2026-05-31,116,107
P029,W07,2026-06-01,109,99
P029,W07,2026-06-02,119,99
P029,W07,2026-06-03,91,99
P029,W07,2026-06-04,95,99
P029,W07,2026-06-05,115,99
P029,W07,2026-06-06,95,99
P029,W07,2026-06-07,83,99
P029,W07,2026-06-08,84,99
P029,W07,2026-06-09,88,99
P029,W07,2026-06-10,108,99
P029,W07,2026-06-11,91,99
P029,W07,2026-06-12,106,99
P029,W07,2026-06-13,102,99
P029,W07,2026-06-14,103,99
P029,W07,2026-06-15,84,99
P029,W07,2026-06-16,91,99
P029,W07,2026-06-17,96,99
P029,W07,2026-06-18,99,99
P029,W07,2026-06-19,106,99
P029,W07,2026-06-20,99,99
P029,W07,2026-06-21,99,99
P029,W07,2026-06-22,103,99
P029,W07,2026-06-23,88,99
P029,W07,2026-06-24,86,99
P029,W07,2026-06-25,103,99
P029,W07,2026-06-26,110,99
P029,W07,2026-06-27,102,99
P029,W07,2026-06-28,83,99
P029,W07,2026-06-29,107,99
P029,W07,2026-06-30,96,99
P029,W07,2026-07-01,95,100
P029,W07,2026-07-02,107,100
P029,W07,2026-07-03,120,100
P029,W07,2026-07-04,98,100
P029,W07,2026-07-05,120,100
P029,W07,2026-07-06,91,100
P029,W07,2026-07-07,78,100
P029,W07,2026-07-08,98,100
P029,W07,2026-07-09,116,100
P029,W07,2026-07-10,114,100
P029,W07,2026-07-11,85,100
P029,W07,2026-07-12,92,100
P029,W07,2026-07-13,96,100
P029,W07,2026-07-14,81,100
P029,W07,2026-07-15,98,100
P029,W07,2026-07-16,113,100
P029,W07,2026-07-17,85,100
P029,W07,2026-07-18,108,100
P029,W07,2026-07-19,85,100
P029,W07,2026-07-20,91,100
P029,W07,2026-07-21,105,100
P029,W07,2026-07-22,119,100
P029,W07,2026-07-23,93,100
P029,W07,2026-07-24,110,100
P029,W07,2026-07-25,106,100
P029,W07,2026-07-26,94,100
P029,W07,2026-07-27,119,100
P029,W07,2026-07-28,106,100
P029,W07,2026-07-29,93,100
P029,W07,2026-07-30,84,100
P029,W07,2026-07-31,116,100
P029,W07,2026-08-01,82,102
P029,W07,2026-08-02,101,102
P029,W07,2026-08-03,93,102
P029,W07,2026-08-04,100,102
P029,W07,2026-08-05,91,102
P029,W07,2026-08-06,93,102
P029,W07,2026-08-07,90,102
P029,W07,2026-08-08,95,102
P029,W07,2026-08-09,115,102
P029,W07,2026-08-10,,102
P029,W07,2026-08-11,,102
P029,W07,2026-08-12,,102
P029,W07,2026-08-13,,102
P029,W07,2026-08-14,,102
P029,W07,2026-08-15,,102
P029,W07,2026-08-16,,102
P029,W07,2026-08-17,,102
P029,W07,2026-08-18,,102
P029,W07,2026-08-19,,102
P029,W07,2026-08-20,,102
P029,W07,2026-08-21,,102
P029,W07,2026-08-22,,102
P029,W07,2026-08-23,,102
P029,W07,2026-08-24,,102
P029,W07,2026-08-25,,102
P029,W07,2026-08-26,,102
P029,W07,2026-08-27,,102
P029,W07,2026-08-28,,102
P029,W07,2026-08-29,,102
P029,W07,2026-08-30,,102
P029,W07,2026-08-31,,102
P029,W07,2026-09-01,,103
P029,W07,2026-09-02,,103
P029,W07,2026-09-03,,103
P029,W07,2026-09-04,,103
P029,W07,2026-09-05,,103
P029,W07,2026-09-06,,103
P029,W07,2026-09-07,,103
P004,W05,2026-05-12,91,95
P004,W05,2026-05-13,92,95
P004,W05,2026-05-14,80,95
P004,W05,2026-05-15,80,95
P004,W05,2026-05-16,91,95
P004,W05,2026-05-17,89,95
P004,W05,2026-05-18,104,95
P004,W05,2026-05-19,88,95
P004,W05,2026-05-20,99,95
P004,W05,2026-05-21,93,95
P004,W05,2026-05-22,114,95
P004,W05,2026-05-23,94,95
P004,W05,2026-05-24,101,95
P004,W05,2026-05-25,91,95
P004,W05,2026-05-26,107,95
P004,W05,2026-05-27,81,95
P004,W05,2026-05-28,101,95
P004,W05,2026-05-29,90,95
P004,W05,2026-05-30,108,95
P004,W05,2026-05-31,84,95
P004,W05,2026-06-01,76,87
P004,W05,2026-06-02,80,87
P004,W05,2026-06-03,96,87
P004,W05,2026-06-04,85,87
P004,W05,2026-06-05,72,87
P004,W05,2026-06-06,97,87
P004,W05,2026-06-07,104,87
P004,W05,2026-06-08,83,87
P004,W05,2026-06-09,81,87
P004,W05,2026-06-10,100,87
P004,W05,2026-06-11,83,87
P004,W05,2026-06-12,104,87
P004,W05,2026-06-13,76,87
P004,W05,2026-06-14,91,87
P004,W05,2026-06-15,85,87
P004,W05,2026-06-16,90,87
P004,W05,2026-06-17,100,87
P004,W05,2026-06-18,99,87
P004,W05,2026-06-19,82,87
P004,W05,2026-06-20,87,87
P004,W05,2026-06-21,98,87
P004,W05,2026-06-22,76,87
P004,W05,2026-06-23,88,87
P004,W05,2026-06-24,98,87
P004,W05,2026-06-25,82,87
P004,W05,2026-06-26,88,87
P004,W05,2026-06-27,108,87
P004,W05,2026-06-28,87,87
P004,W05,2026-06-29,84,87
P004,W05,2026-06-30,76,87
P004,W05,2026-07-01,90,89
P004,W05,2026-07-02,89,89
P004,W05,2026-07-03,89,89
P004,W05,2026-07-04,91,89
P004,W05,2026-07-05,78,89
P004,W05,2026-07-06,98,89
P004,W05,2026-07-07,85,89
P004,W05,2026-07-08,101,89
P004,W05,2026-07-09,96,89
P004,W05,2026-07-10,85,89
P004,W05,2026-07-11,88,89
P004,W05,2026-07-12,80,89
P004,W05,2026-07-13,69,89
P004,W05,2026-07-14,96,89
P004,W05,2026-07-15,92,89
P004,W05,2026-07-16,102,89
P004,W05,2026-07-17,71,89
P004,W05,2026-07-18,76,89
P004,W05,2026-07-19,88,89
P004,W05,2026-07-20,85,89
P004,W05,2026-07-21,70,89
P004,W05,2026-07-22,82,89
P004,W05,2026-07-23,95,89
P004,W05,2026-07-24,83,89
P004,W05,2026-07-25,88,89
P004,W05,2026-07-26,88,89
P004,W05,2026-07-27,100,89
P004,W05,2026-07-28,88,89
P004,W05,2026-07-29,76,89
P004,W05,2026-07-30,78,89
P004,W05,2026-07-31,96,89
P004,W05,2026-08-01,90,90
P004,W05,2026-08-02,94,90
P004,W05,2026-08-03,87,90
P004,W05,2026-08-04,72,90
P004,W05,2026-08-05,88,90
P004,W05,2026-08-06,92,90
P004,W05,2026-08-07,101,90
P004,W05,2026-08-08,109,90
P004,W05,2026-08-09,84,90
P004,W05,2026-08-10,,90
P004,W05,2026-08-11,,90
P004,W05,2026-08-12,,90
P004,W05,2026-08-13,,90
P004,W05,2026-08-14,,90
P004,W05,2026-08-15,,90
P004,W05,2026-08-16,,90
P004,W05,2026-08-17,,90
P004,W05,2026-08-18,,90
P004,W05,2026-08-19,,90
P004,W05,2026-08-20,,90
P004,W05,2026-08-21,,90
P004,W05,2026-08-22,,90
P004,W05,2026-08-23,,90
P004,W05,2026-08-24,,90
P004,W05,2026-08-25,,90
P004,W05,2026-08-26,,90
P004,W05,2026-08-27,,90
P004,W05,2026-08-28,,90
P004,W05,2026-08-29,,90
P004,W05,2026-08-30,,90
P004,W05,2026-08-31,,90
P004,W05,2026-09-01,,92
P004,W05,2026-09-02,,92
P004,W05,2026-09-03,,92
P004,W05,2026-09-04,,92
P004,W05,2026-09-05,,92
P004,W05,2026-09-06,,92
P004,W05,2026-09-07,,92
P012,W04,2026-05-12,110,114
P012,W04,2026-05-13,105,114
P012,W04,2026-05-14,112,114
P012,W04,2026-05-15,92,114
P012,W04,2026-05-16,109,114
P012,W04,2026-05-17,109,114
P012,W04,2026-05-18,125,114
P012,W04,2026-05-19,122,114
P012,W04,2026-05-20,101,114
P012,W04,2026-05-21,110,114
P012,W04,2026-05-22,120,114
P012,W04,2026-05-23,121,114
P012,W04,2026-05-24,114,114
P012,W04,2026-05-25,117,114
P012,W04,2026-05-26,132,114
P012,W04,2026-05-27,118,114
P012,W04,2026-05-28,109,114
P012,W04,2026-05-29,127,114
P012,W04,2026-05-30,96,114
P012,W04,2026-05-31,124,114
P012,W04,2026-06-01,103,105
P012,W04,2026-06-02,116,105
P012,W04,2026-06-03,93,105
P012,W04,2026-06-04,84,105
P012,W04,2026-06-05,98,105
P012,W04,2026-06-06,112,105
P012,W04,2026-06-07,111,105
P012,W04,2026-06-08,101,105
P012,W04,2026-06-09,95,105
P012,W04,2026-06-10,115,105
P012,W04,2026-06-11,100,105
P012,W04,2026-06-12,112,105
P012,W04,2026-06-13,124,105
P012,W04,2026-06-14,92,105
P012,W04,2026-06-15,111,105
P012,W04,2026-06-16,112,105
P012,W04,2026-06-17,98,105
P012,W04,2026-06-18,122,105
P012,W04,2026-06-19,103,105
P012,W04,2026-06-20,112,105
P012,W04,2026-06-21,102,105
P012,W04,2026-06-22,101,105
P012,W04,2026-06-23,108,105
P012,W04,2026-06-24,130,105
P012,W04,2026-06-25,111,105
P012,W04,2026-06-26,100,105
P012,W04,2026-06-27,88,105
P012,W04,2026-06-28,89,105
P012,W04,2026-06-29,111,105
P012,W04,2026-06-30,100,105
P012,W04,2026-07-01,109,107
P012,W04,2026-07-02,85,107
P012,W04,2026-07-03,96,107
P012,W04,2026-07-04,110,107
P012,W04,2026-07-05,125,107
P012,W04,2026-07-06,123,107
P012,W04,2026-07-07,115,107
P012,W04,2026-07-08,95,107
P012,W04,2026-07-09,129,107
P012,W04,2026-07-10,118,107
P012,W04,2026-07-11,99,107
P012,W04,2026-07-12,124,107
P012,W04,2026-07-13,111,107
P012,W04,2026-07-14,115,107
P012,W04,2026-07-15,114,107
P012,W04,2026-07-16,84,107
P012,W04,2026-07-17,121,107
P012,W04,2026-07-18,89,107
P012,W04,2026-07-19,127,107
P012,W04,2026-07-20,114,107
P012,W04,2026-07-21,128,107
P012,W04,2026-07-22,118,107
P012,W04,2026-07-23,114,107
P012,W04,2026-07-24,117,107
P012,W04,2026-07-25,97,107
P012,W04,2026-07-26,127,107
P012,W04,2026-07-27,103,107
P012,W04,2026-07-28,98,107
P012,W04,2026-07-29,106,107
P012,W04,2026-07-30,115,107
P012,W04,2026-07-31,105,107
P012,W04,2026-08-01,115,109
P012,W04,2026-08-02,87,109
P012,W04,2026-08-03,109,109
P012,W04,2026-08-04,108,109
P012,W04,2026-08-05,101,109
P012,W04,2026-08-06,100,109
P012,W04,2026-08-07,96,109
P012,W04,2026-08-08,113,109
P012,W04,2026-08-09,120,109
P012,W04,2026-08-10,,109
P012,W04,2026-08-11,,109
P012,W04,2026-08-12,,109
P012,W04,2026-08-13,,109
P012,W04,2026-08-14,,109
P012,W04,2026-08-15,,109
P012,W04,2026-08-16,,109
P012,W04,2026-08-17,,109
P012,W04,2026-08-18,,109
P012,W04,2026-08-19,,109
P012,W04,2026-08-20,,109
P012,W04,2026-08-21,,109
P012,W04,2026-08-22,,109
P012,W04,2026-08-23,,109
P012,W04,2026-08-24,,109
P012,W04,2026-08-25,,109
P012,W04,2026-08-26,,109
P012,W04,2026-08-27,,109
P012,W04,2026-08-28,,109
P012,W04,2026-08-29,,109
P012,W04,2026-08-30,,109
P012,W04,2026-08-31,,109
P012,W04,2026-09-01,,111
P012,W04,2026-09-02,,111
P012,W04,2026-09-03,,111
P012,W04,2026-09-04,,111
P012,W04,2026-09-05,,111
P012,W04,2026-09-06,,111
P012,W04,2026-09-07,,111
P006,W01,2026-05-12,201,171
P006,W01,2026-05-13,134,171
P006,W01,2026-05-14,167,171
P006,W01,2026-05-15,144,171
P006,W01,2026-05-16,181,171
P006,W01,2026-05-17,142,171
P006,W01,2026-05-18,185,171
P006,W01,2026-05-19,165,171
P006,W01,2026-05-20,173,171
P006,W01,2026-05-21,170,171
P006,W01,2026-05-22,183,171
P006,W01,2026-05-23,172,171
P006,W01,2026-05-24,197,171
P006,W01,2026-05-25,179,171
P006,W01,2026-05-26,147,171
P006,W01,2026-05-27,181,171
P006,W01,2026-05-28,162,171
P006,W01,2026-05-29,172,171
P006,W01,2026-05-30,156,171
P006,W01,2026-05-31,147,171
P006,W01,2026-06-01,130,158
P006,W01,2026-06-02,179,158
P006,W01,2026-06-03,148,158
P006,W01,2026-06-04,146,158
P006,W01,2026-06-05,155,158
P006,W01,2026-06-06,136,158
P006,W01,2026-06-07,160,158
P006,W01,2026-06-08,159,158
P006,W01,2026-06-09,186,158
P006,W01,2026-06-10,157,158
P006,W01,2026-06-11,176,158
P006,W01,2026-06-12,141,158
P006,W01,2026-06-13,153,158
P006,W01,2026-06-14,150,158
P006,W01,2026-06-15,141,158
P006,W01,2026-06-16,140,158
P006,W01,2026-06-17,127,158
P006,W01,2026-06-18,160,158
P006,W01,2026-06-19,137,158
P006,W01,2026-06-20,178,158
P006,W01,2026-06-21,142,158
P006,W01,2026-06-22,144,158
P006,W01,2026-06-23,164,158
P006,W01,2026-06-24,149,158
P006,W01,2026-06-25,151,158
P006,W01,2026-06-26,150,158
P006,W01,2026-06-27,157,158
P006,W01,2026-06-28,164,158
P006,W01,2026-06-29,160,158
P006,W01,2026-06-30,149,158
P006,W01,2026-07-01,195,161
P006,W01,2026-07-02,185,161
P006,W01,2026-07-03,133,161
P006,W01,2026-07-04,168,161
P006,W01,2026-07-05,144,161
P006,W01,2026-07-06,139,161
P006,W01,2026-07-07,156,161
P006,W01,2026-07-08,154,161
P006,W01,2026-07-09,160,161
P006,W01,2026-07-10,156,161
P006,W01,2026-07-11,151,161
P006,W01,2026-07-12,139,161
P006,W01,2026-07-13,188,161
P006,W01,2026-07-14,143,161
P006,W01,2026-07-15,146,161
P006,W01,2026-07-16,197,161
P006,W01,2026-07-17,155,161
P006,W01,2026-07-18,150,161
P006,W01,2026-07-19,188,161
P006,W01,2026-07-20,188,161
P006,W01,2026-07-21,169,161
P006,W01,2026-07-22,184,161
P006,W01,2026-07-23,171,161
P006,W01,2026-07-24,155,161
P006,W01,2026-07-25,189,161
P006,W01,2026-07-26,147,161
P006,W01,2026-07-27,175,161
P006,W01,2026-07-28,154,161
P006,W01,2026-07-29,168,161
P006,W01,2026-07-30,136,161
P006,W01,2026-07-31,147,161
P006,W01,2026-08-01,156,163
P006,W01,2026-08-02,168,163
P006,W01,2026-08-03,161,163
P006,W01,2026-08-04,151,163
P006,W01,2026-08-05,147,163
P006,W01,2026-08-06,153,163
P006,W01,2026-08-07,136,163
P006,W01,2026-08-08,187,163
P006,W01,2026-08-09,175,163
P006,W01,2026-08-10,,163
P006,W01,2026-08-11,,163
P006,W01,2026-08-12,,163
P006,W01,2026-08-13,,163
P006,W01,2026-08-14,,163
P006,W01,2026-08-15,,163
P006,W01,2026-08-16,,163
P006,W01,2026-08-17,,163
P006,W01,2026-08-18,,163
P006,W01,2026-08-19,,163
P006,W01,2026-08-20,,163
P006,W01,2026-08-21,,163
P006,W01,2026-08-22,,163
P006,W01,2026-08-23,,163
P006,W01,2026-08-24,,163
P006,W01,2026-08-25,,163
P006,W01,2026-08-26,,163
P006,W01,2026-08-27,,163
P006,W01,2026-08-28,,163
P006,W01,2026-08-29,,163
P006,W01,2026-08-30,,163
P006,W01,2026-08-31,,163
P006,W01,2026-09-01,,166
P006,W01,2026-09-02,,166
P006,W01,2026-09-03,,166
P006,W01,2026-09-04,,166
P006,W01,2026-09-05,,166
P006,W01,2026-09-06,,166
P006,W01,2026-09-07,,166
P009,W08,2026-05-12,129,142
P009,W08,2026-05-13,141,142
P009,W08,2026-05-14,129,142
P009,W08,2026-05-15,139,142
P009,W08,2026-05-16,136,142
P009,W08,2026-05-17,130,142
P009,W08,2026-05-18,174,142
P009,W08,2026-05-19,130,142
P009,W08,2026-05-20,133,142
P009,W08,2026-05-21,169,142
P009,W08,2026-05-22,145,142
P009,W08,2026-05-23,155,142
P009,W08,2026-05-24,140,142
P009,W08,2026-05-25,151,142
P009,W08,2026-05-26,113,142
P009,W08,2026-05-27,126,142
P009,W08,2026-05-28,156,142
P009,W08,2026-05-29,128,142
P009,W08,2026-05-30,148,142
P009,W08,2026-05-31,137,142
P009,W08,2026-06-01,158,131
P009,W08,2026-06-02,123,131
P009,W08,2026-06-03,151,131
P009,W08,2026-06-04,127,131
P009,W08,2026-06-05,161,131
P009,W08,2026-06-06,140,131
P009,W08,2026-06-07,164,131
P009,W08,2026-06-08,125,131
P009,W08,2026-06-09,118,131
P009,W08,2026-06-10,114,131
P009,W08,2026-06-11,133,131
P009,W08,2026-06-12,142,131
P009,W08,2026-06-13,125,131
P009,W08,2026-06-14,155,131
P009,W08,2026-06-15,158,131
P009,W08,2026-06-16,127,131
P009,W08,2026-06-17,129,131
P009,W08,2026-06-18,122,131
P009,W08,2026-06-19,141,131
P009,W08,2026-06-20,129,131
P009,W08,2026-06-21,159,131
P009,W08,2026-06-22,120,131
P009,W08,2026-06-23,130,131
P009,W08,2026-06-24,138,131
P009,W08,2026-06-25,136,131
P009,W08,2026-06-26,154,131
P009,W08,2026-06-27,152,131
P009,W08,2026-06-28,120,131
P009,W08,2026-06-29,129,131
P009,W08,2026-06-30,121,131
P009,W08,2026-07-01,105,133
P009,W08,2026-07-02,127,133
P009,W08,2026-07-03,145,133
P009,W08,2026-07-04,142,133
P009,W08,2026-07-05,124,133
P009,W08,2026-07-06,115,133
P009,W08,2026-07-07,152,133
P009,W08,2026-07-08,117,133
P009,W08,2026-07-09,118,133
P009,W08,2026-07-10,114,133
P009,W08,2026-07-11,145,133
P009,W08,2026-07-12,123,133
P009,W08,2026-07-13,137,133
P009,W08,2026-07-14,146,133
P009,W08,2026-07-15,135,133
P009,W08,2026-07-16,137,133
P009,W08,2026-07-17,139,133
P009,W08,2026-07-18,137,133
P009,W08,2026-07-19,127,133
P009,W08,2026-07-20,155,133
P009,W08,2026-07-21,128,133
P009,W08,2026-07-22,152,133
P009,W08,2026-07-23,113,133
P009,W08,2026-07-24,134,133
P009,W08,2026-07-25,134,133
P009,W08,2026-07-26,137,133
P009,W08,2026-07-27,116,133
P009,W08,2026-07-28,131,133
P009,W08,2026-07-29,117,133
P009,W08,2026-07-30,161,133
P009,W08,2026-07-31,127,133
P009,W08,2026-08-01,162,135
P009,W08,2026-08-02,124,135
P009,W08,2026-08-03,151,135
P009,W08,2026-08-04,147,135
P009,W08,2026-08-05,147,135
P009,W08,2026-08-06,142,135
P009,W08,2026-08-07,131,135
P009,W08,2026-08-08,127,135
P009,W08,2026-08-09,158,135
P009,W08,2026-08-10,,135
P009,W08,2026-08-11,,135
P009,W08,2026-08-12,,135
P009,W08,2026-08-13,,135
P009,W08,2026-08-14,,135
P009,W08,2026-08-15,,135
P009,W08,2026-08-16,,135
P009,W08,2026-08-17,,135
P009,W08,2026-08-18,,135
P009,W08,2026-08-19,,135
P009,W08,2026-08-20,,135
P009,W08,2026-08-21,,135
P009,W08,2026-08-22,,135
P009,W08,2026-08-23,,135
P009,W08,2026-08-24,,135
P009,W08,2026-08-25,,135
P009,W08,2026-08-26,,135
P009,W08,2026-08-27,,135
P009,W08,2026-08-28,,135
P009,W08,2026-08-29,,135
P009,W08,2026-08-30,,135
P009,W08,2026-08-31,,135
P009,W08,2026-09-01,,137
P009,W08,2026-09-02,,137
P009,W08,2026-09-03,,137
P009,W08,2026-09-04,,137
P009,W08,2026-09-05,,137
P009,W08,2026-09-06,,137
P009,W08,2026-09-07,,137
P028,W01,2026-05-12,256,247
P028,W01,2026-05-13,193,247
P028,W01,2026-05-14,239,247
P028,W01,2026-05-15,271,247
P028,W01,2026-05-16,255,247
P028,W01,2026-05-17,229,247
P028,W01,2026-05-18,229,247
P028,W01,2026-05-19,219,247
P028,W01,2026-05-20,255,247
P028,W01,2026-05-21,194,247
P028,W01,2026-05-22,236,247
P028,W01,2026-05-23,261,247
P028,W01,2026-05-24,227,247
P028,W01,2026-05-25,215,247
P028,W01,2026-05-26,245,247
P028,W01,2026-05-27,255,247
P028,W01,2026-05-28,248,247
P028,W01,2026-05-29,274,247
P028,W01,2026-05-30,291,247
P028,W01,2026-05-31,255,247
P028,W01,2026-06-01,230,228
P028,W01,2026-06-02,213,228
P028,W01,2026-06-03,228,228
P028,W01,2026-06-04,240,228
P028,W01,2026-06-05,265,228
P028,W01,2026-06-06,217,228
P028,W01,2026-06-07,243,228
P028,W01,2026-06-08,240,228
P028,W01,2026-06-09,235,228
P028,W01,2026-06-10,234,228
P028,W01,2026-06-11,187,228
P028,W01,2026-06-12,198,228
P028,W01,2026-06-13,286,228
P028,W01,2026-06-14,275,228
P028,W01,2026-06-15,219,228
P028,W01,2026-06-16,221,228
P028,W01,2026-06-17,201,228
P028,W01,2026-06-18,201,228
P028,W01,2026-06-19,223,228
P028,W01,2026-06-20,232,228
P028,W01,2026-06-21,242,228
P028,W01,2026-06-22,193,228
P028,W01,2026-06-23,208,228
P028,W01,2026-06-24,226,228
P028,W01,2026-06-25,217,228
P028,W01,2026-06-26,233,228
P028,W01,2026-06-27,246,228
P028,W01,2026-06-28,244,228
P028,W01,2026-06-29,220,228
P028,W01,2026-06-30,201,228
P028,W01,2026-07-01,278,232
P028,W01,2026-07-02,264,232
P028,W01,2026-07-03,221,232
P028,W01,2026-07-04,225,232
P028,W01,2026-07-05,258,232
P028,W01,2026-07-06,228,232
P028,W01,2026-07-07,251,232
P028,W01,2026-07-08,230,232
P028,W01,2026-07-09,258,232
P028,W01,2026-07-10,211,232
P028,W01,2026-07-11,213,232
P028,W01,2026-07-12,228,232
P028,W01,2026-07-13,252,232
P028,W01,2026-07-14,267,232
P028,W01,2026-07-15,226,232
P028,W01,2026-07-16,195,232
P028,W01,2026-07-17,220,232
P028,W01,2026-07-18,245,232
P028,W01,2026-07-19,253,232
P028,W01,2026-07-20,213,232
P028,W01,2026-07-21,252,232
P028,W01,2026-07-22,261,232
P028,W01,2026-07-23,242,232
P028,W01,2026-07-24,228,232
P028,W01,2026-07-25,197,232
P028,W01,2026-07-26,193,232
P028,W01,2026-07-27,213,232
P028,W01,2026-07-28,190,232
P028,W01,2026-07-29,231,232
P028,W01,2026-07-30,227,232
P028,W01,2026-07-31,226,232
P028,W01,2026-08-01,255,236
P028,W01,2026-08-02,219,236
P028,W01,2026-08-03,241,236
P028,W01,2026-08-04,224,236
P028,W01,2026-08-05,236,236
P028,W01,2026-08-06,239,236
P028,W01,2026-08-07,234,236
P028,W01,2026-08-08,255,236
P028,W01,2026-08-09,219,236
P028,W01,2026-08-10,,236
P028,W01,2026-08-11,,236
P028,W01,2026-08-12,,236
P028,W01,2026-08-13,,236
P028,W01,2026-08-14,,236
P028,W01,2026-08-15,,236
P028,W01,2026-08-16,,236
P028,W01,2026-08-17,,236
P028,W01,2026-08-18,,236
P028,W01,2026-08-19,,236
P028,W01,2026-08-20,,236
P028,W01,2026-08-21,,236
P028,W01,2026-08-22,,236
P028,W01,2026-08-23,,236
P028,W01,2026-08-24,,236
P028,W01,2026-08-25,,236
P028,W01,2026-08-26,,236
P028,W01,2026-08-27,,236
P028,W01,2026-08-28,,236
P028,W01,2026-08-29,,236
P028,W01,2026-08-30,,236
P028,W01,2026-08-31,,236
P028,W01,2026-09-01,,240
P028,W01,2026-09-02,,240
P028,W01,2026-09-03,,240
P028,W01,2026-09-04,,240
P028,W01,2026-09-05,,240
P028,W01,2026-09-06,,240
P028,W01,2026-09-07,,240
P011,W08,2026-05-12,273,253
P011,W08,2026-05-13,246,253
P011,W08,2026-05-14,206,253
P011,W08,2026-05-15,264,253
P011,W08,2026-05-16,272,253
P011,W08,2026-05-17,260,253
P011,W08,2026-05-18,235,253
P011,W08,2026-05-19,242,253
P011,W08,2026-05-20,213,253
P011,W08,2026-05-21,269,253
P011,W08,2026-05-22,267,253
P011,W08,2026-05-23,235,253
P011,W08,2026-05-24,215,253
P011,W08,2026-05-25,285,253
P011,W08,2026-05-26,300,253
P011,W08,2026-05-27,231,253
P011,W08,2026-05-28,230,253
P011,W08,2026-05-29,288,253
P011,W08,2026-05-30,286,253
P011,W08,2026-05-31,262,253
P011,W08,2026-06-01,225,233
P011,W08,2026-06-02,208,233
P011,W08,2026-06-03,230,233
P011,W08,2026-06-04,242,233
P011,W08,2026-06-05,204,233
P011,W08,2026-06-06,235,233
P011,W08,2026-06-07,216,233
P011,W08,2026-06-08,264,233
P011,W08,2026-06-09,253,233
P011,W08,2026-06-10,213,233
P011,W08,2026-06-11,270,233
P011,W08,2026-06-12,199,233
P011,W08,2026-06-13,279,233
P011,W08,2026-06-14,247,233
P011,W08,2026-06-15,212,233
P011,W08,2026-06-16,227,233
P011,W08,2026-06-17,244,233
P011,W08,2026-06-18,245,233
P011,W08,2026-06-19,265,233
P011,W08,2026-06-20,227,233
P011,W08,2026-06-21,249,233
P011,W08,2026-06-22,244,233
P011,W08,2026-06-23,187,233
P011,W08,2026-06-24,229,233
P011,W08,2026-06-25,209,233
P011,W08,2026-06-26,222,233
P011,W08,2026-06-27,221,233
P011,W08,2026-06-28,230,233
P011,W08,2026-06-29,280,233
P011,W08,2026-06-30,242,233
P011,W08,2026-07-01,269,237
P011,W08,2026-07-02,234,237
P011,W08,2026-07-03,200,237
P011,W08,2026-07-04,216,237
P011,W08,2026-07-05,293,237
P011,W08,2026-07-06,234,237
P011,W08,2026-07-07,231,237
P011,W08,2026-07-08,212,237
P011,W08,2026-07-09,236,237
P011,W08,2026-07-10,296,237
P011,W08,2026-07-11,222,237
P011,W08,2026-07-12,198,237
P011,W08,2026-07-13,247,237
P011,W08,2026-07-14,259,237
P011,W08,2026-07-15,211,237
P011,W08,2026-07-16,205,237
P011,W08,2026-07-17,233,237
P011,W08,2026-07-18,231,237
P011,W08,2026-07-19,236,237
P011,W08,2026-07-20,260,237
P011,W08,2026-07-21,205,237
P011,W08,2026-07-22,233,237
P011,W08,2026-07-23,208,237
P011,W08,2026-07-24,221,237
P011,W08,2026-07-25,277,237
P011,W08,2026-07-26,246,237
P011,W08,2026-07-27,246,237
P011,W08,2026-07-28,269,237
P011,W08,2026-07-29,233,237
P011,W08,2026-07-30,208,237
P011,W08,2026-07-31,258,237
P011,W08,2026-08-01,232,241
P011,W08,2026-08-02,208,241
P011,W08,2026-08-03,220,241
P011,W08,2026-08-04,252,241
P011,W08,2026-08-05,282,241
P011,W08,2026-08-06,251,241
P011,W08,2026-08-07,258,241
P011,W08,2026-08-08,244,241
P011,W08,2026-08-09,274,241
P011,W08,2026-08-10,,241
P011,W08,2026-08-11,,241
P011,W08,2026-08-12,,241
P011,W08,2026-08-13,,241
P011,W08,2026-08-14,,241
P011,W08,2026-08-15,,241
P011,W08,2026-08-16,,241
P011,W08,2026-08-17,,241
P011,W08,2026-08-18,,241
P011,W08,2026-08-19,,241
P011,W08,2026-08-20,,241
P011,W08,2026-08-21,,241
P011,W08,2026-08-22,,241
P011,W08,2026-08-23,,241
P011,W08,2026-08-24,,241
P011,W08,2026-08-25,,241
P011,W08,2026-08-26,,241
P011,W08,2026-08-27,,241
P011,W08,2026-08-28,,241
P011,W08,2026-08-29,,241
P011,W08,2026-08-30,,241
P011,W08,2026-08-31,,241
P011,W08,2026-09-01,,245
P011,W08,2026-09-02,,245
P011,W08,2026-09-03,,245
P011,W08,2026-09-04,,245
P011,W08,2026-09-05,,245
P011,W08,2026-09-06,,245
P011,W08,2026-09-07,,245
P026,W01,2026-05-12,66,67
P026,W01,2026-05-13,59,67
P026,W01,2026-05-14,71,67
P026,W01,2026-05-15,66,67
P026,W01,2026-05-16,68,67
P026,W01,2026-05-17,69,67
P026,W01,2026-05-18,76,67
P026,W01,2026-05-19,62,67
P026,W01,2026-05-20,53,67
P026,W01,2026-05-21,62,67
P026,W01,2026-05-22,71,67
P026,W01,2026-05-23,65,67
P026,W01,2026-05-24,57,67
P026,W01,2026-05-25,63,67
P026,W01,2026-05-26,68,67
P026,W01,2026-05-27,67,67
P026,W01,2026-05-28,68,67
P026,W01,2026-05-29,74,67
P026,W01,2026-05-30,68,67
P026,W01,2026-05-31,76,67
P026,W01,2026-06-01,57,62
P026,W01,2026-06-02,60,62
P026,W01,2026-06-03,59,62
P026,W01,2026-06-04,62,62
P026,W01,2026-06-05,60,62
P026,W01,2026-06-06,74,62
P026,W01,2026-06-07,66,62
P026,W01,2026-06-08,70,62
P026,W01,2026-06-09,60,62
P026,W01,2026-06-10,61,62
P026,W01,2026-06-11,57,62
P026,W01,2026-06-12,69,62
P026,W01,2026-06-13,65,62
P026,W01,2026-06-14,56,62
P026,W01,2026-06-15,58,62
P026,W01,2026-06-16,54,62
P026,W01,2026-06-17,62,62
P026,W01,2026-06-18,60,62
P026,W01,2026-06-19,55,62
P026,W01,2026-06-20,62,62
P026,W01,2026-06-21,61,62
P026,W01,2026-06-22,72,62
P026,W01,2026-06-23,63,62
P026,W01,2026-06-24,63,62
P026,W01,2026-06-25,75,62
P026,W01,2026-06-26,50,62
P026,W01,2026-06-27,67,62
P026,W01,2026-06-28,66,62
P026,W01,2026-06-29,54,62
P026,W01,2026-06-30,55,62
P026,W01,2026-07-01,65,63
P026,W01,2026-07-02,61,63
P026,W01,2026-07-03,64,63
P026,W01,2026-07-04,56,63
P026,W01,2026-07-05,52,63
P026,W01,2026-07-06,63,63
P026,W01,2026-07-07,60,63
P026,W01,2026-07-08,64,63
P026,W01,2026-07-09,53,63
P026,W01,2026-07-10,73,63
P026,W01,2026-07-11,67,63
P026,W01,2026-07-12,56,63
P026,W01,2026-07-13,52,63
P026,W01,2026-07-14,70,63
P026,W01,2026-07-15,56,63
P026,W01,2026-07-16,65,63
P026,W01,2026-07-17,66,63
P026,W01,2026-07-18,70,63
P026,W01,2026-07-19,49,63
P026,W01,2026-07-20,56,63
P026,W01,2026-07-21,65,63
P026,W01,2026-07-22,62,63
P026,W01,2026-07-23,77,63
P026,W01,2026-07-24,60,63
P026,W01,2026-07-25,73,63
P026,W01,2026-07-26,64,63
P026,W01,2026-07-27,65,63
P026,W01,2026-07-28,79,63
P026,W01,2026-07-29,66,63
P026,W01,2026-07-30,63,63
P026,W01,2026-07-31,66,63
P026,W01,2026-08-01,68,64
P026,W01,2026-08-02,64,64
P026,W01,2026-08-03,61,64
P026,W01,2026-08-04,69,64
P026,W01,2026-08-05,68,64
P026,W01,2026-08-06,66,64
P026,W01,2026-08-07,56,64
P026,W01,2026-08-08,65,64
P026,W01,2026-08-09,50,64
P026,W01,2026-08-10,,64
P026,W01,2026-08-11,,64
P026,W01,2026-08-12,,64
P026,W01,2026-08-13,,64
P026,W01,2026-08-14,,64
P026,W01,2026-08-15,,64
P026,W01,2026-08-16,,64
P026,W01,2026-08-17,,64
P026,W01,2026-08-18,,64
P026,W01,2026-08-19,,64
P026,W01,2026-08-20,,64
P026,W01,2026-08-21,,64
P026,W01,2026-08-22,,64
P026,W01,2026-08-23,,64
P026,W01,2026-08-24,,64
P026,W01,2026-08-25,,64
P026,W01,2026-08-26,,64
P026,W01,2026-08-27,,64
P026,W01,2026-08-28,,64
P026,W01,2026-08-29,,64
P026,W01,2026-08-30,,64
P026,W01,2026-08-31,,64
P026,W01,2026-09-01,,65
P026,W01,2026-09-02,,65
P026,W01,2026-09-03,,65
P026,W01,2026-09-04,,65
P026,W01,2026-09-05,,65
P026,W01,2026-09-06,,65
P026,W01,2026-09-07,,65
P016,W02,2026-05-12,114,102
P016,W02,2026-05-13,107,102
P016,W02,2026-05-14,113,102
P016,W02,2026-05-15,96,102
P016,W02,2026-05-16,102,102
P016,W02,2026-05-17,106,102
P016,W02,2026-05-18,88,102
P016,W02,2026-05-19,123,102
P016,W02,2026-05-20,122,102
P016,W02,2026-05-21,98,102
P016,W02,2026-05-22,110,102
P016,W02,2026-05-23,96,102
P016,W02,2026-05-24,86,102
P016,W02,2026-05-25,118,102
P016,W02,2026-05-26,121,102
P016,W02,2026-05-27,107,102
P016,W02,2026-05-28,111,102
P016,W02,2026-05-29,106,102
P016,W02,2026-05-30,101,102
P016,W02,2026-05-31,106,102
P016,W02,2026-06-01,97,94
P016,W02,2026-06-02,97,94
P016,W02,2026-06-03,85,94
P016,W02,2026-06-04,84,94
P016,W02,2026-06-05,90,94
P016,W02,2026-06-06,102,94
P016,W02,2026-06-07,92,94
P016,W02,2026-06-08,89,94
P016,W02,2026-06-09,110,94
P016,W02,2026-06-10,110,94
P016,W02,2026-06-11,101,94
P016,W02,2026-06-12,96,94
P016,W02,2026-06-13,84,94
P016,W02,2026-06-14,97,94
P016,W02,2026-06-15,104,94
P016,W02,2026-06-16,94,94
P016,W02,2026-06-17,86,94
P016,W02,2026-06-18,98,94
P016,W02,2026-06-19,111,94
P016,W02,2026-06-20,101,94
P016,W02,2026-06-21,98,94
P016,W02,2026-06-22,115,94
P016,W02,2026-06-23,88,94
P016,W02,2026-06-24,91,94
P016,W02,2026-06-25,81,94
P016,W02,2026-06-26,86,94
P016,W02,2026-06-27,102,94
P016,W02,2026-06-28,104,94
P016,W02,2026-06-29,95,94
P016,W02,2026-06-30,79,94
P016,W02,2026-07-01,101,95
P016,W02,2026-07-02,88,95
P016,W02,2026-07-03,84,95
P016,W02,2026-07-04,93,95
P016,W02,2026-07-05,83,95
P016,W02,2026-07-06,80,95
P016,W02,2026-07-07,88,95
P016,W02,2026-07-08,88,95
P016,W02,2026-07-09,103,95
P016,W02,2026-07-10,102,95
P016,W02,2026-07-11,94,95
P016,W02,2026-07-12,97,95
P016,W02,2026-07-13,85,95
P016,W02,2026-07-14,86,95
P016,W02,2026-07-15,107,95
P016,W02,2026-07-16,84,95
P016,W02,2026-07-17,91,95
P016,W02,2026-07-18,85,95
P016,W02,2026-07-19,115,95
P016,W02,2026-07-20,91,95
P016,W02,2026-07-21,76,95
P016,W02,2026-07-22,78,95
P016,W02,2026-07-23,83,95
P016,W02,2026-07-24,108,95
P016,W02,2026-07-25,83,95
P016,W02,2026-07-26,95,95
P016,W02,2026-07-27,92,95
P016,W02,2026-07-28,105,95
P016,W02,2026-07-29,104,95
P016,W02,2026-07-30,104,95
P016,W02,2026-07-31,89,95
P016,W02,2026-08-01,87,97
P016,W02,2026-08-02,86,97
P016,W02,2026-08-03,88,97
P016,W02,2026-08-04,83,97
P016,W02,2026-08-05,104,97
P016,W02,2026-08-06,97,97
P016,W02,2026-08-07,98,97
P016,W02,2026-08-08,91,97
P016,W02,2026-08-09,88,97
P016,W02,2026-08-10,,97
P016,W02,2026-08-11,,97
P016,W02,2026-08-12,,97
P016,W02,2026-08-13,,97
P016,W02,2026-08-14,,97
P016,W02,2026-08-15,,97
P016,W02,2026-08-16,,97
P016,W02,2026-08-17,,97
P016,W02,2026-08-18,,97
P016,W02,2026-08-19,,97
P016,W02,2026-08-20,,97
P016,W02,2026-08-21,,97
P016,W02,2026-08-22,,97
P016,W02,2026-08-23,,97
P016,W02,2026-08-24,,97
P016,W02,2026-08-25,,97
P016,W02,2026-08-26,,97
P016,W02,2026-08-27,,97
P016,W02,2026-08-28,,97
P016,W02,2026-08-29,,97
P016,W02,2026-08-30,,97
P016,W02,2026-08-31,,97
P016,W02,2026-09-01,,99
P016,W02,2026-09-02,,99
P016,W02,2026-09-03,,99
P016,W02,2026-09-04,,99
P016,W02,2026-09-05,,99
P016,W02,2026-09-06,,99
P016,W02,2026-09-07,,99
P028,W06,2026-05-12,196,208
P028,W06,2026-05-13,188,208
P028,W06,2026-05-14,164,208
P028,W06,2026-05-15,190,208
P028,W06,2026-05-16,209,208
P028,W06,2026-05-17,192,208
P028,W06,2026-05-18,173,208
P028,W06,2026-05-19,178,208
P028,W06,2026-05-20,240,208
P028,W06,2026-05-21,208,208
P028,W06,2026-05-22,204,208
P028,W06,2026-05-23,188,208
P028,W06,2026-05-24,210,208
P028,W06,2026-05-25,245,208
P028,W06,2026-05-26,198,208
P028,W06,2026-05-27,195,208
P028,W06,2026-05-28,245,208
P028,W06,2026-05-29,233,208
P028,W06,2026-05-30,179,208
P028,W06,2026-05-31,191,208
P028,W06,2026-06-01,212,192
P028,W06,2026-06-02,170,192
P028,W06,2026-06-03,168,192
P028,W06,2026-06-04,200,192
P028,W06,2026-06-05,167,192
P028,W06,2026-06-06,164,192
P028,W06,2026-06-07,207,192
P028,W06,2026-06-08,185,192
P028,W06,2026-06-09,164,192
P028,W06,2026-06-10,202,192
P028,W06,2026-06-11,200,192
P028,W06,2026-06-12,192,192
P028,W06,2026-06-13,214,192
P028,W06,2026-06-14,185,192
P028,W06,2026-06-15,167,192
P028,W06,2026-06-16,160,192
P028,W06,2026-06-17,189,192
P028,W06,2026-06-18,221,192
P028,W06,2026-06-19,190,192
P028,W06,2026-06-20,162,192
P028,W06,2026-06-21,215,192
P028,W06,2026-06-22,194,192
P028,W06,2026-06-23,198,192
P028,W06,2026-06-24,178,192
P028,W06,2026-06-25,227,192
P028,W06,2026-06-26,214,192
P028,W06,2026-06-27,195,192
P028,W06,2026-06-28,194,192
P028,W06,2026-06-29,215,192
P028,W06,2026-06-30,209,192
P028,W06,2026-07-01,208,195
P028,W06,2026-07-02,191,195
P028,W06,2026-07-03,194,195
P028,W06,2026-07-04,199,195
P028,W06,2026-07-05,213,195
P028,W06,2026-07-06,183,195
P028,W06,2026-07-07,204,195
P028,W06,2026-07-08,231,195
P028,W06,2026-07-09,194,195
P028,W06,2026-07-10,169,195
P028,W06,2026-07-11,186,195
P028,W06,2026-07-12,223,195
P028,W06,2026-07-13,211,195
P028,W06,2026-07-14,192,195
P028,W06,2026-07-15,183,195
P028,W06,2026-07-16,199,195
P028,W06,2026-07-17,215,195
P028,W06,2026-07-18,196,195
P028,W06,2026-07-19,173,195
P028,W06,2026-07-20,223,195
P028,W06,2026-07-21,230,195
P028,W06,2026-07-22,210,195
P028,W06,2026-07-23,175,195
P028,W06,2026-07-24,205,195
P028,W06,2026-07-25,206,195
P028,W06,2026-07-26,206,195
P028,W06,2026-07-27,175,195
P028,W06,2026-07-28,231,195
P028,W06,2026-07-29,225,195
P028,W06,2026-07-30,167,195
P028,W06,2026-07-31,181,195
P028,W06,2026-08-01,176,198
P028,W06,2026-08-02,172,198
P028,W06,2026-08-03,231,198
P028,W06,2026-08-04,197,198
P028,W06,2026-08-05,151,198
P028,W06,2026-08-06,186,198
P028,W06,2026-08-07,210,198
P028,W06,2026-08-08,166,198
P028,W06,2026-08-09,186,198
P028,W06,2026-08-10,,198
P028,W06,2026-08-11,,198
P028,W06,2026-08-12,,198
P028,W06,2026-08-13,,198
P028,W06,2026-08-14,,198
P028,W06,2026-08-15,,198
P028,W06,2026-08-16,,198
P028,W06,2026-08-17,,198
P028,W06,2026-08-18,,198
P028,W06,2026-08-19,,198
P028,W06,2026-08-20,,198
P028,W06,2026-08-21,,198
P028,W06,2026-08-22,,198
P028,W06,2026-08-23,,198
P028,W06,2026-08-24,,198
P028,W06,2026-08-25,,198
P028,W06,2026-08-26,,198
P028,W06,2026-08-27,,198
P028,W06,2026-08-28,,198
P028,W06,2026-08-29,,198
P028,W06,2026-08-30,,198
P028,W06,2026-08-31,,198
P028,W06,2026-09-01,,201
P028,W06,2026-09-02,,201
P028,W06,2026-09-03,,201
P028,W06,2026-09-04,,201
P028,W06,2026-09-05,,201
P028,W06,2026-09-06,,201
P028,W06,2026-09-07,,201
P002,W03,2026-05-12,96,120
P002,W03,2026-05-13,136,120
P002,W03,2026-05-14,104,120
P002,W03,2026-05-15,134,120
P002,W03,2026-05-16,136,120
P002,W03,2026-05-17,124,120
P002,W03,2026-05-18,97,120
P002,W03,2026-05-19,133,120
P002,W03,2026-05-20,122,120
P002,W03,2026-05-21,125,120
P002,W03,2026-05-22,124,120
P002,W03,2026-05-23,114,120
P002,W03,2026-05-24,113,120
P002,W03,2026-05-25,141,120
P002,W03,2026-05-26,108,120
P002,W03,2026-05-27,123,120
P002,W03,2026-05-28,133,120
P002,W03,2026-05-29,94,120
P002,W03,2026-05-30,122,120
P002,W03,2026-05-31,110,120
P002,W03,2026-06-01,110,111
P002,W03,2026-06-02,118,111
P002,W03,2026-06-03,101,111
P002,W03,2026-06-04,100,111
P002,W03,2026-06-05,136,111
P002,W03,2026-06-06,109,111
P002,W03,2026-06-07,135,111
P002,W03,2026-06-08,118,111
P002,W03,2026-06-09,92,111
P002,W03,2026-06-10,101,111
P002,W03,2026-06-11,114,111
P002,W03,2026-06-12,108,111
P002,W03,2026-06-13,112,111
P002,W03,2026-06-14,132,111
P002,W03,2026-06-15,136,111
P002,W03,2026-06-16,108,111
P002,W03,2026-06-17,130,111
P002,W03,2026-06-18,124,111
P002,W03,2026-06-19,95,111
P002,W03,2026-06-20,92,111
P002,W03,2026-06-21,126,111
P002,W03,2026-06-22,103,111
P002,W03,2026-06-23,111,111
P002,W03,2026-06-24,119,111
P002,W03,2026-06-25,114,111
P002,W03,2026-06-26,110,111
P002,W03,2026-06-27,101,111
P002,W03,2026-06-28,110,111
P002,W03,2026-06-29,111,111
P002,W03,2026-06-30,112,111
P002,W03,2026-07-01,135,112
P002,W03,2026-07-02,107,112
P002,W03,2026-07-03,121,112
P002,W03,2026-07-04,105,112
P002,W03,2026-07-05,118,112
P002,W03,2026-07-06,102,112
P002,W03,2026-07-07,105,112
P002,W03,2026-07-08,109,112
P002,W03,2026-07-09,109,112
P002,W03,2026-07-10,130,112
P002,W03,2026-07-11,109,112
P002,W03,2026-07-12,128,112
P002,W03,2026-07-13,138,112
P002,W03,2026-07-14,107,112
P002,W03,2026-07-15,107,112
P002,W03,2026-07-16,110,112
P002,W03,2026-07-17,115,112
P002,W03,2026-07-18,115,112
P002,W03,2026-07-19,102,112
P002,W03,2026-07-20,120,112
P002,W03,2026-07-21,117,112
P002,W03,2026-07-22,109,112
P002,W03,2026-07-23,106,112
P002,W03,2026-07-24,127,112
P002,W03,2026-07-25,100,112
P002,W03,2026-07-26,98,112
P002,W03,2026-07-27,95,112
P002,W03,2026-07-28,108,112
P002,W03,2026-07-29,118,112
P002,W03,2026-07-30,99,112
P002,W03,2026-07-31,117,112
P002,W03,2026-08-01,100,114
P002,W03,2026-08-02,109,114
P002,W03,2026-08-03,134,114
P002,W03,2026-08-04,120,114
P002,W03,2026-08-05,129,114
P002,W03,2026-08-06,118,114
P002,W03,2026-08-07,105,114
P002,W03,2026-08-08,109,114
P002,W03,2026-08-09,113,114
P002,W03,2026-08-10,,114
P002,W03,2026-08-11,,114
P002,W03,2026-08-12,,114
P002,W03,2026-08-13,,114
P002,W03,2026-08-14,,114
P002,W03,2026-08-15,,114
P002,W03,2026-08-16,,114
P002,W03,2026-08-17,,114
P002,W03,2026-08-18,,114
P002,W03,2026-08-19,,114
P002,W03,2026-08-20,,114
P002,W03,2026-08-21,,114
P002,W03,2026-08-22,,114
P002,W03,2026-08-23,,114
P002,W03,2026-08-24,,114
P002,W03,2026-08-25,,114
P002,W03,2026-08-26,,114
P002,W03,2026-08-27,,114
P002,W03,2026-08-28,,114
P002,W03,2026-08-29,,114
P002,W03,2026-08-30,,114
P002,W03,2026-08-31,,114
P002,W03,2026-09-01,,116
P002,W03,2026-09-02,,116
P002,W03,2026-09-03,,116
P002,W03,2026-09-04,,116
P002,W03,2026-09-05,,116
P002,W03,2026-09-06,,116
P002,W03,2026-09-07,,116
P030,W03,2026-05-12,104,92
P030,W03,2026-05-13,78,92
P030,W03,2026-05-14,83,92
P030,W03,2026-05-15,85,92
P030,W03,2026-05-16,92,92
P030,W03,2026-05-17,95,92
P030,W03,2026-05-18,97,92
P030,W03,2026-05-19,88,92
P030,W03,2026-05-20,110,92
P030,W03,2026-05-21,83,92
P030,W03,2026-05-22,98,92
P030,W03,2026-05-23,84,92
P030,W03,2026-05-24,98,92
P030,W03,2026-05-25,95,92
P030,W03,2026-05-26,93,92
P030,W03,2026-05-27,97,92
P030,W03,2026-05-28,87,92
P030,W03,2026-05-29,93,92
P030,W03,2026-05-30,96,92
P030,W03,2026-05-31,91,92
P030,W03,2026-06-01,94,85
P030,W03,2026-06-02,84,85
P030,W03,2026-06-03,87,85
P030,W03,2026-06-04,105,85
P030,W03,2026-06-05,66,85
P030,W03,2026-06-06,79,85
P030,W03,2026-06-07,87,85
P030,W03,2026-06-08,80,85
P030,W03,2026-06-09,76,85
P030,W03,2026-06-10,71,85
P030,W03,2026-06-11,79,85
P030,W03,2026-06-12,88,85
P030,W03,2026-06-13,78,85
P030,W03,2026-06-14,88,85
P030,W03,2026-06-15,84,85
P030,W03,2026-06-16,83,85
P030,W03,2026-06-17,79,85
P030,W03,2026-06-18,80,85
P030,W03,2026-06-19,80,85
P030,W03,2026-06-20,73,85
P030,W03,2026-06-21,82,85
P030,W03,2026-06-22,81,85
P030,W03,2026-06-23,66,85
P030,W03,2026-06-24,92,85
P030,W03,2026-06-25,83,85
P030,W03,2026-06-26,82,85
P030,W03,2026-06-27,90,85
P030,W03,2026-06-28,70,85
P030,W03,2026-06-29,80,85
P030,W03,2026-06-30,75,85
P030,W03,2026-07-01,90,86
P030,W03,2026-07-02,94,86
P030,W03,2026-07-03,69,86
P030,W03,2026-07-04,79,86
P030,W03,2026-07-05,73,86
P030,W03,2026-07-06,99,86
P030,W03,2026-07-07,90,86
P030,W03,2026-07-08,97,86
P030,W03,2026-07-09,82,86
P030,W03,2026-07-10,88,86
P030,W03,2026-07-11,93,86
P030,W03,2026-07-12,77,86
P030,W03,2026-07-13,82,86
P030,W03,2026-07-14,82,86
P030,W03,2026-07-15,99,86
P030,W03,2026-07-16,77,86
P030,W03,2026-07-17,67,86
P030,W03,2026-07-18,81,86
P030,W03,2026-07-19,94,86
P030,W03,2026-07-20,88,86
P030,W03,2026-07-21,75,86
P030,W03,2026-07-22,91,86
P030,W03,2026-07-23,90,86
P030,W03,2026-07-24,76,86
P030,W03,2026-07-25,94,86
P030,W03,2026-07-26,89,86
P030,W03,2026-07-27,74,86
P030,W03,2026-07-28,91,86
P030,W03,2026-07-29,85,86
P030,W03,2026-07-30,92,86
P030,W03,2026-07-31,89,86
P030,W03,2026-08-01,88,87
P030,W03,2026-08-02,91,87
P030,W03,2026-08-03,89,87
P030,W03,2026-08-04,87,87
P030,W03,2026-08-05,92,87
P030,W03,2026-08-06,97,87
P030,W03,2026-08-07,80,87
P030,W03,2026-08-08,88,87
P030,W03,2026-08-09,80,87
P030,W03,2026-08-10,,87
P030,W03,2026-08-11,,87
P030,W03,2026-08-12,,87
P030,W03,2026-08-13,,87
P030,W03,2026-08-14,,87
P030,W03,2026-08-15,,87
P030,W03,2026-08-16,,87
P030,W03,2026-08-17,,87
P030,W03,2026-08-18,,87
P030,W03,2026-08-19,,87
P030,W03,2026-08-20,,87
P030,W03,2026-08-21,,87
P030,W03,2026-08-22,,87
P030,W03,2026-08-23,,87
P030,W03,2026-08-24,,87
P030,W03,2026-08-25,,87
P030,W03,2026-08-26,,87
P030,W03,2026-08-27,,87
P030,W03,2026-08-28,,87
P030,W03,2026-08-29,,87
P030,W03,2026-08-30,,87
P030,W03,2026-08-31,,87
P030,W03,2026-09-01,,89
P030,W03,2026-09-02,,89
P030,W03,2026-09-03,,89
P030,W03,2026-09-04,,89
P030,W03,2026-09-05,,89
P030,W03,2026-09-06,,89
P030,W03,2026-09-07,,89
P009,W07,2026-05-12,212,186
P009,W07,2026-05-13,198,186
P009,W07,2026-05-14,188,186
P009,W07,2026-05-15,186,186
P009,W07,2026-05-16,210,186
P009,W07,2026-05-17,154,186
P009,W07,2026-05-18,185,186
P009,W07,2026-05-19,173,186
P009,W07,2026-05-20,200,186
P009,W07,2026-05-21,199,186
P009,W07,2026-05-22,151,186
P009,W07,2026-05-23,181,186
P009,W07,2026-05-24,199,186
P009,W07,2026-05-25,181,186
P009,W07,2026-05-26,190,186
P009,W07,2026-05-27,150,186
P009,W07,2026-05-28,194,186
P009,W07,2026-05-29,192,186
P009,W07,2026-05-30,217,186
P009,W07,2026-05-31,193,186
P009,W07,2026-06-01,196,172
P009,W07,2026-06-02,183,172
P009,W07,2026-06-03,187,172
P009,W07,2026-06-04,166,172
P009,W07,2026-06-05,184,172
P009,W07,2026-06-06,183,172
P009,W07,2026-06-07,171,172
P009,W07,2026-06-08,170,172
P009,W07,2026-06-09,172,172
P009,W07,2026-06-10,181,172
P009,W07,2026-06-11,155,172
P009,W07,2026-06-12,165,172
P009,W07,2026-06-13,161,172
P009,W07,2026-06-14,192,172
P009,W07,2026-06-15,187,172
P009,W07,2026-06-16,190,172
P009,W07,2026-06-17,169,172
P009,W07,2026-06-18,168,172
P009,W07,2026-06-19,199,172
P009,W07,2026-06-20,149,172
P009,W07,2026-06-21,155,172
P009,W07,2026-06-22,175,172
P009,W07,2026-06-23,150,172
P009,W07,2026-06-24,187,172
P009,W07,2026-06-25,177,172
P009,W07,2026-06-26,162,172
P009,W07,2026-06-27,185,172
P009,W07,2026-06-28,138,172
P009,W07,2026-06-29,163,172
P009,W07,2026-06-30,155,172
P009,W07,2026-07-01,140,175
P009,W07,2026-07-02,209,175
P009,W07,2026-07-03,212,175
P009,W07,2026-07-04,157,175
P009,W07,2026-07-05,206,175
P009,W07,2026-07-06,171,175
P009,W07,2026-07-07,181,175
P009,W07,2026-07-08,157,175
P009,W07,2026-07-09,182,175
P009,W07,2026-07-10,167,175
P009,W07,2026-07-11,181,175
P009,W07,2026-07-12,175,175
P009,W07,2026-07-13,164,175
P009,W07,2026-07-14,139,175
P009,W07,2026-07-15,178,175
P009,W07,2026-07-16,175,175
P009,W07,2026-07-17,185,175
P009,W07,2026-07-18,212,175
P009,W07,2026-07-19,180,175
P009,W07,2026-07-20,150,175
P009,W07,2026-07-21,208,175
P009,W07,2026-07-22,161,175
P009,W07,2026-07-23,160,175
P009,W07,2026-07-24,154,175
P009,W07,2026-07-25,184,175
P009,W07,2026-07-26,152,175
P009,W07,2026-07-27,209,175
P009,W07,2026-07-28,140,175
P009,W07,2026-07-29,183,175
P009,W07,2026-07-30,164,175
P009,W07,2026-07-31,181,175
P009,W07,2026-08-01,156,178
P009,W07,2026-08-02,182,178
P009,W07,2026-08-03,191,178
P009,W07,2026-08-04,170,178
P009,W07,2026-08-05,164,178
P009,W07,2026-08-06,153,178
P009,W07,2026-08-07,161,178
P009,W07,2026-08-08,161,178
P009,W07,2026-08-09,162,178
P009,W07,2026-08-10,,178
P009,W07,2026-08-11,,178
P009,W07,2026-08-12,,178
P009,W07,2026-08-13,,178
P009,W07,2026-08-14,,178
P009,W07,2026-08-15,,178
P009,W07,2026-08-16,,178
P009,W07,2026-08-17,,178
P009,W07,2026-08-18,,178
P009,W07,2026-08-19,,178
P009,W07,2026-08-20,,178
P009,W07,2026-08-21,,178
P009,W07,2026-08-22,,178
P009,W07,2026-08-23,,178
P009,W07,2026-08-24,,178
P009,W07,2026-08-25,,178
P009,W07,2026-08-26,,178
P009,W07,2026-08-27,,178
P009,W07,2026-08-28,,178
P009,W07,2026-08-29,,178
P009,W07,2026-08-30,,178
P009,W07,2026-08-31,,178
P009,W07,2026-09-01,,181
P009,W07,2026-09-02,,181
P009,W07,2026-09-03,,181
P009,W07,2026-09-04,,181
P009,W07,2026-09-05,,181
P009,W07,2026-09-06,,181
P009,W07,2026-09-07,,181
P029,W03,2026-05-12,116,123
P029,W03,2026-05-13,113,123
P029,W03,2026-05-14,117,123
P029,W03,2026-05-15,124,123
P029,W03,2026-05-16,112,123
P029,W03,2026-05-17,122,123
P029,W03,2026-05-18,103,123
P029,W03,2026-05-19,124,123
P029,W03,2026-05-20,106,123
P029,W03,2026-05-21,127,123
P029,W03,2026-05-22,137,123
P029,W03,2026-05-23,120,123
P029,W03,2026-05-24,146,123
P029,W03,2026-05-25,141,123
P029,W03,2026-05-26,145,123
P029,W03,2026-05-27,130,123
P029,W03,2026-05-28,113,123
P029,W03,2026-05-29,128,123
P029,W03,2026-05-30,142,123
P029,W03,2026-05-31,111,123
P029,W03,2026-06-01,123,114
P029,W03,2026-06-02,103,114
P029,W03,2026-06-03,132,114
P029,W03,2026-06-04,121,114
P029,W03,2026-06-05,114,114
P029,W03,2026-06-06,105,114
P029,W03,2026-06-07,116,114
P029,W03,2026-06-08,138,114
P029,W03,2026-06-09,126,114
P029,W03,2026-06-10,106,114
P029,W03,2026-06-11,103,114
P029,W03,2026-06-12,133,114
P029,W03,2026-06-13,128,114
P029,W03,2026-06-14,105,114
P029,W03,2026-06-15,131,114
P029,W03,2026-06-16,110,114
P029,W03,2026-06-17,116,114
P029,W03,2026-06-18,118,114
P029,W03,2026-06-19,129,114
P029,W03,2026-06-20,114,114
P029,W03,2026-06-21,126,114
P029,W03,2026-06-22,101,114
P029,W03,2026-06-23,115,114
P029,W03,2026-06-24,121,114
P029,W03,2026-06-25,116,114
P029,W03,2026-06-26,105,114
P029,W03,2026-06-27,134,114
P029,W03,2026-06-28,113,114
P029,W03,2026-06-29,110,114
P029,W03,2026-06-30,116,114
P029,W03,2026-07-01,113,115
P029,W03,2026-07-02,109,115
P029,W03,2026-07-03,113,115
P029,W03,2026-07-04,133,115
P029,W03,2026-07-05,128,115
P029,W03,2026-07-06,114,115
P029,W03,2026-07-07,105,115
P029,W03,2026-07-08,107,115
P029,W03,2026-07-09,116,115
P029,W03,2026-07-10,109,115
P029,W03,2026-07-11,115,115
P029,W03,2026-07-12,127,115
P029,W03,2026-07-13,139,115
P029,W03,2026-07-14,123,115
P029,W03,2026-07-15,95,115
P029,W03,2026-07-16,120,115
P029,W03,2026-07-17,101,115
P029,W03,2026-07-18,114,115
P029,W03,2026-07-19,126,115
P029,W03,2026-07-20,120,115
P029,W03,2026-07-21,101,115
P029,W03,2026-07-22,127,115
P029,W03,2026-07-23,111,115
P029,W03,2026-07-24,137,115
P029,W03,2026-07-25,109,115
P029,W03,2026-07-26,113,115
P029,W03,2026-07-27,111,115
P029,W03,2026-07-28,112,115
P029,W03,2026-07-29,91,115
P029,W03,2026-07-30,95,115
P029,W03,2026-07-31,101,115
P029,W03,2026-08-01,115,117
P029,W03,2026-08-02,127,117
P029,W03,2026-08-03,99,117
P029,W03,2026-08-04,105,117
P029,W03,2026-08-05,103,117
P029,W03,2026-08-06,114,117
P029,W03,2026-08-07,133,117
P029,W03,2026-08-08,126,117
P029,W03,2026-08-09,119,117
P029,W03,2026-08-10,,117
P029,W03,2026-08-11,,117
P029,W03,2026-08-12,,117
P029,W03,2026-08-13,,117
P029,W03,2026-08-14,,117
P029,W03,2026-08-15,,117
P029,W03,2026-08-16,,117
P029,W03,2026-08-17,,117
P029,W03,2026-08-18,,117
P029,W03,2026-08-19,,117
P029,W03,2026-08-20,,117
P029,W03,2026-08-21,,117
P029,W03,2026-08-22,,117
P029,W03,2026-08-23,,117
P029,W03,2026-08-24,,117
P029,W03,2026-08-25,,117
P029,W03,2026-08-26,,117
P029,W03,2026-08-27,,117
P029,W03,2026-08-28,,117
P029,W03,2026-08-29,,117
P029,W03,2026-08-30,,117
P029,W03,2026-08-31,,117
P029,W03,2026-09-01,,119
P029,W03,2026-09-02,,119
P029,W03,2026-09-03,,119
P029,W03,2026-09-04,,119
P029,W03,2026-09-05,,119
P029,W03,2026-09-06,,119
P029,W03,2026-09-07,,119
P015,W08,2026-05-12,196,187
P015,W08,2026-05-13,157,187
P015,W08,2026-05-14,152,187
P015,W08,2026-05-15,180,187
P015,W08,2026-05-16,195,187
P015,W08,2026-05-17,189,187
P015,W08,2026-05-18,159,187
P015,W08,2026-05-19,149,187
P015,W08,2026-05-20,188,187
P015,W08,2026-05-21,216,187
P015,W08,2026-05-22,180,187
P015,W08,2026-05-23,176,187
P015,W08,2026-05-24,175,187
P015,W08,2026-05-25,195,187
P015,W08,2026-05-26,180,187
P015,W08,2026-05-27,184,187
P015,W08,2026-05-28,181,187
P015,W08,2026-05-29,161,187
P015,W08,2026-05-30,219,187
P015,W08,2026-05-31,209,187
P015,W08,2026-06-01,187,172
P015,W08,2026-06-02,134,172
P015,W08,2026-06-03,152,172
P015,W08,2026-06-04,153,172
P015,W08,2026-06-05,185,172
P015,W08,2026-06-06,168,172
P015,W08,2026-06-07,146,172
P015,W08,2026-06-08,173,172
P015,W08,2026-06-09,202,172
P015,W08,2026-06-10,181,172
P015,W08,2026-06-11,200,172
P015,W08,2026-06-12,160,172
P015,W08,2026-06-13,166,172
P015,W08,2026-06-14,154,172
P015,W08,2026-06-15,181,172
P015,W08,2026-06-16,200,172
P015,W08,2026-06-17,146,172
P015,W08,2026-06-18,172,172
P015,W08,2026-06-19,158,172
P015,W08,2026-06-20,153,172
P015,W08,2026-06-21,169,172
P015,W08,2026-06-22,205,172
P015,W08,2026-06-23,150,172
P015,W08,2026-06-24,189,172
P015,W08,2026-06-25,158,172
P015,W08,2026-06-26,154,172
P015,W08,2026-06-27,174,172
P015,W08,2026-06-28,173,172
P015,W08,2026-06-29,148,172
P015,W08,2026-06-30,156,172
P015,W08,2026-07-01,163,175
P015,W08,2026-07-02,137,175
P015,W08,2026-07-03,167,175
P015,W08,2026-07-04,170,175
P015,W08,2026-07-05,185,175
P015,W08,2026-07-06,167,175
P015,W08,2026-07-07,168,175
P015,W08,2026-07-08,183,175
P015,W08,2026-07-09,184,175
P015,W08,2026-07-10,183,175
P015,W08,2026-07-11,187,175
P015,W08,2026-07-12,166,175
P015,W08,2026-07-13,151,175
P015,W08,2026-07-14,151,175
P015,W08,2026-07-15,177,175
P015,W08,2026-07-16,157,175
P015,W08,2026-07-17,171,175
P015,W08,2026-07-18,176,175
P015,W08,2026-07-19,144,175
P015,W08,2026-07-20,142,175
P015,W08,2026-07-21,188,175
P015,W08,2026-07-22,191,175
P015,W08,2026-07-23,167,175
P015,W08,2026-07-24,184,175
P015,W08,2026-07-25,166,175
P015,W08,2026-07-26,174,175
P015,W08,2026-07-27,154,175
P015,W08,2026-07-28,170,175
P015,W08,2026-07-29,189,175
P015,W08,2026-07-30,191,175
P015,W08,2026-07-31,152,175
P015,W08,2026-08-01,187,178
P015,W08,2026-08-02,170,178
P015,W08,2026-08-03,161,178
P015,W08,2026-08-04,201,178
P015,W08,2026-08-05,140,178
P015,W08,2026-08-06,160,178
P015,W08,2026-08-07,202,178
P015,W08,2026-08-08,176,178
P015,W08,2026-08-09,171,178
P015,W08,2026-08-10,,178
P015,W08,2026-08-11,,178
P015,W08,2026-08-12,,178
P015,W08,2026-08-13,,178
P015,W08,2026-08-14,,178
P015,W08,2026-08-15,,178
P015,W08,2026-08-16,,178
P015,W08,2026-08-17,,178
P015,W08,2026-08-18,,178
P015,W08,2026-08-19,,178
P015,W08,2026-08-20,,178
P015,W08,2026-08-21,,178
P015,W08,2026-08-22,,178
P015,W08,2026-08-23,,178
P015,W08,2026-08-24,,178
P015,W08,2026-08-25,,178
P015,W08,2026-08-26,,178
P015,W08,2026-08-27,,178
P015,W08,2026-08-28,,178
P015,W08,2026-08-29,,178
P015,W08,2026-08-30,,178
P015,W08,2026-08-31,,178
P015,W08,2026-09-01,,181
P015,W08,2026-09-02,,181
P015,W08,2026-09-03,,181
P015,W08,2026-09-04,,181
P015,W08,2026-09-05,,181
P015,W08,2026-09-06,,181
P015,W08,2026-09-07,,181
P026,W08,2026-05-12,69,59
P026,W08,2026-05-13,56,59
P026,W08,2026-05-14,55,59
P026,W08,2026-05-15,56,59
P026,W08,2026-05-16,58,59
P026,W08,2026-05-17,61,59
P026,W08,2026-05-18,59,59
P026,W08,2026-05-19,66,59
P026,W08,2026-05-20,56,59
P026,W08,2026-05-21,67,59
P026,W08,2026-05-22,58,59
P026,W08,2026-05-23,62,59
P026,W08,2026-05-24,63,59
P026,W08,2026-05-25,60,59
P026,W08,2026-05-26,56,59
P026,W08,2026-05-27,55,59
P026,W08,2026-05-28,64,59
P026,W08,2026-05-29,55,59
P026,W08,2026-05-30,54,59
P026,W08,2026-05-31,59,59
P026,W08,2026-06-01,50,55
P026,W08,2026-06-02,59,55
P026,W08,2026-06-03,53,55
P026,W08,2026-06-04,59,55
P026,W08,2026-06-05,47,55
P026,W08,2026-06-06,46,55
P026,W08,2026-06-07,48,55
P026,W08,2026-06-08,62,55
P026,W08,2026-06-09,52,55
P026,W08,2026-06-10,54,55
P026,W08,2026-06-11,52,55
P026,W08,2026-06-12,67,55
P026,W08,2026-06-13,62,55
P026,W08,2026-06-14,53,55
P026,W08,2026-06-15,56,55
P026,W08,2026-06-16,66,55
P026,W08,2026-06-17,58,55
P026,W08,2026-06-18,53,55
P026,W08,2026-06-19,61,55
P026,W08,2026-06-20,59,55
P026,W08,2026-06-21,48,55
P026,W08,2026-06-22,55,55
P026,W08,2026-06-23,61,55
P026,W08,2026-06-24,54,55
P026,W08,2026-06-25,63,55
P026,W08,2026-06-26,65,55
P026,W08,2026-06-27,50,55
P026,W08,2026-06-28,52,55
P026,W08,2026-06-29,58,55
P026,W08,2026-06-30,54,55
P026,W08,2026-07-01,57,56
P026,W08,2026-07-02,46,56
P026,W08,2026-07-03,57,56
P026,W08,2026-07-04,60,56
P026,W08,2026-07-05,54,56
P026,W08,2026-07-06,52,56
P026,W08,2026-07-07,61,56
P026,W08,2026-07-08,67,56
P026,W08,2026-07-09,48,56
P026,W08,2026-07-10,50,56
P026,W08,2026-07-11,64,56
P026,W08,2026-07-12,63,56
P026,W08,2026-07-13,61,56
P026,W08,2026-07-14,58,56
P026,W08,2026-07-15,54,56
P026,W08,2026-07-16,49,56
P026,W08,2026-07-17,56,56
P026,W08,2026-07-18,59,56
P026,W08,2026-07-19,51,56
P026,W08,2026-07-20,49,56
P026,W08,2026-07-21,62,56
P026,W08,2026-07-22,54,56
P026,W08,2026-07-23,61,56
P026,W08,2026-07-24,60,56
P026,W08,2026-07-25,54,56
P026,W08,2026-07-26,66,56
P026,W08,2026-07-27,56,56
P026,W08,2026-07-28,62,56
P026,W08,2026-07-29,61,56
P026,W08,2026-07-30,46,56
P026,W08,2026-07-31,55,56
P026,W08,2026-08-01,51,57
P026,W08,2026-08-02,54,57
P026,W08,2026-08-03,61,57
P026,W08,2026-08-04,52,57
P026,W08,2026-08-05,57,57
P026,W08,2026-08-06,61,57
P026,W08,2026-08-07,61,57
P026,W08,2026-08-08,60,57
P026,W08,2026-08-09,59,57
P026,W08,2026-08-10,,57
P026,W08,2026-08-11,,57
P026,W08,2026-08-12,,57
P026,W08,2026-08-13,,57
P026,W08,2026-08-14,,57
P026,W08,2026-08-15,,57
P026,W08,2026-08-16,,57
P026,W08,2026-08-17,,57
P026,W08,2026-08-18,,57
P026,W08,2026-08-19,,57
P026,W08,2026-08-20,,57
P026,W08,2026-08-21,,57
P026,W08,2026-08-22,,57
P026,W08,2026-08-23,,57
P026,W08,2026-08-24,,57
P026,W08,2026-08-25,,57
P026,W08,2026-08-26,,57
P026,W08,2026-08-27,,57
P026,W08,2026-08-28,,57
P026,W08,2026-08-29,,57
P026,W08,2026-08-30,,57
P026,W08,2026-08-31,,57
P026,W08,2026-09-01,,58
P026,W08,2026-09-02,,58
P026,W08,2026-09-03,,58
P026,W08,2026-09-04,,58
P026,W08,2026-09-05,,58
P026,W08,2026-09-06,,58
P026,W08,2026-09-07,,58
P004,W03,2026-05-12,109,128
P004,W03,2026-05-13,127,128
P004,W03,2026-05-14,115,128
P004,W03,2026-05-15,134,128
P004,W03,2026-05-16,116,128
P004,W03,2026-05-17,132,128
P004,W03,2026-05-18,136,128
P004,W03,2026-05-19,132,128
P004,W03,2026-05-20,122,128
P004,W03,2026-05-21,112,128
P004,W03,2026-05-22,157,128
P004,W03,2026-05-23,121,128
P004,W03,2026-05-24,143,128
P004,W03,2026-05-25,114,128
P004,W03,2026-05-26,138,128
P004,W03,2026-05-27,110,128
P004,W03,2026-05-28,126,128
P004,W03,2026-05-29,121,128
P004,W03,2026-05-30,114,128
P004,W03,2026-05-31,140,128
P004,W03,2026-06-01,116,118
P004,W03,2026-06-02,109,118
P004,W03,2026-06-03,129,118
P004,W03,2026-06-04,110,118
P004,W03,2026-06-05,135,118
P004,W03,2026-06-06,114,118
P004,W03,2026-06-07,103,118
P004,W03,2026-06-08,123,118
P004,W03,2026-06-09,135,118
P004,W03,2026-06-10,113,118
P004,W03,2026-06-11,111,118
P004,W03,2026-06-12,111,118
P004,W03,2026-06-13,120,118
P004,W03,2026-06-14,127,118
P004,W03,2026-06-15,110,118
P004,W03,2026-06-16,117,118
P004,W03,2026-06-17,125,118
P004,W03,2026-06-18,118,118
P004,W03,2026-06-19,116,118
P004,W03,2026-06-20,106,118
P004,W03,2026-06-21,98,118
P004,W03,2026-06-22,136,118
P004,W03,2026-06-23,103,118
P004,W03,2026-06-24,120,118
P004,W03,2026-06-25,112,118
P004,W03,2026-06-26,120,118
P004,W03,2026-06-27,105,118
P004,W03,2026-06-28,120,118
P004,W03,2026-06-29,121,118
P004,W03,2026-06-30,118,118
P004,W03,2026-07-01,121,120
P004,W03,2026-07-02,127,120
P004,W03,2026-07-03,134,120
P004,W03,2026-07-04,123,120
P004,W03,2026-07-05,110,120
P004,W03,2026-07-06,128,120
P004,W03,2026-07-07,144,120
P004,W03,2026-07-08,130,120
P004,W03,2026-07-09,113,120
P004,W03,2026-07-10,110,120
P004,W03,2026-07-11,105,120
P004,W03,2026-07-12,138,120
P004,W03,2026-07-13,112,120
P004,W03,2026-07-14,148,120
P004,W03,2026-07-15,121,120
P004,W03,2026-07-16,118,120
P004,W03,2026-07-17,109,120
P004,W03,2026-07-18,119,120
P004,W03,2026-07-19,114,120
P004,W03,2026-07-20,111,120
P004,W03,2026-07-21,128,120
P004,W03,2026-07-22,130,120
P004,W03,2026-07-23,118,120
P004,W03,2026-07-24,128,120
P004,W03,2026-07-25,116,120
P004,W03,2026-07-26,117,120
P004,W03,2026-07-27,116,120
P004,W03,2026-07-28,130,120
P004,W03,2026-07-29,115,120
P004,W03,2026-07-30,129,120
P004,W03,2026-07-31,126,120
P004,W03,2026-08-01,111,122
P004,W03,2026-08-02,112,122
P004,W03,2026-08-03,115,122
P004,W03,2026-08-04,127,122
P004,W03,2026-08-05,132,122
P004,W03,2026-08-06,138,122
P004,W03,2026-08-07,111,122
P004,W03,2026-08-08,102,122
P004,W03,2026-08-09,108,122
P004,W03,2026-08-10,,122
P004,W03,2026-08-11,,122
P004,W03,2026-08-12,,122
P004,W03,2026-08-13,,122
P004,W03,2026-08-14,,122
P004,W03,2026-08-15,,122
P004,W03,2026-08-16,,122
P004,W03,2026-08-17,,122
P004,W03,2026-08-18,,122
P004,W03,2026-08-19,,122
P004,W03,2026-08-20,,122
P004,W03,2026-08-21,,122
P004,W03,2026-08-22,,122
P004,W03,2026-08-23,,122
P004,W03,2026-08-24,,122
P004,W03,2026-08-25,,122
P004,W03,2026-08-26,,122
P004,W03,2026-08-27,,122
P004,W03,2026-08-28,,122
P004,W03,2026-08-29,,122
P004,W03,2026-08-30,,122
P004,W03,2026-08-31,,122
P004,W03,2026-09-01,,124
P004,W03,2026-09-02,,124
P004,W03,2026-09-03,,124
P004,W03,2026-09-04,,124
P004,W03,2026-09-05,,124
P004,W03,2026-09-06,,124
P004,W03,2026-09-07,,124
P008,W07,2026-05-12,80,70
P008,W07,2026-05-13,77,70
P008,W07,2026-05-14,68,70
P008,W07,2026-05-15,66,70
P008,W07,2026-05-16,62,70
P008,W07,2026-05-17,82,70
P008,W07,2026-05-18,57,70
P008,W07,2026-05-19,70,70
P008,W07,2026-05-20,57,70
P008,W07,2026-05-21,68,70
P008,W07,2026-05-22,71,70
P008,W07,2026-05-23,71,70
P008,W07,2026-05-24,72,70
P008,W07,2026-05-25,64,70
P008,W07,2026-05-26,59,70
P008,W07,2026-05-27,67,70
P008,W07,2026-05-28,66,70
P008,W07,2026-05-29,62,70
P008,W07,2026-05-30,72,70
P008,W07,2026-05-31,64,70
P008,W07,2026-06-01,59,65
P008,W07,2026-06-02,63,65
P008,W07,2026-06-03,51,65
P008,W07,2026-06-04,62,65
P008,W07,2026-06-05,63,65
P008,W07,2026-06-06,62,65
P008,W07,2026-06-07,59,65
P008,W07,2026-06-08,61,65
P008,W07,2026-06-09,62,65
P008,W07,2026-06-10,67,65
P008,W07,2026-06-11,58,65
P008,W07,2026-06-12,58,65
P008,W07,2026-06-13,58,65
P008,W07,2026-06-14,68,65
P008,W07,2026-06-15,67,65
P008,W07,2026-06-16,72,65
P008,W07,2026-06-17,66,65
P008,W07,2026-06-18,58,65
P008,W07,2026-06-19,68,65
P008,W07,2026-06-20,64,65
P008,W07,2026-06-21,76,65
P008,W07,2026-06-22,66,65
P008,W07,2026-06-23,68,65
P008,W07,2026-06-24,59,65
P008,W07,2026-06-25,62,65
P008,W07,2026-06-26,74,65
P008,W07,2026-06-27,76,65
P008,W07,2026-06-28,78,65
P008,W07,2026-06-29,59,65
P008,W07,2026-06-30,63,65
P008,W07,2026-07-01,57,66
P008,W07,2026-07-02,71,66
P008,W07,2026-07-03,65,66
P008,W07,2026-07-04,70,66
P008,W07,2026-07-05,62,66
P008,W07,2026-07-06,73,66
P008,W07,2026-07-07,58,66
P008,W07,2026-07-08,71,66
P008,W07,2026-07-09,69,66
P008,W07,2026-07-10,66,66
P008,W07,2026-07-11,68,66
P008,W07,2026-07-12,71,66
P008,W07,2026-07-13,68,66
P008,W07,2026-07-14,54,66
P008,W07,2026-07-15,73,66
P008,W07,2026-07-16,81,66
P008,W07,2026-07-17,68,66
P008,W07,2026-07-18,62,66
P008,W07,2026-07-19,66,66
P008,W07,2026-07-20,73,66
P008,W07,2026-07-21,66,66
P008,W07,2026-07-22,78,66
P008,W07,2026-07-23,63,66
P008,W07,2026-07-24,65,66
P008,W07,2026-07-25,72,66
P008,W07,2026-07-26,65,66
P008,W07,2026-07-27,61,66
P008,W07,2026-07-28,63,66
P008,W07,2026-07-29,64,66
P008,W07,2026-07-30,59,66
P008,W07,2026-07-31,67,66
P008,W07,2026-08-01,68,67
P008,W07,2026-08-02,74,67
P008,W07,2026-08-03,74,67
P008,W07,2026-08-04,68,67
P008,W07,2026-08-05,63,67
P008,W07,2026-08-06,76,67
P008,W07,2026-08-07,54,67
P008,W07,2026-08-08,74,67
P008,W07,2026-08-09,70,67
P008,W07,2026-08-10,,67
P008,W07,2026-08-11,,67
P008,W07,2026-08-12,,67
P008,W07,2026-08-13,,67
P008,W07,2026-08-14,,67
P008,W07,2026-08-15,,67
P008,W07,2026-08-16,,67
P008,W07,2026-08-17,,67
P008,W07,2026-08-18,,67
P008,W07,2026-08-19,,67
P008,W07,2026-08-20,,67
P008,W07,2026-08-21,,67
P008,W07,2026-08-22,,67
P008,W07,2026-08-23,,67
P008,W07,2026-08-24,,67
P008,W07,2026-08-25,,67
P008,W07,2026-08-26,,67
P008,W07,2026-08-27,,67
P008,W07,2026-08-28,,67
P008,W07,2026-08-29,,67
P008,W07,2026-08-30,,67
P008,W07,2026-08-31,,67
P008,W07,2026-09-01,,68
P008,W07,2026-09-02,,68
P008,W07,2026-09-03,,68
P008,W07,2026-09-04,,68
P008,W07,2026-09-05,,68
P008,W07,2026-09-06,,68
P008,W07,2026-09-07,,68
P005,W06,2026-05-12,123,158
P005,W06,2026-05-13,172,158
P005,W06,2026-05-14,156,158
P005,W06,2026-05-15,129,158
P005,W06,2026-05-16,149,158
P005,W06,2026-05-17,160,158
P005,W06,2026-05-18,184,158
P005,W06,2026-05-19,178,158
P005,W06,2026-05-20,188,158
P005,W06,2026-05-21,149,158
P005,W06,2026-05-22,129,158
P005,W06,2026-05-23,158,158
P005,W06,2026-05-24,162,158
P005,W06,2026-05-25,173,158
P005,W06,2026-05-26,180,158
P005,W06,2026-05-27,142,158
P005,W06,2026-05-28,150,158
P005,W06,2026-05-29,168,158
P005,W06,2026-05-30,155,158
P005,W06,2026-05-31,138,158
P005,W06,2026-06-01,167,146
P005,W06,2026-06-02,133,146
P005,W06,2026-06-03,148,146
P005,W06,2026-06-04,164,146
P005,W06,2026-06-05,145,146
P005,W06,2026-06-06,124,146
P005,W06,2026-06-07,127,146
P005,W06,2026-06-08,160,146
P005,W06,2026-06-09,121,146
P005,W06,2026-06-10,163,146
P005,W06,2026-06-11,178,146
P005,W06,2026-06-12,161,146
P005,W06,2026-06-13,125,146
P005,W06,2026-06-14,137,146
P005,W06,2026-06-15,115,146
P005,W06,2026-06-16,161,146
P005,W06,2026-06-17,129,146
P005,W06,2026-06-18,136,146
P005,W06,2026-06-19,170,146
P005,W06,2026-06-20,124,146
P005,W06,2026-06-21,178,146
P005,W06,2026-06-22,154,146
P005,W06,2026-06-23,121,146
P005,W06,2026-06-24,153,146
P005,W06,2026-06-25,147,146
P005,W06,2026-06-26,174,146
P005,W06,2026-06-27,167,146
P005,W06,2026-06-28,166,146
P005,W06,2026-06-29,142,146
P005,W06,2026-06-30,144,146
P005,W06,2026-07-01,137,148
P005,W06,2026-07-02,146,148
P005,W06,2026-07-03,156,148
P005,W06,2026-07-04,135,148
P005,W06,2026-07-05,170,148
P005,W06,2026-07-06,153,148
P005,W06,2026-07-07,128,148
P005,W06,2026-07-08,136,148
P005,W06,2026-07-09,124,148
P005,W06,2026-07-10,139,148
P005,W06,2026-07-11,154,148
P005,W06,2026-07-12,150,148
P005,W06,2026-07-13,152,148
P005,W06,2026-07-14,161,148
P005,W06,2026-07-15,122,148
P005,W06,2026-07-16,140,148
P005,W06,2026-07-17,157,148
P005,W06,2026-07-18,154,148
P005,W06,2026-07-19,158,148
P005,W06,2026-07-20,125,148
P005,W06,2026-07-21,130,148
P005,W06,2026-07-22,164,148
P005,W06,2026-07-23,133,148
P005,W06,2026-07-24,150,148
P005,W06,2026-07-25,173,148
P005,W06,2026-07-26,142,148
P005,W06,2026-07-27,161,148
P005,W06,2026-07-28,179,148
P005,W06,2026-07-29,124,148
P005,W06,2026-07-30,142,148
P005,W06,2026-07-31,141,148
P005,W06,2026-08-01,125,150
P005,W06,2026-08-02,124,150
P005,W06,2026-08-03,124,150
P005,W06,2026-08-04,159,150
P005,W06,2026-08-05,180,150
P005,W06,2026-08-06,160,150
P005,W06,2026-08-07,148,150
P005,W06,2026-08-08,157,150
P005,W06,2026-08-09,152,150
P005,W06,2026-08-10,,150
P005,W06,2026-08-11,,150
P005,W06,2026-08-12,,150
P005,W06,2026-08-13,,150
P005,W06,2026-08-14,,150
P005,W06,2026-08-15,,150
P005,W06,2026-08-16,,150
P005,W06,2026-08-17,,150
P005,W06,2026-08-18,,150
P005,W06,2026-08-19,,150
P005,W06,2026-08-20,,150
P005,W06,2026-08-21,,150
P005,W06,2026-08-22,,150
P005,W06,2026-08-23,,150
P005,W06,2026-08-24,,150
P005,W06,2026-08-25,,150
P005,W06,2026-08-26,,150
P005,W06,2026-08-27,,150
P005,W06,2026-08-28,,150
P005,W06,2026-08-29,,150
P005,W06,2026-08-30,,150
P005,W06,2026-08-31,,150
P005,W06,2026-09-01,,153
P005,W06,2026-09-02,,153
P005,W06,2026-09-03,,153
P005,W06,2026-09-04,,153
P005,W06,2026-09-05,,153
P005,W06,2026-09-06,,153
P005,W06,2026-09-07,,153
P018,W07,2026-05-12,125,123
P018,W07,2026-05-13,147,123
P018,W07,2026-05-14,138,123
P018,W07,2026-05-15,125,123
P018,W07,2026-05-16,131,123
P018,W07,2026-05-17,108,123
P018,W07,2026-05-18,114,123
P018,W07,2026-05-19,110,123
P018,W07,2026-05-20,114,123
P018,W07,2026-05-21,132,123
P018,W07,2026-05-22,107,123
P018,W07,2026-05-23,137,123
P018,W07,2026-05-24,113,123
P018,W07,2026-05-25,133,123
P018,W07,2026-05-26,135,123
P018,W07,2026-05-27,120,123
P018,W07,2026-05-28,119,123
P018,W07,2026-05-29,121,123
P018,W07,2026-05-30,122,123
P018,W07,2026-05-31,102,123
P018,W07,2026-06-01,120,114
P018,W07,2026-06-02,110,114
P018,W07,2026-06-03,107,114
P018,W07,2026-06-04,122,114
P018,W07,2026-06-05,127,114
P018,W07,2026-06-06,107,114
P018,W07,2026-06-07,95,114
P018,W07,2026-06-08,125,114
P018,W07,2026-06-09,93,114
P018,W07,2026-06-10,110,114
P018,W07,2026-06-11,126,114
P018,W07,2026-06-12,134,114
P018,W07,2026-06-13,105,114
P018,W07,2026-06-14,93,114
P018,W07,2026-06-15,126,114
P018,W07,2026-06-16,125,114
P018,W07,2026-06-17,103,114
P018,W07,2026-06-18,112,114
P018,W07,2026-06-19,116,114
P018,W07,2026-06-20,138,114
P018,W07,2026-06-21,92,114
P018,W07,2026-06-22,113,114
P018,W07,2026-06-23,97,114
P018,W07,2026-06-24,97,114
P018,W07,2026-06-25,129,114
P018,W07,2026-06-26,127,114
P018,W07,2026-06-27,104,114
P018,W07,2026-06-28,106,114
P018,W07,2026-06-29,128,114
P018,W07,2026-06-30,101,114
P018,W07,2026-07-01,122,115
P018,W07,2026-07-02,115,115
P018,W07,2026-07-03,107,115
P018,W07,2026-07-04,120,115
P018,W07,2026-07-05,133,115
P018,W07,2026-07-06,104,115
P018,W07,2026-07-07,111,115
P018,W07,2026-07-08,129,115
P018,W07,2026-07-09,109,115
P018,W07,2026-07-10,94,115
P018,W07,2026-07-11,125,115
P018,W07,2026-07-12,114,115
P018,W07,2026-07-13,102,115
P018,W07,2026-07-14,121,115
P018,W07,2026-07-15,119,115
P018,W07,2026-07-16,132,115
P018,W07,2026-07-17,121,115
P018,W07,2026-07-18,107,115
P018,W07,2026-07-19,119,115
P018,W07,2026-07-20,106,115
P018,W07,2026-07-21,132,115
P018,W07,2026-07-22,102,115
P018,W07,2026-07-23,110,115
P018,W07,2026-07-24,118,115
P018,W07,2026-07-25,122,115
P018,W07,2026-07-26,95,115
P018,W07,2026-07-27,135,115
P018,W07,2026-07-28,110,115
P018,W07,2026-07-29,109,115
P018,W07,2026-07-30,123,115
P018,W07,2026-07-31,137,115
P018,W07,2026-08-01,107,117
P018,W07,2026-08-02,125,117
P018,W07,2026-08-03,120,117
P018,W07,2026-08-04,126,117
P018,W07,2026-08-05,121,117
P018,W07,2026-08-06,110,117
P018,W07,2026-08-07,105,117
P018,W07,2026-08-08,126,117
P018,W07,2026-08-09,106,117
P018,W07,2026-08-10,,117
P018,W07,2026-08-11,,117
P018,W07,2026-08-12,,117
P018,W07,2026-08-13,,117
P018,W07,2026-08-14,,117
P018,W07,2026-08-15,,117
P018,W07,2026-08-16,,117
P018,W07,2026-08-17,,117
P018,W07,2026-08-18,,117
P018,W07,2026-08-19,,117
P018,W07,2026-08-20,,117
P018,W07,2026-08-21,,117
P018,W07,2026-08-22,,117
P018,W07,2026-08-23,,117
P018,W07,2026-08-24,,117
P018,W07,2026-08-25,,117
P018,W07,2026-08-26,,117
P018,W07,2026-08-27,,117
P018,W07,2026-08-28,,117
P018,W07,2026-08-29,,117
P018,W07,2026-08-30,,117
P018,W07,2026-08-31,,117
P018,W07,2026-09-01,,119
P018,W07,2026-09-02,,119
P018,W07,2026-09-03,,119
P018,W07,2026-09-04,,119
P018,W07,2026-09-05,,119
P018,W07,2026-09-06,,119
P018,W07,2026-09-07,,119
P004,W01,2026-05-12,63,71
P004,W01,2026-05-13,70,71
P004,W01,2026-05-14,69,71
P004,W01,2026-05-15,70,71
P004,W01,2026-05-16,83,71
P004,W01,2026-05-17,68,71
P004,W01,2026-05-18,70,71
P004,W01,2026-05-19,81,71
P004,W01,2026-05-20,70,71
P004,W01,2026-05-21,67,71
P004,W01,2026-05-22,80,71
P004,W01,2026-05-23,78,71
P004,W01,2026-05-24,64,71
P004,W01,2026-05-25,65,71
P004,W01,2026-05-26,71,71
P004,W01,2026-05-27,70,71
P004,W01,2026-05-28,68,71
P004,W01,2026-05-29,70,71
P004,W01,2026-05-30,73,71
P004,W01,2026-05-31,74,71
P004,W01,2026-06-01,69,66
P004,W01,2026-06-02,63,66
P004,W01,2026-06-03,70,66
P004,W01,2026-06-04,52,66
P004,W01,2026-06-05,65,66
P004,W01,2026-06-06,73,66
P004,W01,2026-06-07,73,66
P004,W01,2026-06-08,57,66
P004,W01,2026-06-09,51,66
P004,W01,2026-06-10,68,66
P004,W01,2026-06-11,74,66
P004,W01,2026-06-12,60,66
P004,W01,2026-06-13,72,66
P004,W01,2026-06-14,70,66
P004,W01,2026-06-15,70,66
P004,W01,2026-06-16,73,66
P004,W01,2026-06-17,76,66
P004,W01,2026-06-18,56,66
P004,W01,2026-06-19,57,66
P004,W01,2026-06-20,63,66
P004,W01,2026-06-21,55,66
P004,W01,2026-06-22,80,66
P004,W01,2026-06-23,64,66
P004,W01,2026-06-24,69,66
P004,W01,2026-06-25,70,66
P004,W01,2026-06-26,58,66
P004,W01,2026-06-27,65,66
P004,W01,2026-06-28,69,66
P004,W01,2026-06-29,74,66
P004,W01,2026-06-30,74,66
P004,W01,2026-07-01,79,67
P004,W01,2026-07-02,59,67
P004,W01,2026-07-03,76,67
P004,W01,2026-07-04,64,67
P004,W01,2026-07-05,62,67
P004,W01,2026-07-06,60,67
P004,W01,2026-07-07,76,67
P004,W01,2026-07-08,77,67
P004,W01,2026-07-09,75,67
P004,W01,2026-07-10,74,67
P004,W01,2026-07-11,75,67
P004,W01,2026-07-12,71,67
P004,W01,2026-07-13,61,67
P004,W01,2026-07-14,68,67
P004,W01,2026-07-15,55,67
P004,W01,2026-07-16,61,67
P004,W01,2026-07-17,62,67
P004,W01,2026-07-18,64,67
P004,W01,2026-07-19,73,67
P004,W01,2026-07-20,69,67
P004,W01,2026-07-21,70,67
P004,W01,2026-07-22,77,67
P004,W01,2026-07-23,73,67
P004,W01,2026-07-24,64,67
P004,W01,2026-07-25,71,67
P004,W01,2026-07-26,67,67
P004,W01,2026-07-27,73,67
P004,W01,2026-07-28,64,67
P004,W01,2026-07-29,61,67
P004,W01,2026-07-30,71,67
P004,W01,2026-07-31,76,67
P004,W01,2026-08-01,82,68
P004,W01,2026-08-02,65,68
P004,W01,2026-08-03,78,68
P004,W01,2026-08-04,66,68
P004,W01,2026-08-05,77,68
P004,W01,2026-08-06,67,68
P004,W01,2026-08-07,69,68
P004,W01,2026-08-08,61,68
P004,W01,2026-08-09,61,68
P004,W01,2026-08-10,,68
P004,W01,2026-08-11,,68
P004,W01,2026-08-12,,68
P004,W01,2026-08-13,,68
P004,W01,2026-08-14,,68
P004,W01,2026-08-15,,68
P004,W01,2026-08-16,,68
P004,W01,2026-08-17,,68
P004,W01,2026-08-18,,68
P004,W01,2026-08-19,,68
P004,W01,2026-08-20,,68
P004,W01,2026-08-21,,68
P004,W01,2026-08-22,,68
P004,W01,2026-08-23,,68
P004,W01,2026-08-24,,68
P004,W01,2026-08-25,,68
P004,W01,2026-08-26,,68
P004,W01,2026-08-27,,68
P004,W01,2026-08-28,,68
P004,W01,2026-08-29,,68
P004,W01,2026-08-30,,68
P004,W01,2026-08-31,,68
P004,W01,2026-09-01,,69
P004,W01,2026-09-02,,69
P004,W01,2026-09-03,,69
P004,W01,2026-09-04,,69
P004,W01,2026-09-05,,69
P004,W01,2026-09-06,,69
P004,W01,2026-09-07,,69
P009,W04,2026-05-12,44,44
P009,W04,2026-05-13,52,44
P009,W04,2026-05-14,47,44
P009,W04,2026-05-15,39,44
P009,W04,2026-05-16,48,44
P009,W04,2026-05-17,43,44
P009,W04,2026-05-18,45,44
P009,W04,2026-05-19,45,44
P009,W04,2026-05-20,40,44
P009,W04,2026-05-21,51,44
P009,W04,2026-05-22,51,44
P009,W04,2026-05-23,35,44
P009,W04,2026-05-24,49,44
P009,W04,2026-05-25,52,44
P009,W04,2026-05-26,47,44
P009,W04,2026-05-27,44,44
P009,W04,2026-05-28,48,44
P009,W04,2026-05-29,45,44
P009,W04,2026-05-30,38,44
P009,W04,2026-05-31,46,44
P009,W04,2026-06-01,49,41
P009,W04,2026-06-02,40,41
P009,W04,2026-06-03,41,41
P009,W04,2026-06-04,37,41
P009,W04,2026-06-05,46,41
P009,W04,2026-06-06,38,41
P009,W04,2026-06-07,40,41
P009,W04,2026-06-08,34,41
P009,W04,2026-06-09,36,41
P009,W04,2026-06-10,42,41
P009,W04,2026-06-11,38,41
P009,W04,2026-06-12,36,41
P009,W04,2026-06-13,36,41
P009,W04,2026-06-14,45,41
P009,W04,2026-06-15,41,41
P009,W04,2026-06-16,35,41
P009,W04,2026-06-17,42,41
P009,W04,2026-06-18,43,41
P009,W04,2026-06-19,48,41
P009,W04,2026-06-20,44,41
P009,W04,2026-06-21,44,41
P009,W04,2026-06-22,38,41
P009,W04,2026-06-23,46,41
P009,W04,2026-06-24,35,41
P009,W04,2026-06-25,39,41
P009,W04,2026-06-26,44,41
P009,W04,2026-06-27,41,41
P009,W04,2026-06-28,38,41
P009,W04,2026-06-29,45,41
P009,W04,2026-06-30,40,41
P009,W04,2026-07-01,41,42
P009,W04,2026-07-02,36,42
P009,W04,2026-07-03,42,42
P009,W04,2026-07-04,42,42
P009,W04,2026-07-05,45,42
P009,W04,2026-07-06,39,42
P009,W04,2026-07-07,43,42
P009,W04,2026-07-08,44,42
P009,W04,2026-07-09,39,42
P009,W04,2026-07-10,40,42
P009,W04,2026-07-11,45,42
P009,W04,2026-07-12,40,42
P009,W04,2026-07-13,42,42
P009,W04,2026-07-14,45,42
P009,W04,2026-07-15,37,42
P009,W04,2026-07-16,45,42
P009,W04,2026-07-17,50,42
P009,W04,2026-07-18,35,42
P009,W04,2026-07-19,40,42
P009,W04,2026-07-20,51,42
P009,W04,2026-07-21,41,42
P009,W04,2026-07-22,35,42
P009,W04,2026-07-23,40,42
P009,W04,2026-07-24,44,42
P009,W04,2026-07-25,37,42
P009,W04,2026-07-26,37,42
P009,W04,2026-07-27,47,42
P009,W04,2026-07-28,46,42
P009,W04,2026-07-29,40,42
P009,W04,2026-07-30,38,42
P009,W04,2026-07-31,39,42
P009,W04,2026-08-01,45,42
P009,W04,2026-08-02,43,42
P009,W04,2026-08-03,39,42
P009,W04,2026-08-04,46,42
P009,W04,2026-08-05,36,42
P009,W04,2026-08-06,38,42
P009,W04,2026-08-07,33,42
P009,W04,2026-08-08,45,42
P009,W04,2026-08-09,46,42
P009,W04,2026-08-10,,42
P009,W04,2026-08-11,,42
P009,W04,2026-08-12,,42
P009,W04,2026-08-13,,42
P009,W04,2026-08-14,,42
P009,W04,2026-08-15,,42
P009,W04,2026-08-16,,42
P009,W04,2026-08-17,,42
P009,W04,2026-08-18,,42
P009,W04,2026-08-19,,42
P009,W04,2026-08-20,,42
P009,W04,2026-08-21,,42
P009,W04,2026-08-22,,42
P009,W04,2026-08-23,,42
P009,W04,2026-08-24,,42
P009,W04,2026-08-25,,42
P009,W04,2026-08-26,,42
P009,W04,2026-08-27,,42
P009,W04,2026-08-28,,42
P009,W04,2026-08-29,,42
P009,W04,2026-08-30,,42
P009,W04,2026-08-31,,42
P009,W04,2026-09-01,,43
P009,W04,2026-09-02,,43
P009,W04,2026-09-03,,43
P009,W04,2026-09-04,,43
P009,W04,2026-09-05,,43
P009,W04,2026-09-06,,43
P009,W04,2026-09-07,,43
P011,W01,2026-05-12,196,199
P011,W01,2026-05-13,215,199
P011,W01,2026-05-14,170,199
P011,W01,2026-05-15,243,199
P011,W01,2026-05-16,209,199
P011,W01,2026-05-17,200,199
P011,W01,2026-05-18,231,199
P011,W01,2026-05-19,177,199
P011,W01,2026-05-20,158,199
P011,W01,2026-05-21,208,199
P011,W01,2026-05-22,193,199
P011,W01,2026-05-23,209,199
P011,W01,2026-05-24,200,199
P011,W01,2026-05-25,212,199
P011,W01,2026-05-26,182,199
P011,W01,2026-05-27,173,199
P011,W01,2026-05-28,175,199
P011,W01,2026-05-29,225,199
P011,W01,2026-05-30,217,199
P011,W01,2026-05-31,177,199
P011,W01,2026-06-01,163,184
P011,W01,2026-06-02,162,184
P011,W01,2026-06-03,194,184
P011,W01,2026-06-04,216,184
P011,W01,2026-06-05,174,184
P011,W01,2026-06-06,182,184
P011,W01,2026-06-07,220,184
P011,W01,2026-06-08,194,184
P011,W01,2026-06-09,163,184
P011,W01,2026-06-10,214,184
P011,W01,2026-06-11,157,184
P011,W01,2026-06-12,161,184
P011,W01,2026-06-13,204,184
P011,W01,2026-06-14,192,184
P011,W01,2026-06-15,171,184
P011,W01,2026-06-16,202,184
P011,W01,2026-06-17,171,184
P011,W01,2026-06-18,177,184
P011,W01,2026-06-19,176,184
P011,W01,2026-06-20,188,184
P011,W01,2026-06-21,196,184
P011,W01,2026-06-22,185,184
P011,W01,2026-06-23,156,184
P011,W01,2026-06-24,163,184
P011,W01,2026-06-25,208,184
P011,W01,2026-06-26,210,184
P011,W01,2026-06-27,165,184
P011,W01,2026-06-28,184,184
P011,W01,2026-06-29,159,184
P011,W01,2026-06-30,185,184
P011,W01,2026-07-01,199,187
P011,W01,2026-07-02,201,187
P011,W01,2026-07-03,187,187
P011,W01,2026-07-04,179,187
P011,W01,2026-07-05,192,187
P011,W01,2026-07-06,184,187
P011,W01,2026-07-07,175,187
P011,W01,2026-07-08,222,187
P011,W01,2026-07-09,199,187
P011,W01,2026-07-10,208,187
P011,W01,2026-07-11,192,187
P011,W01,2026-07-12,168,187
P011,W01,2026-07-13,161,187
P011,W01,2026-07-14,187,187
P011,W01,2026-07-15,197,187
P011,W01,2026-07-16,207,187
P011,W01,2026-07-17,176,187
P011,W01,2026-07-18,221,187
P011,W01,2026-07-19,213,187
P011,W01,2026-07-20,179,187
P011,W01,2026-07-21,200,187
P011,W01,2026-07-22,212,187
P011,W01,2026-07-23,165,187
P011,W01,2026-07-24,193,187
P011,W01,2026-07-25,192,187
P011,W01,2026-07-26,172,187
P011,W01,2026-07-27,191,187
P011,W01,2026-07-28,201,187
P011,W01,2026-07-29,181,187
P011,W01,2026-07-30,170,187
P011,W01,2026-07-31,177,187
P011,W01,2026-08-01,203,190
P011,W01,2026-08-02,183,190
P011,W01,2026-08-03,183,190
P011,W01,2026-08-04,160,190
P011,W01,2026-08-05,165,190
P011,W01,2026-08-06,203,190
P011,W01,2026-08-07,216,190
P011,W01,2026-08-08,207,190
P011,W01,2026-08-09,201,190
P011,W01,2026-08-10,,190
P011,W01,2026-08-11,,190
P011,W01,2026-08-12,,190
P011,W01,2026-08-13,,190
P011,W01,2026-08-14,,190
P011,W01,2026-08-15,,190
P011,W01,2026-08-16,,190
P011,W01,2026-08-17,,190
P011,W01,2026-08-18,,190
P011,W01,2026-08-19,,190
P011,W01,2026-08-20,,190
P011,W01,2026-08-21,,190
P011,W01,2026-08-22,,190
P011,W01,2026-08-23,,190
P011,W01,2026-08-24,,190
P011,W01,2026-08-25,,190
P011,W01,2026-08-26,,190
P011,W01,2026-08-27,,190
P011,W01,2026-08-28,,190
P011,W01,2026-08-29,,190
P011,W01,2026-08-30,,190
P011,W01,2026-08-31,,190
P011,W01,2026-09-01,,193
P011,W01,2026-09-02,,193
P011,W01,2026-09-03,,193
P011,W01,2026-09-04,,193
P011,W01,2026-09-05,,193
P011,W01,2026-09-06,,193
P011,W01,2026-09-07,,193
P011,W06,2026-05-12,115,131
P011,W06,2026-05-13,124,131
P011,W06,2026-05-14,107,131
P011,W06,2026-05-15,108,131
P011,W06,2026-05-16,137,131
P011,W06,2026-05-17,161,131
P011,W06,2026-05-18,133,131
P011,W06,2026-05-19,119,131
P011,W06,2026-05-20,125,131
P011,W06,2026-05-21,128,131
P011,W06,2026-05-22,119,131
P011,W06,2026-05-23,138,131
P011,W06,2026-05-24,121,131
P011,W06,2026-05-25,141,131
P011,W06,2026-05-26,162,131
P011,W06,2026-05-27,146,131
P011,W06,2026-05-28,116,131
P011,W06,2026-05-29,120,131
P011,W06,2026-05-30,120,131
P011,W06,2026-05-31,139,131
P011,W06,2026-06-01,113,121
P011,W06,2026-06-02,141,121
P011,W06,2026-06-03,110,121
P011,W06,2026-06-04,140,121
P011,W06,2026-06-05,100,121
P011,W06,2026-06-06,128,121
P011,W06,2026-06-07,126,121
P011,W06,2026-06-08,135,121
P011,W06,2026-06-09,105,121
P011,W06,2026-06-10,136,121
P011,W06,2026-06-11,139,121
P011,W06,2026-06-12,127,121
P011,W06,2026-06-13,135,121
P011,W06,2026-06-14,117,121
P011,W06,2026-06-15,118,121
P011,W06,2026-06-16,136,121
P011,W06,2026-06-17,143,121
P011,W06,2026-06-18,137,121
P011,W06,2026-06-19,129,121
P011,W06,2026-06-20,95,121
P011,W06,2026-06-21,144,121
P011,W06,2026-06-22,120,121
P011,W06,2026-06-23,115,121
P011,W06,2026-06-24,120,121
P011,W06,2026-06-25,106,121
P011,W06,2026-06-26,137,121
P011,W06,2026-06-27,102,121
P011,W06,2026-06-28,135,121
P011,W06,2026-06-29,100,121
P011,W06,2026-06-30,121,121
P011,W06,2026-07-01,105,123
P011,W06,2026-07-02,117,123
P011,W06,2026-07-03,121,123
P011,W06,2026-07-04,135,123
P011,W06,2026-07-05,124,123
P011,W06,2026-07-06,144,123
P011,W06,2026-07-07,132,123
P011,W06,2026-07-08,125,123
P011,W06,2026-07-09,133,123
P011,W06,2026-07-10,119,123
P011,W06,2026-07-11,101,123
P011,W06,2026-07-12,109,123
P011,W06,2026-07-13,112,123
P011,W06,2026-07-14,106,123
P011,W06,2026-07-15,132,123
P011,W06,2026-07-16,113,123
P011,W06,2026-07-17,140,123
P011,W06,2026-07-18,134,123
P011,W06,2026-07-19,124,123
P011,W06,2026-07-20,125,123
P011,W06,2026-07-21,108,123
P011,W06,2026-07-22,141,123
P011,W06,2026-07-23,134,123
P011,W06,2026-07-24,135,123
P011,W06,2026-07-25,148,123
P011,W06,2026-07-26,113,123
P011,W06,2026-07-27,106,123
P011,W06,2026-07-28,145,123
P011,W06,2026-07-29,126,123
P011,W06,2026-07-30,149,123
P011,W06,2026-07-31,140,123
P011,W06,2026-08-01,101,125
P011,W06,2026-08-02,145,125
P011,W06,2026-08-03,125,125
P011,W06,2026-08-04,107,125
P011,W06,2026-08-05,142,125
P011,W06,2026-08-06,108,125
P011,W06,2026-08-07,98,125
P011,W06,2026-08-08,119,125
P011,W06,2026-08-09,108,125
P011,W06,2026-08-10,,125
P011,W06,2026-08-11,,125
P011,W06,2026-08-12,,125
P011,W06,2026-08-13,,125
P011,W06,2026-08-14,,125
P011,W06,2026-08-15,,125
P011,W06,2026-08-16,,125
P011,W06,2026-08-17,,125
P011,W06,2026-08-18,,125
P011,W06,2026-08-19,,125
P011,W06,2026-08-20,,125
P011,W06,2026-08-21,,125
P011,W06,2026-08-22,,125
P011,W06,2026-08-23,,125
P011,W06,2026-08-24,,125
P011,W06,2026-08-25,,125
P011,W06,2026-08-26,,125
P011,W06,2026-08-27,,125
P011,W06,2026-08-28,,125
P011,W06,2026-08-29,,125
P011,W06,2026-08-30,,125
P011,W06,2026-08-31,,125
P011,W06,2026-09-01,,127
P011,W06,2026-09-02,,127
P011,W06,2026-09-03,,127
P011,W06,2026-09-04,,127
P011,W06,2026-09-05,,127
P011,W06,2026-09-06,,127
P011,W06,2026-09-07,,127
P001,W05,2026-05-12,91,91
P001,W05,2026-05-13,74,91
P001,W05,2026-05-14,80,91
P001,W05,2026-05-15,107,91
P001,W05,2026-05-16,97,91
P001,W05,2026-05-17,78,91
P001,W05,2026-05-18,94,91
P001,W05,2026-05-19,83,91
P001,W05,2026-05-20,82,91
P001,W05,2026-05-21,96,91
P001,W05,2026-05-22,76,91
P001,W05,2026-05-23,90,91
P001,W05,2026-05-24,104,91
P001,W05,2026-05-25,77,91
P001,W05,2026-05-26,81,91
P001,W05,2026-05-27,92,91
P001,W05,2026-05-28,77,91
P001,W05,2026-05-29,104,91
P001,W05,2026-05-30,79,91
P001,W05,2026-05-31,85,91
P001,W05,2026-06-01,78,84
P001,W05,2026-06-02,78,84
P001,W05,2026-06-03,82,84
P001,W05,2026-06-04,84,84
P001,W05,2026-06-05,90,84
P001,W05,2026-06-06,87,84
P001,W05,2026-06-07,96,84
P001,W05,2026-06-08,96,84
P001,W05,2026-06-09,84,84
P001,W05,2026-06-10,74,84
P001,W05,2026-06-11,96,84
P001,W05,2026-06-12,77,84
P001,W05,2026-06-13,91,84
P001,W05,2026-06-14,79,84
P001,W05,2026-06-15,85,84
P001,W05,2026-06-16,86,84
P001,W05,2026-06-17,80,84
P001,W05,2026-06-18,77,84
P001,W05,2026-06-19,76,84
P001,W05,2026-06-20,85,84
P001,W05,2026-06-21,90,84
P001,W05,2026-06-22,71,84
P001,W05,2026-06-23,90,84
P001,W05,2026-06-24,77,84
P001,W05,2026-06-25,87,84
P001,W05,2026-06-26,89,84
P001,W05,2026-06-27,88,84
P001,W05,2026-06-28,87,84
P001,W05,2026-06-29,94,84
P001,W05,2026-06-30,74,84
P001,W05,2026-07-01,77,86
P001,W05,2026-07-02,72,86
P001,W05,2026-07-03,80,86
P001,W05,2026-07-04,84,86
P001,W05,2026-07-05,102,86
P001,W05,2026-07-06,79,86
P001,W05,2026-07-07,83,86
P001,W05,2026-07-08,98,86
P001,W05,2026-07-09,87,86
P001,W05,2026-07-10,101,86
P001,W05,2026-07-11,77,86
P001,W05,2026-07-12,100,86
P001,W05,2026-07-13,84,86
P001,W05,2026-07-14,90,86
P001,W05,2026-07-15,93,86
P001,W05,2026-07-16,101,86
P001,W05,2026-07-17,77,86
P001,W05,2026-07-18,75,86
P001,W05,2026-07-19,84,86
P001,W05,2026-07-20,106,86
P001,W05,2026-07-21,72,86
P001,W05,2026-07-22,92,86
P001,W05,2026-07-23,82,86
P001,W05,2026-07-24,86,86
P001,W05,2026-07-25,76,86
P001,W05,2026-07-26,93,86
P001,W05,2026-07-27,87,86
P001,W05,2026-07-28,84,86
P001,W05,2026-07-29,93,86
P001,W05,2026-07-30,98,86
P001,W05,2026-07-31,97,86
P001,W05,2026-08-01,91,87
P001,W05,2026-08-02,82,87
P001,W05,2026-08-03,106,87
P001,W05,2026-08-04,83,87
P001,W05,2026-08-05,69,87
P001,W05,2026-08-06,86,87
P001,W05,2026-08-07,81,87
P001,W05,2026-08-08,73,87
P001,W05,2026-08-09,84,87
P001,W05,2026-08-10,,87
P001,W05,2026-08-11,,87
P001,W05,2026-08-12,,87
P001,W05,2026-08-13,,87
P001,W05,2026-08-14,,87
P001,W05,2026-08-15,,87
P001,W05,2026-08-16,,87
P001,W05,2026-08-17,,87
P001,W05,2026-08-18,,87
P001,W05,2026-08-19,,87
P001,W05,2026-08-20,,87
P001,W05,2026-08-21,,87
P001,W05,2026-08-22,,87
P001,W05,2026-08-23,,87
P001,W05,2026-08-24,,87
P001,W05,2026-08-25,,87
P001,W05,2026-08-26,,87
P001,W05,2026-08-27,,87
P001,W05,2026-08-28,,87
P001,W05,2026-08-29,,87
P001,W05,2026-08-30,,87
P001,W05,2026-08-31,,87
P001,W05,2026-09-01,,89
P001,W05,2026-09-02,,89
P001,W05,2026-09-03,,89
P001,W05,2026-09-04,,89
P001,W05,2026-09-05,,89
P001,W05,2026-09-06,,89
P001,W05,2026-09-07,,89
P005,W08,2026-05-12,113,96
P005,W08,2026-05-13,94,96
P005,W08,2026-05-14,102,96
P005,W08,2026-05-15,102,96
P005,W08,2026-05-16,92,96
P005,W08,2026-05-17,83,96
P005,W08,2026-05-18,99,96
P005,W08,2026-05-19,89,96
P005,W08,2026-05-20,81,96
P005,W08,2026-05-21,118,96
P005,W08,2026-05-22,102,96
P005,W08,2026-05-23,101,96
P005,W08,2026-05-24,114,96
P005,W08,2026-05-25,115,96
P005,W08,2026-05-26,85,96
P005,W08,2026-05-27,103,96
P005,W08,2026-05-28,102,96
P005,W08,2026-05-29,104,96
P005,W08,2026-05-30,83,96
P005,W08,2026-05-31,109,96
P005,W08,2026-06-01,102,89
P005,W08,2026-06-02,74,89
P005,W08,2026-06-03,75,89
P005,W08,2026-06-04,93,89
P005,W08,2026-06-05,79,89
P005,W08,2026-06-06,83,89
P005,W08,2026-06-07,103,89
P005,W08,2026-06-08,89,89
P005,W08,2026-06-09,74,89
P005,W08,2026-06-10,78,89
P005,W08,2026-06-11,76,89
P005,W08,2026-06-12,78,89
P005,W08,2026-06-13,106,89
P005,W08,2026-06-14,95,89
P005,W08,2026-06-15,95,89
P005,W08,2026-06-16,95,89
P005,W08,2026-06-17,97,89
P005,W08,2026-06-18,81,89
P005,W08,2026-06-19,96,89
P005,W08,2026-06-20,84,89
P005,W08,2026-06-21,93,89
P005,W08,2026-06-22,92,89
P005,W08,2026-06-23,90,89
P005,W08,2026-06-24,86,89
P005,W08,2026-06-25,103,89
P005,W08,2026-06-26,71,89
P005,W08,2026-06-27,79,89
P005,W08,2026-06-28,92,89
P005,W08,2026-06-29,87,89
P005,W08,2026-06-30,85,89
P005,W08,2026-07-01,100,90
P005,W08,2026-07-02,88,90
P005,W08,2026-07-03,76,90
P005,W08,2026-07-04,81,90
P005,W08,2026-07-05,92,90
P005,W08,2026-07-06,83,90
P005,W08,2026-07-07,105,90
P005,W08,2026-07-08,96,90
P005,W08,2026-07-09,83,90
P005,W08,2026-07-10,88,90
P005,W08,2026-07-11,80,90
P005,W08,2026-07-12,87,90
P005,W08,2026-07-13,100,90
P005,W08,2026-07-14,86,90
P005,W08,2026-07-15,77,90
P005,W08,2026-07-16,78,90
P005,W08,2026-07-17,80,90
P005,W08,2026-07-18,90,90
P005,W08,2026-07-19,95,90
P005,W08,2026-07-20,75,90
P005,W08,2026-07-21,79,90
P005,W08,2026-07-22,96,90
P005,W08,2026-07-23,87,90
P005,W08,2026-07-24,97,90
P005,W08,2026-07-25,89,90
P005,W08,2026-07-26,81,90
P005,W08,2026-07-27,90,90
P005,W08,2026-07-28,77,90
P005,W08,2026-07-29,103,90
P005,W08,2026-07-30,103,90
P005,W08,2026-07-31,91,90
P005,W08,2026-08-01,102,91
P005,W08,2026-08-02,95,91
P005,W08,2026-08-03,84,91
P005,W08,2026-08-04,82,91
P005,W08,2026-08-05,79,91
P005,W08,2026-08-06,87,91
P005,W08,2026-08-07,77,91
P005,W08,2026-08-08,93,91
P005,W08,2026-08-09,106,91
P005,W08,2026-08-10,,91
P005,W08,2026-08-11,,91
P005,W08,2026-08-12,,91
P005,W08,2026-08-13,,91
P005,W08,2026-08-14,,91
P005,W08,2026-08-15,,91
P005,W08,2026-08-16,,91
P005,W08,2026-08-17,,91
P005,W08,2026-08-18,,91
P005,W08,2026-08-19,,91
P005,W08,2026-08-20,,91
P005,W08,2026-08-21,,91
P005,W08,2026-08-22,,91
P005,W08,2026-08-23,,91
P005,W08,2026-08-24,,91
P005,W08,2026-08-25,,91
P005,W08,2026-08-26,,91
P005,W08,2026-08-27,,91
P005,W08,2026-08-28,,91
P005,W08,2026-08-29,,91
P005,W08,2026-08-30,,91
P005,W08,2026-08-31,,91
P005,W08,2026-09-01,,93
P005,W08,2026-09-02,,93
P005,W08,2026-09-03,,93
P005,W08,2026-09-04,,93
P005,W08,2026-09-05,,93
P005,W08,2026-09-06,,93
P005,W08,2026-09-07,,93
P005,W01,2026-05-12,79,71
P005,W01,2026-05-13,76,71
P005,W01,2026-05-14,78,71
P005,W01,2026-05-15,64,71
P005,W01,2026-05-16,68,71
P005,W01,2026-05-17,72,71
P005,W01,2026-05-18,67,71
P005,W01,2026-05-19,69,71
P005,W01,2026-05-20,67,71
P005,W01,2026-05-21,74,71
P005,W01,2026-05-22,78,71
P005,W01,2026-05-23,84,71
P005,W01,2026-05-24,70,71
P005,W01,2026-05-25,65,71
P005,W01,2026-05-26,62,71
P005,W01,2026-05-27,68,71
P005,W01,2026-05-28,79,71
P005,W01,2026-05-29,56,71
P005,W01,2026-05-30,72,71
P005,W01,2026-05-31,64,71
P005,W01,2026-06-01,60,66
P005,W01,2026-06-02,68,66
P005,W01,2026-06-03,54,66
P005,W01,2026-06-04,73,66
P005,W01,2026-06-05,65,66
P005,W01,2026-06-06,54,66
P005,W01,2026-06-07,77,66
P005,W01,2026-06-08,58,66
P005,W01,2026-06-09,63,66
P005,W01,2026-06-10,72,66
P005,W01,2026-06-11,60,66
P005,W01,2026-06-12,61,66
P005,W01,2026-06-13,66,66
P005,W01,2026-06-14,54,66
P005,W01,2026-06-15,56,66
P005,W01,2026-06-16,63,66
P005,W01,2026-06-17,64,66
P005,W01,2026-06-18,69,66
P005,W01,2026-06-19,63,66
P005,W01,2026-06-20,57,66
P005,W01,2026-06-21,71,66
P005,W01,2026-06-22,65,66
P005,W01,2026-06-23,66,66
P005,W01,2026-06-24,62,66
P005,W01,2026-06-25,67,66
P005,W01,2026-06-26,55,66
P005,W01,2026-06-27,70,66
P005,W01,2026-06-28,79,66
P005,W01,2026-06-29,65,66
P005,W01,2026-06-30,75,66
P005,W01,2026-07-01,71,67
P005,W01,2026-07-02,72,67
P005,W01,2026-07-03,79,67
P005,W01,2026-07-04,69,67
P005,W01,2026-07-05,65,67
P005,W01,2026-07-06,71,67
P005,W01,2026-07-07,78,67
P005,W01,2026-07-08,63,67
P005,W01,2026-07-09,56,67
P005,W01,2026-07-10,70,67
P005,W01,2026-07-11,82,67
P005,W01,2026-07-12,73,67
P005,W01,2026-07-13,61,67
P005,W01,2026-07-14,75,67
P005,W01,2026-07-15,72,67
P005,W01,2026-07-16,61,67
P005,W01,2026-07-17,61,67
P005,W01,2026-07-18,79,67
P005,W01,2026-07-19,55,67
P005,W01,2026-07-20,68,67
P005,W01,2026-07-21,80,67
P005,W01,2026-07-22,70,67
P005,W01,2026-07-23,67,67
P005,W01,2026-07-24,54,67
P005,W01,2026-07-25,61,67
P005,W01,2026-07-26,68,67
P005,W01,2026-07-27,64,67
P005,W01,2026-07-28,73,67
P005,W01,2026-07-29,71,67
P005,W01,2026-07-30,61,67
P005,W01,2026-07-31,60,67
P005,W01,2026-08-01,60,68
P005,W01,2026-08-02,60,68
P005,W01,2026-08-03,69,68
P005,W01,2026-08-04,63,68
P005,W01,2026-08-05,58,68
P005,W01,2026-08-06,57,68
P005,W01,2026-08-07,74,68
P005,W01,2026-08-08,63,68
P005,W01,2026-08-09,74,68
P005,W01,2026-08-10,,68
P005,W01,2026-08-11,,68
P005,W01,2026-08-12,,68
P005,W01,2026-08-13,,68
P005,W01,2026-08-14,,68
P005,W01,2026-08-15,,68
P005,W01,2026-08-16,,68
P005,W01,2026-08-17,,68
P005,W01,2026-08-18,,68
P005,W01,2026-08-19,,68
P005,W01,2026-08-20,,68
P005,W01,2026-08-21,,68
P005,W01,2026-08-22,,68
P005,W01,2026-08-23,,68
P005,W01,2026-08-24,,68
P005,W01,2026-08-25,,68
P005,W01,2026-08-26,,68
P005,W01,2026-08-27,,68
P005,W01,2026-08-28,,68
P005,W01,2026-08-29,,68
P005,W01,2026-08-30,,68
P005,W01,2026-08-31,,68
P005,W01,2026-09-01,,69
P005,W01,2026-09-02,,69
P005,W01,2026-09-03,,69
P005,W01,2026-09-04,,69
P005,W01,2026-09-05,,69
P005,W01,2026-09-06,,69
P005,W01,2026-09-07,,69
P018,W02,2026-05-12,81,89
P018,W02,2026-05-13,94,89
P018,W02,2026-05-14,98,89
P018,W02,2026-05-15,72,89
P018,W02,2026-05-16,86,89
P018,W02,2026-05-17,83,89
P018,W02,2026-05-18,88,89
P018,W02,2026-05-19,87,89
P018,W02,2026-05-20,102,89
P018,W02,2026-05-21,83,89
P018,W02,2026-05-22,86,89
P018,W02,2026-05-23,90,89
P018,W02,2026-05-24,84,89
P018,W02,2026-05-25,90,89
P018,W02,2026-05-26,83,89
P018,W02,2026-05-27,84,89
P018,W02,2026-05-28,101,89
P018,W02,2026-05-29,86,89
P018,W02,2026-05-30,101,89
P018,W02,2026-05-31,104,89
P018,W02,2026-06-01,93,83
P018,W02,2026-06-02,87,83
P018,W02,2026-06-03,89,83
P018,W02,2026-06-04,69,83
P018,W02,2026-06-05,74,83
P018,W02,2026-06-06,65,83
P018,W02,2026-06-07,77,83
P018,W02,2026-06-08,81,83
P018,W02,2026-06-09,90,83
P018,W02,2026-06-10,82,83
P018,W02,2026-06-11,85,83
P018,W02,2026-06-12,97,83
P018,W02,2026-06-13,82,83
P018,W02,2026-06-14,77,83
P018,W02,2026-06-15,83,83
P018,W02,2026-06-16,67,83
P018,W02,2026-06-17,95,83
P018,W02,2026-06-18,84,83
P018,W02,2026-06-19,78,83
P018,W02,2026-06-20,91,83
P018,W02,2026-06-21,80,83
P018,W02,2026-06-22,84,83
P018,W02,2026-06-23,95,83
P018,W02,2026-06-24,86,83
P018,W02,2026-06-25,85,83
P018,W02,2026-06-26,81,83
P018,W02,2026-06-27,99,83
P018,W02,2026-06-28,75,83
P018,W02,2026-06-29,82,83
P018,W02,2026-06-30,97,83
P018,W02,2026-07-01,90,84
P018,W02,2026-07-02,77,84
P018,W02,2026-07-03,94,84
P018,W02,2026-07-04,68,84
P018,W02,2026-07-05,79,84
P018,W02,2026-07-06,97,84
P018,W02,2026-07-07,75,84
P018,W02,2026-07-08,88,84
P018,W02,2026-07-09,92,84
P018,W02,2026-07-10,102,84
P018,W02,2026-07-11,87,84
P018,W02,2026-07-12,90,84
P018,W02,2026-07-13,93,84
P018,W02,2026-07-14,93,84
P018,W02,2026-07-15,67,84
P018,W02,2026-07-16,89,84
P018,W02,2026-07-17,92,84
P018,W02,2026-07-18,82,84
P018,W02,2026-07-19,76,84
P018,W02,2026-07-20,84,84
P018,W02,2026-07-21,77,84
P018,W02,2026-07-22,90,84
P018,W02,2026-07-23,96,84
P018,W02,2026-07-24,82,84
P018,W02,2026-07-25,72,84
P018,W02,2026-07-26,76,84
P018,W02,2026-07-27,84,84
P018,W02,2026-07-28,75,84
P018,W02,2026-07-29,82,84
P018,W02,2026-07-30,75,84
P018,W02,2026-07-31,85,84
P018,W02,2026-08-01,90,85
P018,W02,2026-08-02,91,85
P018,W02,2026-08-03,75,85
P018,W02,2026-08-04,90,85
P018,W02,2026-08-05,76,85
P018,W02,2026-08-06,79,85
P018,W02,2026-08-07,80,85
P018,W02,2026-08-08,94,85
P018,W02,2026-08-09,88,85
P018,W02,2026-08-10,,85
P018,W02,2026-08-11,,85
P018,W02,2026-08-12,,85
P018,W02,2026-08-13,,85
P018,W02,2026-08-14,,85
P018,W02,2026-08-15,,85
P018,W02,2026-08-16,,85
P018,W02,2026-08-17,,85
P018,W02,2026-08-18,,85
P018,W02,2026-08-19,,85
P018,W02,2026-08-20,,85
P018,W02,2026-08-21,,85
P018,W02,2026-08-22,,85
P018,W02,2026-08-23,,85
P018,W02,2026-08-24,,85
P018,W02,2026-08-25,,85
P018,W02,2026-08-26,,85
P018,W02,2026-08-27,,85
P018,W02,2026-08-28,,85
P018,W02,2026-08-29,,85
P018,W02,2026-08-30,,85
P018,W02,2026-08-31,,85
P018,W02,2026-09-01,,87
P018,W02,2026-09-02,,87
P018,W02,2026-09-03,,87
P018,W02,2026-09-04,,87
P018,W02,2026-09-05,,87
P018,W02,2026-09-06,,87
P018,W02,2026-09-07,,87
P026,W07,2026-05-12,158,165
P026,W07,2026-05-13,154,165
P026,W07,2026-05-14,156,165
P026,W07,2026-05-15,149,165
P026,W07,2026-05-16,166,165
P026,W07,2026-05-17,192,165
P026,W07,2026-05-18,152,165
P026,W07,2026-05-19,174,165
P026,W07,2026-05-20,182,165
P026,W07,2026-05-21,173,165
P026,W07,2026-05-22,171,165
P026,W07,2026-05-23,198,165
P026,W07,2026-05-24,146,165
P026,W07,2026-05-25,150,165
P026,W07,2026-05-26,170,165
P026,W07,2026-05-27,167,165
P026,W07,2026-05-28,164,165
P026,W07,2026-05-29,155,165
P026,W07,2026-05-30,139,165
P026,W07,2026-05-31,164,165
P026,W07,2026-06-01,152,152
P026,W07,2026-06-02,154,152
P026,W07,2026-06-03,146,152
P026,W07,2026-06-04,123,152
P026,W07,2026-06-05,148,152
P026,W07,2026-06-06,148,152
P026,W07,2026-06-07,143,152
P026,W07,2026-06-08,136,152
P026,W07,2026-06-09,141,152
P026,W07,2026-06-10,123,152
P026,W07,2026-06-11,162,152
P026,W07,2026-06-12,131,152
P026,W07,2026-06-13,150,152
P026,W07,2026-06-14,144,152
P026,W07,2026-06-15,154,152
P026,W07,2026-06-16,149,152
P026,W07,2026-06-17,152,152
P026,W07,2026-06-18,132,152
P026,W07,2026-06-19,150,152
P026,W07,2026-06-20,168,152
P026,W07,2026-06-21,152,152
P026,W07,2026-06-22,184,152
P026,W07,2026-06-23,134,152
P026,W07,2026-06-24,175,152
P026,W07,2026-06-25,151,152
P026,W07,2026-06-26,155,152
P026,W07,2026-06-27,147,152
P026,W07,2026-06-28,186,152
P026,W07,2026-06-29,157,152
P026,W07,2026-06-30,152,152
P026,W07,2026-07-01,127,155
P026,W07,2026-07-02,169,155
P026,W07,2026-07-03,125,155
P026,W07,2026-07-04,156,155
P026,W07,2026-07-05,152,155
P026,W07,2026-07-06,183,155
P026,W07,2026-07-07,140,155
P026,W07,2026-07-08,165,155
P026,W07,2026-07-09,158,155
P026,W07,2026-07-10,141,155
P026,W07,2026-07-11,157,155
P026,W07,2026-07-12,141,155
P026,W07,2026-07-13,168,155
P026,W07,2026-07-14,143,155
P026,W07,2026-07-15,142,155
P026,W07,2026-07-16,130,155
P026,W07,2026-07-17,158,155
P026,W07,2026-07-18,184,155
P026,W07,2026-07-19,174,155
P026,W07,2026-07-20,184,155
P026,W07,2026-07-21,144,155
P026,W07,2026-07-22,161,155
P026,W07,2026-07-23,136,155
P026,W07,2026-07-24,177,155
P026,W07,2026-07-25,160,155
P026,W07,2026-07-26,140,155
P026,W07,2026-07-27,131,155
P026,W07,2026-07-28,148,155
P026,W07,2026-07-29,142,155
P026,W07,2026-07-30,157,155
P026,W07,2026-07-31,126,155
P026,W07,2026-08-01,145,157
P026,W07,2026-08-02,154,157
P026,W07,2026-08-03,147,157
P026,W07,2026-08-04,125,157
P026,W07,2026-08-05,158,157
P026,W07,2026-08-06,153,157
P026,W07,2026-08-07,159,157
P026,W07,2026-08-08,162,157
P026,W07,2026-08-09,154,157
P026,W07,2026-08-10,,157
P026,W07,2026-08-11,,157
P026,W07,2026-08-12,,157
P026,W07,2026-08-13,,157
P026,W07,2026-08-14,,157
P026,W07,2026-08-15,,157
P026,W07,2026-08-16,,157
P026,W07,2026-08-17,,157
P026,W07,2026-08-18,,157
P026,W07,2026-08-19,,157
P026,W07,2026-08-20,,157
P026,W07,2026-08-21,,157
P026,W07,2026-08-22,,157
P026,W07,2026-08-23,,157
P026,W07,2026-08-24,,157
P026,W07,2026-08-25,,157
P026,W07,2026-08-26,,157
P026,W07,2026-08-27,,157
P026,W07,2026-08-28,,157
P026,W07,2026-08-29,,157
P026,W07,2026-08-30,,157
P026,W07,2026-08-31,,157
P026,W07,2026-09-01,,160
P026,W07,2026-09-02,,160
P026,W07,2026-09-03,,160
P026,W07,2026-09-04,,160
P026,W07,2026-09-05,,160
P026,W07,2026-09-06,,160
P026,W07,2026-09-07,,160
P026,W06,2026-05-12,123,122
P026,W06,2026-05-13,107,122
P026,W06,2026-05-14,127,122
P026,W06,2026-05-15,135,122
P026,W06,2026-05-16,101,122
P026,W06,2026-05-17,124,122
P026,W06,2026-05-18,116,122
P026,W06,2026-05-19,119,122
P026,W06,2026-05-20,124,122
P026,W06,2026-05-21,137,122
P026,W06,2026-05-22,116,122
P026,W06,2026-05-23,109,122
P026,W06,2026-05-24,111,122
P026,W06,2026-05-25,129,122
P026,W06,2026-05-26,121,122
P026,W06,2026-05-27,123,122
P026,W06,2026-05-28,110,122
P026,W06,2026-05-29,130,122
P026,W06,2026-05-30,136,122
P026,W06,2026-05-31,138,122
P026,W06,2026-06-01,125,113
P026,W06,2026-06-02,120,113
P026,W06,2026-06-03,101,113
P026,W06,2026-06-04,136,113
P026,W06,2026-06-05,121,113
P026,W06,2026-06-06,105,113
P026,W06,2026-06-07,117,113
P026,W06,2026-06-08,119,113
P026,W06,2026-06-09,127,113
P026,W06,2026-06-10,98,113
P026,W06,2026-06-11,100,113
P026,W06,2026-06-12,95,113
P026,W06,2026-06-13,134,113
P026,W06,2026-06-14,124,113
P026,W06,2026-06-15,101,113
P026,W06,2026-06-16,104,113
P026,W06,2026-06-17,116,113
P026,W06,2026-06-18,107,113
P026,W06,2026-06-19,104,113
P026,W06,2026-06-20,96,113
P026,W06,2026-06-21,116,113
P026,W06,2026-06-22,107,113
P026,W06,2026-06-23,113,113
P026,W06,2026-06-24,112,113
P026,W06,2026-06-25,110,113
P026,W06,2026-06-26,116,113
P026,W06,2026-06-27,94,113
P026,W06,2026-06-28,103,113
P026,W06,2026-06-29,129,113
P026,W06,2026-06-30,114,113
P026,W06,2026-07-01,121,115
P026,W06,2026-07-02,143,115
P026,W06,2026-07-03,140,115
P026,W06,2026-07-04,108,115
P026,W06,2026-07-05,135,115
P026,W06,2026-07-06,110,115
P026,W06,2026-07-07,121,115
P026,W06,2026-07-08,127,115
P026,W06,2026-07-09,125,115
P026,W06,2026-07-10,126,115
P026,W06,2026-07-11,135,115
P026,W06,2026-07-12,110,115
P026,W06,2026-07-13,99,115
P026,W06,2026-07-14,100,115
P026,W06,2026-07-15,104,115
P026,W06,2026-07-16,118,115
P026,W06,2026-07-17,117,115
P026,W06,2026-07-18,123,115
P026,W06,2026-07-19,116,115
P026,W06,2026-07-20,125,115
P026,W06,2026-07-21,112,115
P026,W06,2026-07-22,106,115
P026,W06,2026-07-23,103,115
P026,W06,2026-07-24,96,115
P026,W06,2026-07-25,126,115
P026,W06,2026-07-26,124,115
P026,W06,2026-07-27,97,115
P026,W06,2026-07-28,127,115
P026,W06,2026-07-29,103,115
P026,W06,2026-07-30,129,115
P026,W06,2026-07-31,133,115
P026,W06,2026-08-01,119,117
P026,W06,2026-08-02,115,117
P026,W06,2026-08-03,101,117
P026,W06,2026-08-04,113,117
P026,W06,2026-08-05,117,117
P026,W06,2026-08-06,116,117
P026,W06,2026-08-07,124,117
P026,W06,2026-08-08,102,117
P026,W06,2026-08-09,118,117
P026,W06,2026-08-10,,117
P026,W06,2026-08-11,,117
P026,W06,2026-08-12,,117
P026,W06,2026-08-13,,117
P026,W06,2026-08-14,,117
P026,W06,2026-08-15,,117
P026,W06,2026-08-16,,117
P026,W06,2026-08-17,,117
P026,W06,2026-08-18,,117
P026,W06,2026-08-19,,117
P026,W06,2026-08-20,,117
P026,W06,2026-08-21,,117
P026,W06,2026-08-22,,117
P026,W06,2026-08-23,,117
P026,W06,2026-08-24,,117
P026,W06,2026-08-25,,117
P026,W06,2026-08-26,,117
P026,W06,2026-08-27,,117
P026,W06,2026-08-28,,117
P026,W06,2026-08-29,,117
P026,W06,2026-08-30,,117
P026,W06,2026-08-31,,117
P026,W06,2026-09-01,,119
P026,W06,2026-09-02,,119
P026,W06,2026-09-03,,119
P026,W06,2026-09-04,,119
P026,W06,2026-09-05,,119
P026,W06,2026-09-06,,119
P026,W06,2026-09-07,,119
P013,W03,2026-05-12,62,57
P013,W03,2026-05-13,44,57
P013,W03,2026-05-14,49,57
P013,W03,2026-05-15,53,57
P013,W03,2026-05-16,52,57
P013,W03,2026-05-17,53,57
P013,W03,2026-05-18,59,57
P013,W03,2026-05-19,47,57
P013,W03,2026-05-20,60,57
P013,W03,2026-05-21,59,57
P013,W03,2026-05-22,61,57
P013,W03,2026-05-23,45,57
P013,W03,2026-05-24,67,57
P013,W03,2026-05-25,62,57
P013,W03,2026-05-26,53,57
P013,W03,2026-05-27,67,57
P013,W03,2026-05-28,57,57
P013,W03,2026-05-29,54,57
P013,W03,2026-05-30,55,57
P013,W03,2026-05-31,65,57
P013,W03,2026-06-01,48,53
P013,W03,2026-06-02,54,53
P013,W03,2026-06-03,45,53
P013,W03,2026-06-04,57,53
P013,W03,2026-06-05,51,53
P013,W03,2026-06-06,50,53
P013,W03,2026-06-07,48,53
P013,W03,2026-06-08,44,53
P013,W03,2026-06-09,60,53
P013,W03,2026-06-10,61,53
P013,W03,2026-06-11,50,53
P013,W03,2026-06-12,50,53
P013,W03,2026-06-13,50,53
P013,W03,2026-06-14,59,53
P013,W03,2026-06-15,51,53
P013,W03,2026-06-16,53,53
P013,W03,2026-06-17,48,53
P013,W03,2026-06-18,45,53
P013,W03,2026-06-19,51,53
P013,W03,2026-06-20,46,53
P013,W03,2026-06-21,52,53
P013,W03,2026-06-22,52,53
P013,W03,2026-06-23,57,53
P013,W03,2026-06-24,49,53
P013,W03,2026-06-25,53,53
P013,W03,2026-06-26,51,53
P013,W03,2026-06-27,48,53
P013,W03,2026-06-28,54,53
P013,W03,2026-06-29,53,53
P013,W03,2026-06-30,54,53
P013,W03,2026-07-01,53,53
P013,W03,2026-07-02,44,53
P013,W03,2026-07-03,52,53
P013,W03,2026-07-04,43,53
P013,W03,2026-07-05,58,53
P013,W03,2026-07-06,44,53
P013,W03,2026-07-07,54,53
P013,W03,2026-07-08,51,53
P013,W03,2026-07-09,42,53
P013,W03,2026-07-10,41,53
P013,W03,2026-07-11,44,53
P013,W03,2026-07-12,45,53
P013,W03,2026-07-13,55,53
P013,W03,2026-07-14,59,53
P013,W03,2026-07-15,55,53
P013,W03,2026-07-16,46,53
P013,W03,2026-07-17,55,53
P013,W03,2026-07-18,62,53
P013,W03,2026-07-19,46,53
P013,W03,2026-07-20,48,53
P013,W03,2026-07-21,46,53
P013,W03,2026-07-22,48,53
P013,W03,2026-07-23,51,53
P013,W03,2026-07-24,55,53
P013,W03,2026-07-25,55,53
P013,W03,2026-07-26,49,53
P013,W03,2026-07-27,66,53
P013,W03,2026-07-28,51,53
P013,W03,2026-07-29,51,53
P013,W03,2026-07-30,59,53
P013,W03,2026-07-31,58,53
P013,W03,2026-08-01,56,54
P013,W03,2026-08-02,57,54
P013,W03,2026-08-03,57,54
P013,W03,2026-08-04,54,54
P013,W03,2026-08-05,55,54
P013,W03,2026-08-06,61,54
P013,W03,2026-08-07,53,54
P013,W03,2026-08-08,59,54
P013,W03,2026-08-09,52,54
P013,W03,2026-08-10,,54
P013,W03,2026-08-11,,54
P013,W03,2026-08-12,,54
P013,W03,2026-08-13,,54
P013,W03,2026-08-14,,54
P013,W03,2026-08-15,,54
P013,W03,2026-08-16,,54
P013,W03,2026-08-17,,54
P013,W03,2026-08-18,,54
P013,W03,2026-08-19,,54
P013,W03,2026-08-20,,54
P013,W03,2026-08-21,,54
P013,W03,2026-08-22,,54
P013,W03,2026-08-23,,54
P013,W03,2026-08-24,,54
P013,W03,2026-08-25,,54
P013,W03,2026-08-26,,54
P013,W03,2026-08-27,,54
P013,W03,2026-08-28,,54
P013,W03,2026-08-29,,54
P013,W03,2026-08-30,,54
P013,W03,2026-08-31,,54
P013,W03,2026-09-01,,55
P013,W03,2026-09-02,,55
P013,W03,2026-09-03,,55
P013,W03,2026-09-04,,55
P013,W03,2026-09-05,,55
P013,W03,2026-09-06,,55
P013,W03,2026-09-07,,55
P020,W02,2026-05-12,133,140
P020,W02,2026-05-13,130,140
P020,W02,2026-05-14,131,140
P020,W02,2026-05-15,147,140
P020,W02,2026-05-16,135,140
P020,W02,2026-05-17,154,140
P020,W02,2026-05-18,159,140
P020,W02,2026-05-19,141,140
P020,W02,2026-05-20,136,140
P020,W02,2026-05-21,136,140
P020,W02,2026-05-22,148,140
P020,W02,2026-05-23,121,140
P020,W02,2026-05-24,124,140
P020,W02,2026-05-25,146,140
P020,W02,2026-05-26,164,140
P020,W02,2026-05-27,141,140
P020,W02,2026-05-28,148,140
P020,W02,2026-05-29,139,140
P020,W02,2026-05-30,137,140
P020,W02,2026-05-31,145,140
P020,W02,2026-06-01,103,129
P020,W02,2026-06-02,113,129
P020,W02,2026-06-03,122,129
P020,W02,2026-06-04,140,129
P020,W02,2026-06-05,117,129
P020,W02,2026-06-06,121,129
P020,W02,2026-06-07,101,129
P020,W02,2026-06-08,133,129
P020,W02,2026-06-09,123,129
P020,W02,2026-06-10,109,129
P020,W02,2026-06-11,137,129
P020,W02,2026-06-12,139,129
P020,W02,2026-06-13,117,129
P020,W02,2026-06-14,109,129
P020,W02,2026-06-15,113,129
P020,W02,2026-06-16,144,129
P020,W02,2026-06-17,139,129
P020,W02,2026-06-18,140,129
P020,W02,2026-06-19,137,129
P020,W02,2026-06-20,143,129
P020,W02,2026-06-21,104,129
P020,W02,2026-06-22,134,129
P020,W02,2026-06-23,137,129
P020,W02,2026-06-24,130,129
P020,W02,2026-06-25,140,129
P020,W02,2026-06-26,132,129
P020,W02,2026-06-27,158,129
P020,W02,2026-06-28,107,129
P020,W02,2026-06-29,145,129
P020,W02,2026-06-30,130,129
P020,W02,2026-07-01,128,132
P020,W02,2026-07-02,150,132
P020,W02,2026-07-03,138,132
P020,W02,2026-07-04,115,132
P020,W02,2026-07-05,141,132
P020,W02,2026-07-06,157,132
P020,W02,2026-07-07,116,132
P020,W02,2026-07-08,118,132
P020,W02,2026-07-09,144,132
P020,W02,2026-07-10,115,132
P020,W02,2026-07-11,137,132
P020,W02,2026-07-12,144,132
P020,W02,2026-07-13,125,132
P020,W02,2026-07-14,150,132
P020,W02,2026-07-15,125,132
P020,W02,2026-07-16,126,132
P020,W02,2026-07-17,144,132
P020,W02,2026-07-18,122,132
P020,W02,2026-07-19,110,132
P020,W02,2026-07-20,133,132
P020,W02,2026-07-21,113,132
P020,W02,2026-07-22,131,132
P020,W02,2026-07-23,155,132
P020,W02,2026-07-24,135,132
P020,W02,2026-07-25,153,132
P020,W02,2026-07-26,147,132
P020,W02,2026-07-27,114,132
P020,W02,2026-07-28,125,132
P020,W02,2026-07-29,105,132
P020,W02,2026-07-30,115,132
P020,W02,2026-07-31,149,132
P020,W02,2026-08-01,132,134
P020,W02,2026-08-02,163,134
P020,W02,2026-08-03,126,134
P020,W02,2026-08-04,139,134
P020,W02,2026-08-05,136,134
P020,W02,2026-08-06,129,134
P020,W02,2026-08-07,136,134
P020,W02,2026-08-08,128,134
P020,W02,2026-08-09,105,134
P020,W02,2026-08-10,,134
P020,W02,2026-08-11,,134
P020,W02,2026-08-12,,134
P020,W02,2026-08-13,,134
P020,W02,2026-08-14,,134
P020,W02,2026-08-15,,134
P020,W02,2026-08-16,,134
P020,W02,2026-08-17,,134
P020,W02,2026-08-18,,134
P020,W02,2026-08-19,,134
P020,W02,2026-08-20,,134
P020,W02,2026-08-21,,134
P020,W02,2026-08-22,,134
P020,W02,2026-08-23,,134
P020,W02,2026-08-24,,134
P020,W02,2026-08-25,,134
P020,W02,2026-08-26,,134
P020,W02,2026-08-27,,134
P020,W02,2026-08-28,,134
P020,W02,2026-08-29,,134
P020,W02,2026-08-30,,134
P020,W02,2026-08-31,,134
P020,W02,2026-09-01,,136
P020,W02,2026-09-02,,136
P020,W02,2026-09-03,,136
P020,W02,2026-09-04,,136
P020,W02,2026-09-05,,136
P020,W02,2026-09-06,,136
P020,W02,2026-09-07,,136
P028,W08,2026-05-12,145,157
P028,W08,2026-05-13,132,157
P028,W08,2026-05-14,152,157
P028,W08,2026-05-15,137,157
P028,W08,2026-05-16,161,157
P028,W08,2026-05-17,141,157
P028,W08,2026-05-18,156,157
P028,W08,2026-05-19,184,157
P028,W08,2026-05-20,131,157
P028,W08,2026-05-21,153,157
P028,W08,2026-05-22,182,157
P028,W08,2026-05-23,177,157
P028,W08,2026-05-24,185,157
P028,W08,2026-05-25,147,157
P028,W08,2026-05-26,161,157
P028,W08,2026-05-27,165,157
P028,W08,2026-05-28,165,157
P028,W08,2026-05-29,135,157
P028,W08,2026-05-30,149,157
P028,W08,2026-05-31,166,157
P028,W08,2026-06-01,167,145
P028,W08,2026-06-02,142,145
P028,W08,2026-06-03,162,145
P028,W08,2026-06-04,149,145
P028,W08,2026-06-05,119,145
P028,W08,2026-06-06,146,145
P028,W08,2026-06-07,134,145
P028,W08,2026-06-08,152,145
P028,W08,2026-06-09,120,145
P028,W08,2026-06-10,115,145
P028,W08,2026-06-11,174,145
P028,W08,2026-06-12,146,145
P028,W08,2026-06-13,166,145
P028,W08,2026-06-14,117,145
P028,W08,2026-06-15,157,145
P028,W08,2026-06-16,146,145
P028,W08,2026-06-17,145,145
P028,W08,2026-06-18,151,145
P028,W08,2026-06-19,132,145
P028,W08,2026-06-20,140,145
P028,W08,2026-06-21,134,145
P028,W08,2026-06-22,145,145
P028,W08,2026-06-23,155,145
P028,W08,2026-06-24,182,145
P028,W08,2026-06-25,145,145
P028,W08,2026-06-26,144,145
P028,W08,2026-06-27,136,145
P028,W08,2026-06-28,143,145
P028,W08,2026-06-29,149,145
P028,W08,2026-06-30,151,145
P028,W08,2026-07-01,127,148
P028,W08,2026-07-02,126,148
P028,W08,2026-07-03,160,148
P028,W08,2026-07-04,138,148
P028,W08,2026-07-05,156,148
P028,W08,2026-07-06,137,148
P028,W08,2026-07-07,158,148
P028,W08,2026-07-08,122,148
P028,W08,2026-07-09,152,148
P028,W08,2026-07-10,148,148
P028,W08,2026-07-11,149,148
P028,W08,2026-07-12,129,148
P028,W08,2026-07-13,150,148
P028,W08,2026-07-14,141,148
P028,W08,2026-07-15,139,148
P028,W08,2026-07-16,156,148
P028,W08,2026-07-17,153,148
P028,W08,2026-07-18,152,148
P028,W08,2026-07-19,140,148
P028,W08,2026-07-20,127,148
P028,W08,2026-07-21,168,148
P028,W08,2026-07-22,157,148
P028,W08,2026-07-23,137,148
P028,W08,2026-07-24,141,148
P028,W08,2026-07-25,164,148
P028,W08,2026-07-26,172,148
P028,W08,2026-07-27,140,148
P028,W08,2026-07-28,140,148
P028,W08,2026-07-29,131,148
P028,W08,2026-07-30,147,148
P028,W08,2026-07-31,171,148
P028,W08,2026-08-01,183,150
P028,W08,2026-08-02,171,150
P028,W08,2026-08-03,138,150
P028,W08,2026-08-04,134,150
P028,W08,2026-08-05,139,150
P028,W08,2026-08-06,150,150
P028,W08,2026-08-07,157,150
P028,W08,2026-08-08,188,150
P028,W08,2026-08-09,140,150
P028,W08,2026-08-10,,150
P028,W08,2026-08-11,,150
P028,W08,2026-08-12,,150
P028,W08,2026-08-13,,150
P028,W08,2026-08-14,,150
P028,W08,2026-08-15,,150
P028,W08,2026-08-16,,150
P028,W08,2026-08-17,,150
P028,W08,2026-08-18,,150
P028,W08,2026-08-19,,150
P028,W08,2026-08-20,,150
P028,W08,2026-08-21,,150
P028,W08,2026-08-22,,150
P028,W08,2026-08-23,,150
P028,W08,2026-08-24,,150
P028,W08,2026-08-25,,150
P028,W08,2026-08-26,,150
P028,W08,2026-08-27,,150
P028,W08,2026-08-28,,150
P028,W08,2026-08-29,,150
P028,W08,2026-08-30,,150
P028,W08,2026-08-31,,150
P028,W08,2026-09-01,,152
P028,W08,2026-09-02,,152
P028,W08,2026-09-03,,152
P028,W08,2026-09-04,,152
P028,W08,2026-09-05,,152
P028,W08,2026-09-06,,152
P028,W08,2026-09-07,,152
P011,W07,2026-05-12,87,97
P011,W07,2026-05-13,102,97
P011,W07,2026-05-14,89,97
P011,W07,2026-05-15,99,97
P011,W07,2026-05-16,96,97
P011,W07,2026-05-17,102,97
P011,W07,2026-05-18,80,97
P011,W07,2026-05-19,87,97
P011,W07,2026-05-20,90,97
P011,W07,2026-05-21,88,97
P011,W07,2026-05-22,90,97
P011,W07,2026-05-23,86,97
P011,W07,2026-05-24,105,97
P011,W07,2026-05-25,91,97
P011,W07,2026-05-26,109,97
P011,W07,2026-05-27,107,97
P011,W07,2026-05-28,98,97
P011,W07,2026-05-29,96,97
P011,W07,2026-05-30,100,97
P011,W07,2026-05-31,90,97
P011,W07,2026-06-01,89,89
P011,W07,2026-06-02,77,89
P011,W07,2026-06-03,82,89
P011,W07,2026-06-04,76,89
P011,W07,2026-06-05,80,89
P011,W07,2026-06-06,81,89
P011,W07,2026-06-07,95,89
P011,W07,2026-06-08,80,89
P011,W07,2026-06-09,93,89
P011,W07,2026-06-10,83,89
P011,W07,2026-06-11,103,89
P011,W07,2026-06-12,76,89
P011,W07,2026-06-13,91,89
P011,W07,2026-06-14,104,89
P011,W07,2026-06-15,76,89
P011,W07,2026-06-16,78,89
P011,W07,2026-06-17,91,89
P011,W07,2026-06-18,89,89
P011,W07,2026-06-19,80,89
P011,W07,2026-06-20,81,89
P011,W07,2026-06-21,81,89
P011,W07,2026-06-22,77,89
P011,W07,2026-06-23,70,89
P011,W07,2026-06-24,88,89
P011,W07,2026-06-25,97,89
P011,W07,2026-06-26,91,89
P011,W07,2026-06-27,96,89
P011,W07,2026-06-28,92,89
P011,W07,2026-06-29,83,89
P011,W07,2026-06-30,108,89
P011,W07,2026-07-01,84,91
P011,W07,2026-07-02,95,91
P011,W07,2026-07-03,93,91
P011,W07,2026-07-04,108,91
P011,W07,2026-07-05,82,91
P011,W07,2026-07-06,101,91
P011,W07,2026-07-07,84,91
P011,W07,2026-07-08,105,91
P011,W07,2026-07-09,73,91
P011,W07,2026-07-10,89,91
P011,W07,2026-07-11,95,91
P011,W07,2026-07-12,83,91
P011,W07,2026-07-13,96,91
P011,W07,2026-07-14,88,91
P011,W07,2026-07-15,82,91
P011,W07,2026-07-16,76,91
P011,W07,2026-07-17,77,91
P011,W07,2026-07-18,94,91
P011,W07,2026-07-19,91,91
P011,W07,2026-07-20,81,91
P011,W07,2026-07-21,82,91
P011,W07,2026-07-22,90,91
P011,W07,2026-07-23,82,91
P011,W07,2026-07-24,103,91
P011,W07,2026-07-25,90,91
P011,W07,2026-07-26,78,91
P011,W07,2026-07-27,84,91
P011,W07,2026-07-28,81,91
P011,W07,2026-07-29,108,91
P011,W07,2026-07-30,101,91
P011,W07,2026-07-31,99,91
P011,W07,2026-08-01,95,92
P011,W07,2026-08-02,103,92
P011,W07,2026-08-03,85,92
P011,W07,2026-08-04,98,92
P011,W07,2026-08-05,76,92
P011,W07,2026-08-06,101,92
P011,W07,2026-08-07,98,92
P011,W07,2026-08-08,92,92
P011,W07,2026-08-09,73,92
P011,W07,2026-08-10,,92
P011,W07,2026-08-11,,92
P011,W07,2026-08-12,,92
P011,W07,2026-08-13,,92
P011,W07,2026-08-14,,92
P011,W07,2026-08-15,,92
P011,W07,2026-08-16,,92
P011,W07,2026-08-17,,92
P011,W07,2026-08-18,,92
P011,W07,2026-08-19,,92
P011,W07,2026-08-20,,92
P011,W07,2026-08-21,,92
P011,W07,2026-08-22,,92
P011,W07,2026-08-23,,92
P011,W07,2026-08-24,,92
P011,W07,2026-08-25,,92
P011,W07,2026-08-26,,92
P011,W07,2026-08-27,,92
P011,W07,2026-08-28,,92
P011,W07,2026-08-29,,92
P011,W07,2026-08-30,,92
P011,W07,2026-08-31,,92
P011,W07,2026-09-01,,94
P011,W07,2026-09-02,,94
P011,W07,2026-09-03,,94
P011,W07,2026-09-04,,94
P011,W07,2026-09-05,,94
P011,W07,2026-09-06,,94
P011,W07,2026-09-07,,94
P012,W08,2026-05-12,179,178
P012,W08,2026-05-13,222,178
P012,W08,2026-05-14,168,178
P012,W08,2026-05-15,163,178
P012,W08,2026-05-16,171,178
P012,W08,2026-05-17,221,178
P012,W08,2026-05-18,170,178
P012,W08,2026-05-19,199,178
P012,W08,2026-05-20,170,178
P012,W08,2026-05-21,159,178
P012,W08,2026-05-22,183,178
P012,W08,2026-05-23,181,178
P012,W08,2026-05-24,180,178
P012,W08,2026-05-25,198,178
P012,W08,2026-05-26,204,178
P012,W08,2026-05-27,167,178
P012,W08,2026-05-28,173,178
P012,W08,2026-05-29,219,178
P012,W08,2026-05-30,209,178
P012,W08,2026-05-31,160,178
P012,W08,2026-06-01,140,164
P012,W08,2026-06-02,133,164
P012,W08,2026-06-03,189,164
P012,W08,2026-06-04,151,164
P012,W08,2026-06-05,187,164
P012,W08,2026-06-06,174,164
P012,W08,2026-06-07,177,164
P012,W08,2026-06-08,166,164
P012,W08,2026-06-09,140,164
P012,W08,2026-06-10,165,164
P012,W08,2026-06-11,152,164
P012,W08,2026-06-12,167,164
P012,W08,2026-06-13,151,164
P012,W08,2026-06-14,150,164
P012,W08,2026-06-15,171,164
P012,W08,2026-06-16,156,164
P012,W08,2026-06-17,171,164
P012,W08,2026-06-18,155,164
P012,W08,2026-06-19,173,164
P012,W08,2026-06-20,198,164
P012,W08,2026-06-21,170,164
P012,W08,2026-06-22,152,164
P012,W08,2026-06-23,155,164
P012,W08,2026-06-24,186,164
P012,W08,2026-06-25,168,164
P012,W08,2026-06-26,159,164
P012,W08,2026-06-27,143,164
P012,W08,2026-06-28,178,164
P012,W08,2026-06-29,148,164
P012,W08,2026-06-30,148,164
P012,W08,2026-07-01,197,167
P012,W08,2026-07-02,169,167
P012,W08,2026-07-03,192,167
P012,W08,2026-07-04,186,167
P012,W08,2026-07-05,167,167
P012,W08,2026-07-06,171,167
P012,W08,2026-07-07,172,167
P012,W08,2026-07-08,179,167
P012,W08,2026-07-09,181,167
P012,W08,2026-07-10,163,167
P012,W08,2026-07-11,135,167
P012,W08,2026-07-12,161,167
P012,W08,2026-07-13,157,167
P012,W08,2026-07-14,159,167
P012,W08,2026-07-15,161,167
P012,W08,2026-07-16,141,167
P012,W08,2026-07-17,163,167
P012,W08,2026-07-18,175,167
P012,W08,2026-07-19,156,167
P012,W08,2026-07-20,182,167
P012,W08,2026-07-21,183,167
P012,W08,2026-07-22,186,167
P012,W08,2026-07-23,204,167
P012,W08,2026-07-24,190,167
P012,W08,2026-07-25,137,167
P012,W08,2026-07-26,194,167
P012,W08,2026-07-27,172,167
P012,W08,2026-07-28,158,167
P012,W08,2026-07-29,180,167
P012,W08,2026-07-30,156,167
P012,W08,2026-07-31,199,167
P012,W08,2026-08-01,172,169
P012,W08,2026-08-02,202,169
P012,W08,2026-08-03,155,169
P012,W08,2026-08-04,169,169
P012,W08,2026-08-05,149,169
P012,W08,2026-08-06,191,169
P012,W08,2026-08-07,153,169
P012,W08,2026-08-08,201,169
P012,W08,2026-08-09,143,169
P012,W08,2026-08-10,,169
P012,W08,2026-08-11,,169
P012,W08,2026-08-12,,169
P012,W08,2026-08-13,,169
P012,W08,2026-08-14,,169
P012,W08,2026-08-15,,169
P012,W08,2026-08-16,,169
P012,W08,2026-08-17,,169
P012,W08,2026-08-18,,169
P012,W08,2026-08-19,,169
P012,W08,2026-08-20,,169
P012,W08,2026-08-21,,169
P012,W08,2026-08-22,,169
P012,W08,2026-08-23,,169
P012,W08,2026-08-24,,169
P012,W08,2026-08-25,,169
P012,W08,2026-08-26,,169
P012,W08,2026-08-27,,169
P012,W08,2026-08-28,,169
P012,W08,2026-08-29,,169
P012,W08,2026-08-30,,169
P012,W08,2026-08-31,,169
P012,W08,2026-09-01,,172
P012,W08,2026-09-02,,172
P012,W08,2026-09-03,,172
P012,W08,2026-09-04,,172
P012,W08,2026-09-05,,172
P012,W08,2026-09-06,,172
P012,W08,2026-09-07,,172
P017,W07,2026-05-12,141,121
P017,W07,2026-05-13,127,121
P017,W07,2026-05-14,124,121
P017,W07,2026-05-15,121,121
P017,W07,2026-05-16,97,121
P017,W07,2026-05-17,97,121
P017,W07,2026-05-18,126,121
P017,W07,2026-05-19,116,121
P017,W07,2026-05-20,127,121
P017,W07,2026-05-21,101,121
P017,W07,2026-05-22,115,121
P017,W07,2026-05-23,109,121
P017,W07,2026-05-24,144,121
P017,W07,2026-05-25,142,121
P017,W07,2026-05-26,99,121
P017,W07,2026-05-27,136,121
P017,W07,2026-05-28,116,121
P017,W07,2026-05-29,130,121
P017,W07,2026-05-30,102,121
P017,W07,2026-05-31,130,121
P017,W07,2026-06-01,101,112
P017,W07,2026-06-02,118,112
P017,W07,2026-06-03,127,112
P017,W07,2026-06-04,106,112
P017,W07,2026-06-05,132,112
P017,W07,2026-06-06,116,112
P017,W07,2026-06-07,116,112
P017,W07,2026-06-08,131,112
P017,W07,2026-06-09,104,112
P017,W07,2026-06-10,115,112
P017,W07,2026-06-11,131,112
P017,W07,2026-06-12,128,112
P017,W07,2026-06-13,88,112
P017,W07,2026-06-14,109,112
P017,W07,2026-06-15,115,112
P017,W07,2026-06-16,111,112
P017,W07,2026-06-17,115,112
P017,W07,2026-06-18,98,112
P017,W07,2026-06-19,127,112
P017,W07,2026-06-20,105,112
P017,W07,2026-06-21,94,112
P017,W07,2026-06-22,121,112
P017,W07,2026-06-23,126,112
P017,W07,2026-06-24,113,112
P017,W07,2026-06-25,113,112
P017,W07,2026-06-26,102,112
P017,W07,2026-06-27,115,112
P017,W07,2026-06-28,116,112
P017,W07,2026-06-29,121,112
P017,W07,2026-06-30,100,112
P017,W07,2026-07-01,107,113
P017,W07,2026-07-02,111,113
P017,W07,2026-07-03,124,113
P017,W07,2026-07-04,111,113
P017,W07,2026-07-05,111,113
P017,W07,2026-07-06,119,113
P017,W07,2026-07-07,120,113
P017,W07,2026-07-08,109,113
P017,W07,2026-07-09,104,113
P017,W07,2026-07-10,98,113
P017,W07,2026-07-11,107,113
P017,W07,2026-07-12,102,113
P017,W07,2026-07-13,122,113
P017,W07,2026-07-14,97,113
P017,W07,2026-07-15,115,113
P017,W07,2026-07-16,129,113
P017,W07,2026-07-17,98,113
P017,W07,2026-07-18,120,113
P017,W07,2026-07-19,102,113
P017,W07,2026-07-20,115,113
P017,W07,2026-07-21,111,113
P017,W07,2026-07-22,114,113
P017,W07,2026-07-23,112,113
P017,W07,2026-07-24,98,113
P017,W07,2026-07-25,129,113
P017,W07,2026-07-26,112,113
P017,W07,2026-07-27,128,113
P017,W07,2026-07-28,109,113
P017,W07,2026-07-29,129,113
P017,W07,2026-07-30,98,113
P017,W07,2026-07-31,120,113
P017,W07,2026-08-01,103,115
P017,W07,2026-08-02,128,115
P017,W07,2026-08-03,111,115
P017,W07,2026-08-04,112,115
P017,W07,2026-08-05,118,115
P017,W07,2026-08-06,116,115
P017,W07,2026-08-07,103,115
P017,W07,2026-08-08,113,115
P017,W07,2026-08-09,100,115
P017,W07,2026-08-10,,115
P017,W07,2026-08-11,,115
P017,W07,2026-08-12,,115
P017,W07,2026-08-13,,115
P017,W07,2026-08-14,,115
P017,W07,2026-08-15,,115
P017,W07,2026-08-16,,115
P017,W07,2026-08-17,,115
P017,W07,2026-08-18,,115
P017,W07,2026-08-19,,115
P017,W07,2026-08-20,,115
P017,W07,2026-08-21,,115
P017,W07,2026-08-22,,115
P017,W07,2026-08-23,,115
P017,W07,2026-08-24,,115
P017,W07,2026-08-25,,115
P017,W07,2026-08-26,,115
P017,W07,2026-08-27,,115
P017,W07,2026-08-28,,115
P017,W07,2026-08-29,,115
P017,W07,2026-08-30,,115
P017,W07,2026-08-31,,115
P017,W07,2026-09-01,,117
P017,W07,2026-09-02,,117
P017,W07,2026-09-03,,117
P017,W07,2026-09-04,,117
P017,W07,2026-09-05,,117
P017,W07,2026-09-06,,117
P017,W07,2026-09-07,,117
P006,W04,2026-05-12,161,186
P006,W04,2026-05-13,185,186
P006,W04,2026-05-14,178,186
P006,W04,2026-05-15,186,186
P006,W04,2026-05-16,212,186
P006,W04,2026-05-17,160,186
P006,W04,2026-05-18,194,186
P006,W04,2026-05-19,194,186
P006,W04,2026-05-20,158,186
P006,W04,2026-05-21,210,186
P006,W04,2026-05-22,211,186
P006,W04,2026-05-23,182,186
P006,W04,2026-05-24,169,186
P006,W04,2026-05-25,156,186
P006,W04,2026-05-26,188,186
P006,W04,2026-05-27,175,186
P006,W04,2026-05-28,179,186
P006,W04,2026-05-29,178,186
P006,W04,2026-05-30,187,186
P006,W04,2026-05-31,159,186
P006,W04,2026-06-01,203,172
P006,W04,2026-06-02,162,172
P006,W04,2026-06-03,149,172
P006,W04,2026-06-04,144,172
P006,W04,2026-06-05,164,172
P006,W04,2026-06-06,135,172
P006,W04,2026-06-07,177,172
P006,W04,2026-06-08,200,172
P006,W04,2026-06-09,171,172
P006,W04,2026-06-10,162,172
P006,W04,2026-06-11,188,172
P006,W04,2026-06-12,190,172
P006,W04,2026-06-13,168,172
P006,W04,2026-06-14,166,172
P006,W04,2026-06-15,174,172
P006,W04,2026-06-16,161,172
P006,W04,2026-06-17,181,172
P006,W04,2026-06-18,147,172
P006,W04,2026-06-19,204,172
P006,W04,2026-06-20,203,172
P006,W04,2026-06-21,158,172
P006,W04,2026-06-22,173,172
P006,W04,2026-06-23,167,172
P006,W04,2026-06-24,187,172
P006,W04,2026-06-25,165,172
P006,W04,2026-06-26,199,172
P006,W04,2026-06-27,184,172
P006,W04,2026-06-28,187,172
P006,W04,2026-06-29,164,172
P006,W04,2026-06-30,203,172
P006,W04,2026-07-01,189,175
P006,W04,2026-07-02,169,175
P006,W04,2026-07-03,208,175
P006,W04,2026-07-04,204,175
P006,W04,2026-07-05,147,175
P006,W04,2026-07-06,195,175
P006,W04,2026-07-07,197,175
P006,W04,2026-07-08,186,175
P006,W04,2026-07-09,202,175
P006,W04,2026-07-10,160,175
P006,W04,2026-07-11,213,175
P006,W04,2026-07-12,147,175
P006,W04,2026-07-13,184,175
P006,W04,2026-07-14,181,175
P006,W04,2026-07-15,177,175
P006,W04,2026-07-16,196,175
P006,W04,2026-07-17,170,175
P006,W04,2026-07-18,182,175
P006,W04,2026-07-19,178,175
P006,W04,2026-07-20,145,175
P006,W04,2026-07-21,160,175
P006,W04,2026-07-22,182,175
P006,W04,2026-07-23,164,175
P006,W04,2026-07-24,163,175
P006,W04,2026-07-25,177,175
P006,W04,2026-07-26,146,175
P006,W04,2026-07-27,150,175
P006,W04,2026-07-28,170,175
P006,W04,2026-07-29,185,175
P006,W04,2026-07-30,143,175
P006,W04,2026-07-31,163,175
P006,W04,2026-08-01,149,178
P006,W04,2026-08-02,164,178
P006,W04,2026-08-03,219,178
P006,W04,2026-08-04,194,178
P006,W04,2026-08-05,185,178
P006,W04,2026-08-06,162,178
P006,W04,2026-08-07,151,178
P006,W04,2026-08-08,181,178
P006,W04,2026-08-09,155,178
P006,W04,2026-08-10,,178
P006,W04,2026-08-11,,178
P006,W04,2026-08-12,,178
P006,W04,2026-08-13,,178
P006,W04,2026-08-14,,178
P006,W04,2026-08-15,,178
P006,W04,2026-08-16,,178
P006,W04,2026-08-17,,178
P006,W04,2026-08-18,,178
P006,W04,2026-08-19,,178
P006,W04,2026-08-20,,178
P006,W04,2026-08-21,,178
P006,W04,2026-08-22,,178
P006,W04,2026-08-23,,178
P006,W04,2026-08-24,,178
P006,W04,2026-08-25,,178
P006,W04,2026-08-26,,178
P006,W04,2026-08-27,,178
P006,W04,2026-08-28,,178
P006,W04,2026-08-29,,178
P006,W04,2026-08-30,,178
P006,W04,2026-08-31,,178
P006,W04,2026-09-01,,181
P006,W04,2026-09-02,,181
P006,W04,2026-09-03,,181
P006,W04,2026-09-04,,181
P006,W04,2026-09-05,,181
P006,W04,2026-09-06,,181
P006,W04,2026-09-07,,181
P015,W01,2026-05-12,61,67
P015,W01,2026-05-13,64,67
P015,W01,2026-05-14,70,67
P015,W01,2026-05-15,58,67
P015,W01,2026-05-16,72,67
P015,W01,2026-05-17,56,67
P015,W01,2026-05-18,67,67
P015,W01,2026-05-19,80,67
P015,W01,2026-05-20,61,67
P015,W01,2026-05-21,83,67
P015,W01,2026-05-22,64,67
P015,W01,2026-05-23,78,67
P015,W01,2026-05-24,66,67
P015,W01,2026-05-25,76,67
P015,W01,2026-05-26,61,67
P015,W01,2026-05-27,65,67
P015,W01,2026-05-28,77,67
P015,W01,2026-05-29,61,67
P015,W01,2026-05-30,63,67
P015,W01,2026-05-31,68,67
P015,W01,2026-06-01,55,62
P015,W01,2026-06-02,68,62
P015,W01,2026-06-03,60,62
P015,W01,2026-06-04,60,62
P015,W01,2026-06-05,69,62
P015,W01,2026-06-06,60,62
P015,W01,2026-06-07,64,62
P015,W01,2026-06-08,53,62
P015,W01,2026-06-09,65,62
P015,W01,2026-06-10,51,62
P015,W01,2026-06-11,72,62
P015,W01,2026-06-12,68,62
P015,W01,2026-06-13,52,62
P015,W01,2026-06-14,58,62
P015,W01,2026-06-15,67,62
P015,W01,2026-06-16,57,62
P015,W01,2026-06-17,55,62
P015,W01,2026-06-18,67,62
P015,W01,2026-06-19,53,62
P015,W01,2026-06-20,57,62
P015,W01,2026-06-21,72,62
P015,W01,2026-06-22,73,62
P015,W01,2026-06-23,55,62
P015,W01,2026-06-24,58,62
P015,W01,2026-06-25,61,62
P015,W01,2026-06-26,50,62
P015,W01,2026-06-27,52,62
P015,W01,2026-06-28,71,62
P015,W01,2026-06-29,60,62
P015,W01,2026-06-30,57,62
P015,W01,2026-07-01,69,63
P015,W01,2026-07-02,58,63
P015,W01,2026-07-03,72,63
P015,W01,2026-07-04,58,63
P015,W01,2026-07-05,66,63
P015,W01,2026-07-06,67,63
P015,W01,2026-07-07,73,63
P015,W01,2026-07-08,51,63
P015,W01,2026-07-09,59,63
P015,W01,2026-07-10,72,63
P015,W01,2026-07-11,59,63
P015,W01,2026-07-12,57,63
P015,W01,2026-07-13,60,63
P015,W01,2026-07-14,72,63
P015,W01,2026-07-15,73,63
P015,W01,2026-07-16,69,63
P015,W01,2026-07-17,75,63
P015,W01,2026-07-18,63,63
P015,W01,2026-07-19,55,63
P015,W01,2026-07-20,67,63
P015,W01,2026-07-21,60,63
P015,W01,2026-07-22,58,63
P015,W01,2026-07-23,78,63
P015,W01,2026-07-24,73,63
P015,W01,2026-07-25,65,63
P015,W01,2026-07-26,56,63
P015,W01,2026-07-27,53,63
P015,W01,2026-07-28,67,63
P015,W01,2026-07-29,59,63
P015,W01,2026-07-30,61,63
P015,W01,2026-07-31,56,63
P015,W01,2026-08-01,55,64
P015,W01,2026-08-02,60,64
P015,W01,2026-08-03,66,64
P015,W01,2026-08-04,64,64
P015,W01,2026-08-05,66,64
P015,W01,2026-08-06,70,64
P015,W01,2026-08-07,56,64
P015,W01,2026-08-08,64,64
P015,W01,2026-08-09,68,64
P015,W01,2026-08-10,,64
P015,W01,2026-08-11,,64
P015,W01,2026-08-12,,64
P015,W01,2026-08-13,,64
P015,W01,2026-08-14,,64
P015,W01,2026-08-15,,64
P015,W01,2026-08-16,,64
P015,W01,2026-08-17,,64
P015,W01,2026-08-18,,64
P015,W01,2026-08-19,,64
P015,W01,2026-08-20,,64
P015,W01,2026-08-21,,64
P015,W01,2026-08-22,,64
P015,W01,2026-08-23,,64
P015,W01,2026-08-24,,64
P015,W01,2026-08-25,,64
P015,W01,2026-08-26,,64
P015,W01,2026-08-27,,64
P015,W01,2026-08-28,,64
P015,W01,2026-08-29,,64
P015,W01,2026-08-30,,64
P015,W01,2026-08-31,,64
P015,W01,2026-09-01,,65
P015,W01,2026-09-02,,65
P015,W01,2026-09-03,,65
P015,W01,2026-09-04,,65
P015,W01,2026-09-05,,65
P015,W01,2026-09-06,,65
P015,W01,2026-09-07,,65
P015,W03,2026-05-12,48,55
P015,W03,2026-05-13,51,55
P015,W03,2026-05-14,55,55
P015,W03,2026-05-15,61,55
P015,W03,2026-05-16,56,55
P015,W03,2026-05-17,44,55
P015,W03,2026-05-18,52,55
P015,W03,2026-05-19,63,55
P015,W03,2026-05-20,66,55
P015,W03,2026-05-21,57,55
P015,W03,2026-05-22,60,55
P015,W03,2026-05-23,57,55
P015,W03,2026-05-24,46,55
P015,W03,2026-05-25,62,55
P015,W03,2026-05-26,58,55
P015,W03,2026-05-27,63,55
P015,W03,2026-05-28,61,55
P015,W03,2026-05-29,57,55
P015,W03,2026-05-30,54,55
P015,W03,2026-05-31,53,55
P015,W03,2026-06-01,50,51
P015,W03,2026-06-02,46,51
P015,W03,2026-06-03,51,51
P015,W03,2026-06-04,50,51
P015,W03,2026-06-05,52,51
P015,W03,2026-06-06,48,51
P015,W03,2026-06-07,42,51
P015,W03,2026-06-08,54,51
P015,W03,2026-06-09,53,51
P015,W03,2026-06-10,52,51
P015,W03,2026-06-11,45,51
P015,W03,2026-06-12,50,51
P015,W03,2026-06-13,52,51
P015,W03,2026-06-14,51,51
P015,W03,2026-06-15,44,51
P015,W03,2026-06-16,56,51
P015,W03,2026-06-17,54,51
P015,W03,2026-06-18,59,51
P015,W03,2026-06-19,58,51
P015,W03,2026-06-20,54,51
P015,W03,2026-06-21,55,51
P015,W03,2026-06-22,59,51
P015,W03,2026-06-23,55,51
P015,W03,2026-06-24,55,51
P015,W03,2026-06-25,45,51
P015,W03,2026-06-26,48,51
P015,W03,2026-06-27,47,51
P015,W03,2026-06-28,61,51
P015,W03,2026-06-29,57,51
P015,W03,2026-06-30,50,51
P015,W03,2026-07-01,48,52
P015,W03,2026-07-02,62,52
P015,W03,2026-07-03,48,52
P015,W03,2026-07-04,48,52
P015,W03,2026-07-05,54,52
P015,W03,2026-07-06,42,52
P015,W03,2026-07-07,50,52
P015,W03,2026-07-08,47,52
P015,W03,2026-07-09,57,52
P015,W03,2026-07-10,54,52
P015,W03,2026-07-11,54,52
P015,W03,2026-07-12,43,52
P015,W03,2026-07-13,54,52
P015,W03,2026-07-14,63,52
P015,W03,2026-07-15,61,52
P015,W03,2026-07-16,49,52
P015,W03,2026-07-17,44,52
P015,W03,2026-07-18,50,52
P015,W03,2026-07-19,53,52
P015,W03,2026-07-20,57,52
P015,W03,2026-07-21,45,52
P015,W03,2026-07-22,52,52
P015,W03,2026-07-23,55,52
P015,W03,2026-07-24,49,52
P015,W03,2026-07-25,56,52
P015,W03,2026-07-26,47,52
P015,W03,2026-07-27,50,52
P015,W03,2026-07-28,45,52
P015,W03,2026-07-29,55,52
P015,W03,2026-07-30,62,52
P015,W03,2026-07-31,53,52
P015,W03,2026-08-01,46,53
P015,W03,2026-08-02,50,53
P015,W03,2026-08-03,47,53
P015,W03,2026-08-04,53,53
P015,W03,2026-08-05,48,53
P015,W03,2026-08-06,48,53
P015,W03,2026-08-07,48,53
P015,W03,2026-08-08,47,53
P015,W03,2026-08-09,48,53
P015,W03,2026-08-10,,53
P015,W03,2026-08-11,,53
P015,W03,2026-08-12,,53
P015,W03,2026-08-13,,53
P015,W03,2026-08-14,,53
P015,W03,2026-08-15,,53
P015,W03,2026-08-16,,53
P015,W03,2026-08-17,,53
P015,W03,2026-08-18,,53
P015,W03,2026-08-19,,53
P015,W03,2026-08-20,,53
P015,W03,2026-08-21,,53
P015,W03,2026-08-22,,53
P015,W03,2026-08-23,,53
P015,W03,2026-08-24,,53
P015,W03,2026-08-25,,53
P015,W03,2026-08-26,,53
P015,W03,2026-08-27,,53
P015,W03,2026-08-28,,53
P015,W03,2026-08-29,,53
P015,W03,2026-08-30,,53
P015,W03,2026-08-31,,53
P015,W03,2026-09-01,,53
P015,W03,2026-09-02,,53
P015,W03,2026-09-03,,53
P015,W03,2026-09-04,,53
P015,W03,2026-09-05,,53
P015,W03,2026-09-06,,53
P015,W03,2026-09-07,,53
P011,W04,2026-05-12,57,60
P011,W04,2026-05-13,63,60
P011,W04,2026-05-14,62,60
P011,W04,2026-05-15,52,60
P011,W04,2026-05-16,56,60
P011,W04,2026-05-17,59,60
P011,W04,2026-05-18,65,60
P011,W04,2026-05-19,67,60
P011,W04,2026-05-20,58,60
P011,W04,2026-05-21,51,60
P011,W04,2026-05-22,60,60
P011,W04,2026-05-23,60,60
P011,W04,2026-05-24,65,60
P011,W04,2026-05-25,52,60
P011,W04,2026-05-26,59,60
P011,W04,2026-05-27,59,60
P011,W04,2026-05-28,71,60
P011,W04,2026-05-29,69,60
P011,W04,2026-05-30,67,60
P011,W04,2026-05-31,51,60
P011,W04,2026-06-01,51,56
P011,W04,2026-06-02,51,56
P011,W04,2026-06-03,61,56
P011,W04,2026-06-04,59,56
P011,W04,2026-06-05,55,56
P011,W04,2026-06-06,57,56
P011,W04,2026-06-07,59,56
P011,W04,2026-06-08,48,56
P011,W04,2026-06-09,57,56
P011,W04,2026-06-10,64,56
P011,W04,2026-06-11,56,56
P011,W04,2026-06-12,63,56
P011,W04,2026-06-13,53,56
P011,W04,2026-06-14,46,56
P011,W04,2026-06-15,50,56
P011,W04,2026-06-16,54,56
P011,W04,2026-06-17,59,56
P011,W04,2026-06-18,52,56
P011,W04,2026-06-19,47,56
P011,W04,2026-06-20,52,56
P011,W04,2026-06-21,55,56
P011,W04,2026-06-22,58,56
P011,W04,2026-06-23,48,56
P011,W04,2026-06-24,55,56
P011,W04,2026-06-25,54,56
P011,W04,2026-06-26,51,56
P011,W04,2026-06-27,48,56
P011,W04,2026-06-28,49,56
P011,W04,2026-06-29,50,56
P011,W04,2026-06-30,51,56
P011,W04,2026-07-01,54,56
P011,W04,2026-07-02,56,56
P011,W04,2026-07-03,60,56
P011,W04,2026-07-04,54,56
P011,W04,2026-07-05,51,56
P011,W04,2026-07-06,61,56
P011,W04,2026-07-07,53,56
P011,W04,2026-07-08,57,56
P011,W04,2026-07-09,51,56
P011,W04,2026-07-10,47,56
P011,W04,2026-07-11,66,56
P011,W04,2026-07-12,64,56
P011,W04,2026-07-13,47,56
P011,W04,2026-07-14,56,56
P011,W04,2026-07-15,62,56
P011,W04,2026-07-16,58,56
P011,W04,2026-07-17,59,56
P011,W04,2026-07-18,49,56
P011,W04,2026-07-19,52,56
P011,W04,2026-07-20,62,56
P011,W04,2026-07-21,64,56
P011,W04,2026-07-22,59,56
P011,W04,2026-07-23,63,56
P011,W04,2026-07-24,56,56
P011,W04,2026-07-25,61,56
P011,W04,2026-07-26,52,56
P011,W04,2026-07-27,51,56
P011,W04,2026-07-28,54,56
P011,W04,2026-07-29,57,56
P011,W04,2026-07-30,66,56
P011,W04,2026-07-31,51,56
P011,W04,2026-08-01,55,57
P011,W04,2026-08-02,53,57
P011,W04,2026-08-03,64,57
P011,W04,2026-08-04,62,57
P011,W04,2026-08-05,52,57
P011,W04,2026-08-06,67,57
P011,W04,2026-08-07,58,57
P011,W04,2026-08-08,64,57
P011,W04,2026-08-09,62,57
P011,W04,2026-08-10,,57
P011,W04,2026-08-11,,57
P011,W04,2026-08-12,,57
P011,W04,2026-08-13,,57
P011,W04,2026-08-14,,57
P011,W04,2026-08-15,,57
P011,W04,2026-08-16,,57
P011,W04,2026-08-17,,57
P011,W04,2026-08-18,,57
P011,W04,2026-08-19,,57
P011,W04,2026-08-20,,57
P011,W04,2026-08-21,,57
P011,W04,2026-08-22,,57
P011,W04,2026-08-23,,57
P011,W04,2026-08-24,,57
P011,W04,2026-08-25,,57
P011,W04,2026-08-26,,57
P011,W04,2026-08-27,,57
P011,W04,2026-08-28,,57
P011,W04,2026-08-29,,57
P011,W04,2026-08-30,,57
P011,W04,2026-08-31,,57
P011,W04,2026-09-01,,58
P011,W04,2026-09-02,,58
P011,W04,2026-09-03,,58
P011,W04,2026-09-04,,58
P011,W04,2026-09-05,,58
P011,W04,2026-09-06,,58
P011,W04,2026-09-07,,58
